2025-12-19 14:20:41 - __main__ - INFO - ============================================================
2025-12-19 14:20:41 - __main__ - INFO -   Keyence MD-X2000 Laser Marker Communication Script
2025-12-19 14:20:41 - __main__ - INFO - ============================================================
2025-12-19 14:20:41 - __main__ - INFO - ==================================================
2025-12-19 14:20:41 - __main__ - INFO - Testing Connections
2025-12-19 14:20:41 - __main__ - INFO - ==================================================
2025-12-19 14:20:41 - __main__ - INFO - 
[1] Testing Keyence MD-X2000 connection...
2025-12-19 14:20:41 - __main__ - INFO -     Host: 192.168.0.10:50002
2025-12-19 14:20:41 - keyence_client - INFO - Connecting to Keyence MD-X2000 at 192.168.0.10:50002
2025-12-19 14:20:51 - __main__ - ERROR -     ✗ Connection failed: Connection timeout to 192.168.0.10:50002
2025-12-19 14:20:51 - __main__ - INFO - 
[2] Testing API connection...
2025-12-19 14:20:51 - __main__ - INFO -     Endpoint: http://your-api-endpoint.com/api/marking-data
2025-12-19 14:20:51 - __main__ - WARNING -     ! API endpoint not configured
2025-12-19 14:20:51 - __main__ - INFO - 
==================================================
2025-12-19 14:20:51 - __main__ - INFO - Connection Test Results:
2025-12-19 14:20:51 - __main__ - INFO -   Keyence: FAILED
2025-12-19 14:20:51 - __main__ - INFO -   API: NOT CONFIGURED/FAILED
2025-12-19 14:20:51 - __main__ - INFO - ==================================================
2025-12-19 14:20:51 - keyence_client - INFO - Disconnected from Keyence MD-X2000
2025-12-19 14:20:51 - api_client - INFO - API client session closed
2025-12-19 14:23:06 - __main__ - INFO - ============================================================
2025-12-19 14:23:06 - __main__ - INFO -   Keyence MD-X2000 Laser Marker Communication Script
2025-12-19 14:23:06 - __main__ - INFO - ============================================================
2025-12-19 14:23:06 - __main__ - INFO - ==================================================
2025-12-19 14:23:06 - __main__ - INFO - Testing Connections
2025-12-19 14:23:06 - __main__ - INFO - ==================================================
2025-12-19 14:23:06 - __main__ - INFO - 
[1] Testing Keyence MD-X2000 connection...
2025-12-19 14:23:06 - __main__ - INFO -     Host: 192.168.0.10:50002
2025-12-19 14:23:06 - keyence_client - INFO - Connecting to Keyence MD-X2000 at 192.168.0.10:50002
2025-12-19 14:23:16 - __main__ - ERROR -     [FAILED] Connection failed: Connection timeout to 192.168.0.10:50002
2025-12-19 14:23:16 - __main__ - INFO - 
[2] Testing API connection...
2025-12-19 14:23:16 - __main__ - INFO -     Endpoint: http://your-api-endpoint.com/api/marking-data
2025-12-19 14:23:16 - __main__ - WARNING -     [!] API endpoint not configured
2025-12-19 14:23:16 - __main__ - INFO - 
==================================================
2025-12-19 14:23:16 - __main__ - INFO - Connection Test Results:
2025-12-19 14:23:16 - __main__ - INFO -   Keyence: FAILED
2025-12-19 14:23:16 - __main__ - INFO -   API: NOT CONFIGURED/FAILED
2025-12-19 14:23:16 - __main__ - INFO - ==================================================
2025-12-19 14:23:16 - keyence_client - INFO - Disconnected from Keyence MD-X2000
2025-12-19 14:23:16 - api_client - INFO - API client session closed
2025-12-19 15:03:04 - __main__ - INFO - ============================================================
2025-12-19 15:03:04 - __main__ - INFO -   Keyence MD-X2000 Laser Marker Communication Script
2025-12-19 15:03:04 - __main__ - INFO - ============================================================
2025-12-19 15:03:04 - __main__ - INFO - ==================================================
2025-12-19 15:03:04 - __main__ - INFO - Testing Connections
2025-12-19 15:03:04 - __main__ - INFO - ==================================================
2025-12-19 15:03:04 - __main__ - INFO - 
[1] Testing Keyence MD-X2000 connection...
2025-12-19 15:03:04 - __main__ - INFO -     Host: 192.168.0.10:50002
2025-12-19 15:03:04 - keyence_client - INFO - Connecting to Keyence MD-X2000 at 192.168.0.10:50002
2025-12-19 15:03:14 - __main__ - ERROR -     [FAILED] Connection failed: Connection timeout to 192.168.0.10:50002
2025-12-19 15:03:14 - __main__ - INFO - 
[2] Testing API connection...
2025-12-19 15:03:14 - __main__ - INFO -     Endpoint: http://your-api-endpoint.com/api/marking-data
2025-12-19 15:03:14 - __main__ - WARNING -     [!] API endpoint not configured
2025-12-19 15:03:14 - __main__ - INFO - 
==================================================
2025-12-19 15:03:14 - __main__ - INFO - Connection Test Results:
2025-12-19 15:03:14 - __main__ - INFO -   Keyence: FAILED
2025-12-19 15:03:14 - __main__ - INFO -   API: NOT CONFIGURED/FAILED
2025-12-19 15:03:14 - __main__ - INFO - ==================================================
2025-12-19 15:03:14 - keyence_client - INFO - Disconnected from Keyence MD-X2000
2025-12-19 15:03:14 - api_client - INFO - API client session closed
2025-12-19 15:03:50 - __main__ - INFO - ============================================================
2025-12-19 15:03:50 - __main__ - INFO -   Keyence MD-X2000 Laser Marker Communication Script
2025-12-19 15:03:50 - __main__ - INFO - ============================================================
2025-12-19 15:03:50 - __main__ - INFO - ==================================================
2025-12-19 15:03:50 - __main__ - INFO - Testing Connections
2025-12-19 15:03:50 - __main__ - INFO - ==================================================
2025-12-19 15:03:50 - __main__ - INFO - 
[1] Testing Keyence MD-X2000 connection...
2025-12-19 15:03:50 - __main__ - INFO -     Host: 192.168.0.20:50002
2025-12-19 15:03:50 - keyence_client - INFO - Connecting to Keyence MD-X2000 at 192.168.0.20:50002
2025-12-19 15:03:50 - keyence_client - INFO - Successfully connected to Keyence MD-X2000
2025-12-19 15:03:50 - keyence_client - ERROR - Failed to get ready status: Format Error
2025-12-19 15:03:50 - __main__ - INFO -     [OK] Connected successfully!
2025-12-19 15:03:50 - __main__ - INFO -     [OK] Laser marker status: ERROR
2025-12-19 15:03:50 - __main__ - WARNING -     [!] Error status: Format Error
2025-12-19 15:03:50 - keyence_client - INFO - Disconnected from Keyence MD-X2000
2025-12-19 15:03:50 - __main__ - INFO - 
[2] Testing API connection...
2025-12-19 15:03:50 - __main__ - INFO -     Endpoint: http://your-api-endpoint.com/api/marking-data
2025-12-19 15:03:50 - __main__ - WARNING -     [!] API endpoint not configured
2025-12-19 15:03:50 - __main__ - INFO - 
==================================================
2025-12-19 15:03:50 - __main__ - INFO - Connection Test Results:
2025-12-19 15:03:50 - __main__ - INFO -   Keyence: OK
2025-12-19 15:03:50 - __main__ - INFO -   API: NOT CONFIGURED/FAILED
2025-12-19 15:03:50 - __main__ - INFO - ==================================================
2025-12-19 15:03:50 - api_client - INFO - API client session closed
2025-12-19 15:06:51 - __main__ - INFO - ============================================================
2025-12-19 15:06:51 - __main__ - INFO -   Keyence MD-X2000 Laser Marker Communication Script
2025-12-19 15:06:51 - __main__ - INFO - ============================================================
2025-12-19 15:06:51 - __main__ - INFO - ==================================================
2025-12-19 15:06:51 - __main__ - INFO - Testing Connections
2025-12-19 15:06:51 - __main__ - INFO - ==================================================
2025-12-19 15:06:51 - __main__ - INFO - 
[1] Testing Keyence MD-X2000 connection...
2025-12-19 15:06:51 - __main__ - INFO -     Host: 192.168.0.20:50002
2025-12-19 15:06:51 - keyence_client - INFO - Connecting to Keyence MD-X2000 at 192.168.0.20:50002
2025-12-19 15:06:51 - keyence_client - INFO - Successfully connected to Keyence MD-X2000
2025-12-19 15:06:51 - keyence_client - ERROR - Failed to get ready status: Format Error
2025-12-19 15:06:51 - __main__ - INFO -     [OK] Connected successfully!
2025-12-19 15:06:51 - __main__ - INFO -     [OK] Laser marker status: ERROR
2025-12-19 15:06:51 - __main__ - WARNING -     [!] Error status: Format Error
2025-12-19 15:06:51 - keyence_client - INFO - Disconnected from Keyence MD-X2000
2025-12-19 15:06:51 - __main__ - INFO - 
[2] Testing API connection...
2025-12-19 15:06:51 - __main__ - INFO -     Endpoint: http://your-api-endpoint.com/api/marking-data
2025-12-19 15:06:51 - __main__ - WARNING -     [!] API endpoint not configured
2025-12-19 15:06:51 - __main__ - INFO - 
==================================================
2025-12-19 15:06:51 - __main__ - INFO - Connection Test Results:
2025-12-19 15:06:51 - __main__ - INFO -   Keyence: OK
2025-12-19 15:06:51 - __main__ - INFO -   API: NOT CONFIGURED/FAILED
2025-12-19 15:06:51 - __main__ - INFO - ==================================================
2025-12-19 15:06:51 - api_client - INFO - API client session closed
2025-12-19 15:07:11 - __main__ - INFO - ============================================================
2025-12-19 15:07:11 - __main__ - INFO -   Keyence MD-X2000 Laser Marker Communication Script
2025-12-19 15:07:11 - __main__ - INFO - ============================================================
2025-12-19 15:07:11 - __main__ - INFO - ==================================================
2025-12-19 15:07:11 - __main__ - INFO - Testing Connections
2025-12-19 15:07:11 - __main__ - INFO - ==================================================
2025-12-19 15:07:11 - __main__ - INFO - 
[1] Testing Keyence MD-X2000 connection...
2025-12-19 15:07:11 - __main__ - INFO -     Host: 192.168.0.20:50002
2025-12-19 15:07:11 - keyence_client - INFO - Connecting to Keyence MD-X2000 at 192.168.0.20:50002
2025-12-19 15:07:11 - keyence_client - INFO - Successfully connected to Keyence MD-X2000
2025-12-19 15:07:11 - keyence_client - DEBUG - Sent command: RX,0,RS
2025-12-19 15:07:11 - keyence_client - DEBUG - Received response: RX,NG,S026,Format Error
2025-12-19 15:07:11 - keyence_client - ERROR - Failed to get ready status: Format Error
2025-12-19 15:07:11 - __main__ - INFO -     [OK] Connected successfully!
2025-12-19 15:07:11 - __main__ - INFO -     [OK] Laser marker status: ERROR
2025-12-19 15:07:11 - keyence_client - DEBUG - Sent command: RX,0,ES
2025-12-19 15:07:11 - keyence_client - DEBUG - Received response: RX,NG,S026,Format Error
2025-12-19 15:07:11 - __main__ - WARNING -     [!] Error status: Format Error
2025-12-19 15:07:11 - keyence_client - INFO - Disconnected from Keyence MD-X2000
2025-12-19 15:07:11 - __main__ - INFO - 
[2] Testing API connection...
2025-12-19 15:07:11 - __main__ - INFO -     Endpoint: http://your-api-endpoint.com/api/marking-data
2025-12-19 15:07:11 - __main__ - WARNING -     [!] API endpoint not configured
2025-12-19 15:07:11 - __main__ - INFO - 
==================================================
2025-12-19 15:07:11 - __main__ - INFO - Connection Test Results:
2025-12-19 15:07:11 - __main__ - INFO -   Keyence: OK
2025-12-19 15:07:11 - __main__ - INFO -   API: NOT CONFIGURED/FAILED
2025-12-19 15:07:11 - __main__ - INFO - ==================================================
2025-12-19 15:07:11 - api_client - INFO - API client session closed
2025-12-19 15:08:05 - __main__ - INFO - ============================================================
2025-12-19 15:08:05 - __main__ - INFO -   Keyence MD-X2000 Laser Marker Communication Script
2025-12-19 15:08:05 - __main__ - INFO - ============================================================
2025-12-19 15:08:05 - __main__ - INFO - ==================================================
2025-12-19 15:08:05 - __main__ - INFO - Testing Connections
2025-12-19 15:08:05 - __main__ - INFO - ==================================================
2025-12-19 15:08:05 - __main__ - INFO - 
[1] Testing Keyence MD-X2000 connection...
2025-12-19 15:08:05 - __main__ - INFO -     Host: 192.168.0.20:50002
2025-12-19 15:08:05 - keyence_client - INFO - Connecting to Keyence MD-X2000 at 192.168.0.20:50002
2025-12-19 15:08:05 - keyence_client - INFO - Successfully connected to Keyence MD-X2000
2025-12-19 15:08:05 - keyence_client - DEBUG - Trying command format: RS
2025-12-19 15:08:05 - keyence_client - DEBUG - Sent command: RS
2025-12-19 15:08:05 - keyence_client - DEBUG - Received response: RS,1,S027
2025-12-19 15:08:05 - keyence_client - WARNING - Unexpected status response: RS,1,S027
2025-12-19 15:08:05 - __main__ - INFO -     [OK] Connected successfully!
2025-12-19 15:08:05 - __main__ - INFO -     [OK] Laser marker status: UNKNOWN
2025-12-19 15:08:05 - keyence_client - DEBUG - Sent command: RX,0,ES
2025-12-19 15:08:05 - keyence_client - DEBUG - Received response: RX,NG,S026,Format Error
2025-12-19 15:08:05 - __main__ - WARNING -     [!] Error status: Format Error
2025-12-19 15:08:05 - keyence_client - INFO - Disconnected from Keyence MD-X2000
2025-12-19 15:08:05 - __main__ - INFO - 
[2] Testing API connection...
2025-12-19 15:08:05 - __main__ - INFO -     Endpoint: http://your-api-endpoint.com/api/marking-data
2025-12-19 15:08:05 - __main__ - WARNING -     [!] API endpoint not configured
2025-12-19 15:08:05 - __main__ - INFO - 
==================================================
2025-12-19 15:08:05 - __main__ - INFO - Connection Test Results:
2025-12-19 15:08:05 - __main__ - INFO -   Keyence: OK
2025-12-19 15:08:05 - __main__ - INFO -   API: NOT CONFIGURED/FAILED
2025-12-19 15:08:05 - __main__ - INFO - ==================================================
2025-12-19 15:08:05 - api_client - INFO - API client session closed
2025-12-19 15:09:18 - __main__ - INFO - ============================================================
2025-12-19 15:09:18 - __main__ - INFO -   Keyence MD-X2000 Laser Marker Communication Script
2025-12-19 15:09:18 - __main__ - INFO - ============================================================
2025-12-19 15:09:18 - __main__ - INFO - ==================================================
2025-12-19 15:09:18 - __main__ - INFO - Testing Connections
2025-12-19 15:09:18 - __main__ - INFO - ==================================================
2025-12-19 15:09:18 - __main__ - INFO - 
[1] Testing Keyence MD-X2000 connection...
2025-12-19 15:09:18 - __main__ - INFO -     Host: 192.168.0.20:50002
2025-12-19 15:09:18 - keyence_client - INFO - Connecting to Keyence MD-X2000 at 192.168.0.20:50002
2025-12-19 15:09:18 - keyence_client - INFO - Successfully connected to Keyence MD-X2000
2025-12-19 15:09:18 - keyence_client - DEBUG - Sent command: RS
2025-12-19 15:09:18 - keyence_client - DEBUG - Received response: RS,1,S027
2025-12-19 15:09:18 - keyence_client - DEBUG - Ready status parts: ['RS', '1', 'S027']
2025-12-19 15:09:18 - __main__ - INFO -     [OK] Connected successfully!
2025-12-19 15:09:18 - __main__ - INFO -     [OK] Laser marker status: ERROR
2025-12-19 15:09:18 - keyence_client - DEBUG - Sent command: ES
2025-12-19 15:09:18 - keyence_client - DEBUG - Received response: ES,0,000000025
2025-12-19 15:09:18 - keyence_client - DEBUG - Error status parts: ['ES', '0', '000000025']
2025-12-19 15:09:18 - __main__ - INFO -     [OK] No errors detected
2025-12-19 15:09:18 - keyence_client - INFO - Disconnected from Keyence MD-X2000
2025-12-19 15:09:18 - __main__ - INFO - 
[2] Testing API connection...
2025-12-19 15:09:18 - __main__ - INFO -     Endpoint: http://your-api-endpoint.com/api/marking-data
2025-12-19 15:09:18 - __main__ - WARNING -     [!] API endpoint not configured
2025-12-19 15:09:18 - __main__ - INFO - 
==================================================
2025-12-19 15:09:18 - __main__ - INFO - Connection Test Results:
2025-12-19 15:09:18 - __main__ - INFO -   Keyence: OK
2025-12-19 15:09:18 - __main__ - INFO -   API: NOT CONFIGURED/FAILED
2025-12-19 15:09:18 - __main__ - INFO - ==================================================
2025-12-19 15:09:18 - api_client - INFO - API client session closed
2025-12-19 15:09:51 - __main__ - INFO - ============================================================
2025-12-19 15:09:51 - __main__ - INFO -   Keyence MD-X2000 Laser Marker Communication Script
2025-12-19 15:09:51 - __main__ - INFO - ============================================================
2025-12-19 15:09:51 - keyence_client - INFO - Connecting to Keyence MD-X2000 at 192.168.0.20:50002
2025-12-19 15:09:51 - keyence_client - INFO - Successfully connected to Keyence MD-X2000
2025-12-19 15:09:51 - __main__ - INFO - Reading laser marker status...
2025-12-19 15:09:51 - keyence_client - DEBUG - Sent command: RS
2025-12-19 15:09:51 - keyence_client - DEBUG - Received response: RS,1,S027
2025-12-19 15:09:51 - keyence_client - DEBUG - Ready status parts: ['RS', '1', 'S027']
2025-12-19 15:09:51 - __main__ - INFO - Status: ERROR
2025-12-19 15:09:51 - __main__ - INFO - Reading marking data...
2025-12-19 15:09:51 - keyence_client - DEBUG - Sent command: RS
2025-12-19 15:09:51 - keyence_client - DEBUG - Received response: RS,1,S027
2025-12-19 15:09:51 - keyence_client - DEBUG - Ready status parts: ['RS', '1', 'S027']
2025-12-19 15:09:51 - keyence_client - DEBUG - Sent command: ES
2025-12-19 15:09:51 - keyence_client - DEBUG - Received response: ES,0,000000025
2025-12-19 15:09:51 - keyence_client - DEBUG - Error status parts: ['ES', '0', '000000025']
2025-12-19 15:09:51 - __main__ - INFO -   Status: ERROR
2025-12-19 15:09:51 - __main__ - INFO -   Marking Text: ''
2025-12-19 15:09:51 - __main__ - INFO -   Job Number: 0
2025-12-19 15:09:51 - __main__ - WARNING - API endpoint not configured. Skipping API send.
2025-12-19 15:09:51 - __main__ - INFO - Configure API_ENDPOINT in config.py to enable API sending.
2025-12-19 15:09:51 - __main__ - INFO - 
==================================================
2025-12-19 15:09:51 - __main__ - INFO - Summary:
2025-12-19 15:09:51 - __main__ - INFO -   Status: ERROR
2025-12-19 15:09:51 - __main__ - INFO -   Marking Text: ''
2025-12-19 15:09:51 - __main__ - INFO -   Job Number: 0
2025-12-19 15:09:51 - __main__ - INFO - ==================================================
2025-12-19 15:09:51 - keyence_client - INFO - Disconnected from Keyence MD-X2000
2025-12-19 15:09:51 - api_client - INFO - API client session closed
2025-12-19 16:28:59 - __main__ - INFO - ============================================================
2025-12-19 16:28:59 - __main__ - INFO -   Keyence MD-X2000 Laser Marker Communication Script
2025-12-19 16:28:59 - __main__ - INFO - ============================================================
2025-12-19 16:28:59 - __main__ - INFO - ==================================================
2025-12-19 16:28:59 - __main__ - INFO - Starting continuous monitoring mode
2025-12-19 16:28:59 - __main__ - INFO - Poll interval: 1.0 seconds
2025-12-19 16:28:59 - __main__ - INFO - Press Ctrl+C to stop
2025-12-19 16:28:59 - __main__ - INFO - ==================================================
2025-12-19 16:28:59 - __main__ - INFO - Connecting to laser marker...
2025-12-19 16:28:59 - keyence_client - INFO - Connecting to Keyence MD-X2000 at 192.168.0.20:50002
2025-12-19 16:28:59 - keyence_client - INFO - Successfully connected to Keyence MD-X2000
2025-12-19 16:28:59 - __main__ - INFO - [2025-12-19 16:28:59] Status: ERROR | Text: '' | Job: 0
2025-12-19 16:29:00 - __main__ - INFO - [2025-12-19 16:29:00] Status: ERROR | Text: '' | Job: 0
2025-12-19 16:29:01 - __main__ - INFO - [2025-12-19 16:29:01] Status: ERROR | Text: '' | Job: 0
2025-12-19 16:29:02 - __main__ - INFO - [2025-12-19 16:29:02] Status: ERROR | Text: '' | Job: 0
2025-12-19 16:29:03 - __main__ - INFO - [2025-12-19 16:29:03] Status: ERROR | Text: '' | Job: 0
2025-12-19 16:29:04 - __main__ - INFO - [2025-12-19 16:29:04] Status: ERROR | Text: '' | Job: 0
2025-12-19 16:29:05 - __main__ - INFO - [2025-12-19 16:29:05] Status: ERROR | Text: '' | Job: 0
2025-12-19 16:29:06 - __main__ - INFO - [2025-12-19 16:29:06] Status: ERROR | Text: '' | Job: 0
2025-12-19 16:29:07 - __main__ - INFO - [2025-12-19 16:29:07] Status: ERROR | Text: '' | Job: 0
2025-12-19 16:29:08 - __main__ - INFO - [2025-12-19 16:29:08] Status: ERROR | Text: '' | Job: 0
2025-12-19 16:29:09 - __main__ - INFO - [2025-12-19 16:29:09] Status: ERROR | Text: '' | Job: 0
2025-12-19 16:29:10 - __main__ - INFO - [2025-12-19 16:29:10] Status: ERROR | Text: '' | Job: 0
2025-12-19 16:29:11 - __main__ - INFO - [2025-12-19 16:29:11] Status: ERROR | Text: '' | Job: 0
2025-12-19 16:29:12 - __main__ - INFO - [2025-12-19 16:29:12] Status: ERROR | Text: '' | Job: 0
2025-12-19 16:29:14 - __main__ - INFO - [2025-12-19 16:29:14] Status: ERROR | Text: '' | Job: 0
2025-12-19 16:29:15 - __main__ - INFO - [2025-12-19 16:29:15] Status: ERROR | Text: '' | Job: 0
2025-12-19 16:29:16 - __main__ - INFO - [2025-12-19 16:29:16] Status: ERROR | Text: '' | Job: 0
2025-12-19 16:29:17 - __main__ - INFO - [2025-12-19 16:29:17] Status: ERROR | Text: '' | Job: 0
2025-12-19 16:29:18 - __main__ - INFO - [2025-12-19 16:29:18] Status: ERROR | Text: '' | Job: 0
2025-12-19 16:29:19 - __main__ - INFO - [2025-12-19 16:29:19] Status: ERROR | Text: '' | Job: 0
2025-12-19 16:29:20 - __main__ - INFO - [2025-12-19 16:29:20] Status: ERROR | Text: '' | Job: 0
2025-12-19 16:29:21 - __main__ - INFO - [2025-12-19 16:29:21] Status: ERROR | Text: '' | Job: 0
2025-12-19 16:29:22 - __main__ - INFO - [2025-12-19 16:29:22] Status: ERROR | Text: '' | Job: 0
2025-12-19 16:29:23 - __main__ - INFO - [2025-12-19 16:29:23] Status: ERROR | Text: '' | Job: 0
2025-12-19 16:29:24 - __main__ - INFO - [2025-12-19 16:29:24] Status: ERROR | Text: '' | Job: 0
2025-12-19 16:29:25 - __main__ - INFO - [2025-12-19 16:29:25] Status: ERROR | Text: '' | Job: 0
2025-12-19 16:29:26 - __main__ - INFO - [2025-12-19 16:29:26] Status: ERROR | Text: '' | Job: 0
2025-12-19 16:29:27 - __main__ - INFO - [2025-12-19 16:29:27] Status: ERROR | Text: '' | Job: 0
2025-12-19 16:29:28 - __main__ - INFO - [2025-12-19 16:29:28] Status: ERROR | Text: '' | Job: 0
2025-12-19 16:29:29 - __main__ - INFO - [2025-12-19 16:29:29] Status: ERROR | Text: '' | Job: 0
2025-12-19 16:29:30 - __main__ - INFO - [2025-12-19 16:29:30] Status: ERROR | Text: '' | Job: 0
2025-12-19 16:29:31 - __main__ - INFO - [2025-12-19 16:29:31] Status: ERROR | Text: '' | Job: 0
2025-12-19 16:29:32 - __main__ - INFO - [2025-12-19 16:29:32] Status: ERROR | Text: '' | Job: 0
2025-12-19 16:29:33 - __main__ - INFO - [2025-12-19 16:29:33] Status: ERROR | Text: '' | Job: 0
2025-12-19 16:29:34 - __main__ - INFO - [2025-12-19 16:29:34] Status: ERROR | Text: '' | Job: 0
2025-12-19 16:29:35 - __main__ - INFO - [2025-12-19 16:29:35] Status: ERROR | Text: '' | Job: 0
2025-12-19 16:29:36 - __main__ - INFO - [2025-12-19 16:29:36] Status: ERROR | Text: '' | Job: 0
2025-12-19 16:29:37 - __main__ - INFO - [2025-12-19 16:29:37] Status: ERROR | Text: '' | Job: 0
2025-12-19 16:29:38 - __main__ - INFO - [2025-12-19 16:29:38] Status: ERROR | Text: '' | Job: 0
2025-12-19 16:29:39 - __main__ - INFO - [2025-12-19 16:29:39] Status: ERROR | Text: '' | Job: 0
2025-12-19 16:29:40 - __main__ - INFO - [2025-12-19 16:29:40] Status: ERROR | Text: '' | Job: 0
2025-12-19 16:29:41 - __main__ - INFO - [2025-12-19 16:29:41] Status: ERROR | Text: '' | Job: 0
2025-12-19 16:29:42 - __main__ - INFO - [2025-12-19 16:29:42] Status: ERROR | Text: '' | Job: 0
2025-12-19 16:29:43 - __main__ - INFO - [2025-12-19 16:29:43] Status: ERROR | Text: '' | Job: 0
2025-12-19 16:29:44 - __main__ - INFO - [2025-12-19 16:29:44] Status: ERROR | Text: '' | Job: 0
2025-12-19 16:29:45 - __main__ - INFO - [2025-12-19 16:29:45] Status: ERROR | Text: '' | Job: 0
2025-12-19 16:29:46 - __main__ - INFO - [2025-12-19 16:29:46] Status: ERROR | Text: '' | Job: 0
2025-12-19 16:29:47 - __main__ - INFO - [2025-12-19 16:29:47] Status: ERROR | Text: '' | Job: 0
2025-12-19 16:29:48 - __main__ - INFO - [2025-12-19 16:29:48] Status: ERROR | Text: '' | Job: 0
2025-12-19 16:29:49 - __main__ - INFO - [2025-12-19 16:29:49] Status: ERROR | Text: '' | Job: 0
2025-12-19 16:29:50 - __main__ - INFO - [2025-12-19 16:29:50] Status: ERROR | Text: '' | Job: 0
2025-12-19 16:29:51 - __main__ - INFO - [2025-12-19 16:29:51] Status: ERROR | Text: '' | Job: 0
2025-12-19 16:29:52 - __main__ - INFO - [2025-12-19 16:29:52] Status: ERROR | Text: '' | Job: 0
2025-12-19 16:29:53 - __main__ - INFO - [2025-12-19 16:29:53] Status: ERROR | Text: '' | Job: 0
2025-12-19 16:29:54 - __main__ - INFO - [2025-12-19 16:29:54] Status: ERROR | Text: '' | Job: 0
2025-12-19 16:29:55 - __main__ - INFO - [2025-12-19 16:29:55] Status: ERROR | Text: '' | Job: 0
2025-12-19 16:29:56 - __main__ - INFO - [2025-12-19 16:29:56] Status: ERROR | Text: '' | Job: 0
2025-12-19 16:29:57 - __main__ - INFO - [2025-12-19 16:29:57] Status: ERROR | Text: '' | Job: 0
2025-12-19 16:29:58 - __main__ - INFO - [2025-12-19 16:29:58] Status: ERROR | Text: '' | Job: 0
2025-12-19 16:29:59 - __main__ - INFO - [2025-12-19 16:29:59] Status: ERROR | Text: '' | Job: 0
2025-12-19 16:30:00 - __main__ - INFO - [2025-12-19 16:30:00] Status: ERROR | Text: '' | Job: 0
2025-12-19 16:30:01 - __main__ - INFO - [2025-12-19 16:30:01] Status: ERROR | Text: '' | Job: 0
2025-12-19 16:30:02 - __main__ - INFO - [2025-12-19 16:30:02] Status: ERROR | Text: '' | Job: 0
2025-12-19 16:30:03 - __main__ - INFO - [2025-12-19 16:30:03] Status: ERROR | Text: '' | Job: 0
2025-12-19 16:30:04 - __main__ - INFO - [2025-12-19 16:30:04] Status: ERROR | Text: '' | Job: 0
2025-12-19 16:30:05 - __main__ - INFO - [2025-12-19 16:30:05] Status: ERROR | Text: '' | Job: 0
2025-12-19 16:30:06 - __main__ - INFO - [2025-12-19 16:30:06] Status: ERROR | Text: '' | Job: 0
2025-12-19 16:30:07 - __main__ - INFO - [2025-12-19 16:30:07] Status: ERROR | Text: '' | Job: 0
2025-12-19 16:30:08 - __main__ - INFO - [2025-12-19 16:30:08] Status: ERROR | Text: '' | Job: 0
2025-12-19 16:30:09 - __main__ - INFO - [2025-12-19 16:30:09] Status: ERROR | Text: '' | Job: 0
2025-12-19 16:30:10 - __main__ - INFO - [2025-12-19 16:30:10] Status: ERROR | Text: '' | Job: 0
2025-12-19 16:30:11 - __main__ - INFO - [2025-12-19 16:30:11] Status: ERROR | Text: '' | Job: 0
2025-12-19 16:30:12 - __main__ - INFO - [2025-12-19 16:30:12] Status: ERROR | Text: '' | Job: 0
2025-12-19 16:30:13 - __main__ - INFO - [2025-12-19 16:30:13] Status: ERROR | Text: '' | Job: 0
2025-12-19 16:30:14 - __main__ - INFO - [2025-12-19 16:30:14] Status: ERROR | Text: '' | Job: 0
2025-12-19 16:30:15 - __main__ - INFO - [2025-12-19 16:30:15] Status: ERROR | Text: '' | Job: 0
2025-12-19 16:30:16 - __main__ - INFO - [2025-12-19 16:30:16] Status: ERROR | Text: '' | Job: 0
2025-12-19 16:30:17 - __main__ - INFO - [2025-12-19 16:30:17] Status: ERROR | Text: '' | Job: 0
2025-12-19 16:30:18 - __main__ - INFO - [2025-12-19 16:30:18] Status: ERROR | Text: '' | Job: 0
2025-12-19 16:30:19 - __main__ - INFO - [2025-12-19 16:30:19] Status: ERROR | Text: '' | Job: 0
2025-12-19 16:30:20 - __main__ - INFO - [2025-12-19 16:30:20] Status: ERROR | Text: '' | Job: 0
2025-12-19 16:30:21 - __main__ - INFO - [2025-12-19 16:30:21] Status: ERROR | Text: '' | Job: 0
2025-12-19 16:30:22 - __main__ - INFO - [2025-12-19 16:30:22] Status: ERROR | Text: '' | Job: 0
2025-12-19 16:30:23 - __main__ - INFO - [2025-12-19 16:30:23] Status: ERROR | Text: '' | Job: 0
2025-12-19 16:30:24 - __main__ - INFO - [2025-12-19 16:30:24] Status: ERROR | Text: '' | Job: 0
2025-12-19 16:30:25 - __main__ - INFO - [2025-12-19 16:30:25] Status: ERROR | Text: '' | Job: 0
2025-12-19 16:30:26 - __main__ - INFO - [2025-12-19 16:30:26] Status: ERROR | Text: '' | Job: 0
2025-12-19 16:30:27 - __main__ - INFO - [2025-12-19 16:30:27] Status: ERROR | Text: '' | Job: 0
2025-12-19 16:30:28 - __main__ - INFO - [2025-12-19 16:30:28] Status: ERROR | Text: '' | Job: 0
2025-12-19 16:30:29 - __main__ - INFO - [2025-12-19 16:30:29] Status: ERROR | Text: '' | Job: 0
2025-12-19 16:30:30 - __main__ - INFO - [2025-12-19 16:30:30] Status: ERROR | Text: '' | Job: 0
2025-12-19 16:30:31 - __main__ - INFO - [2025-12-19 16:30:31] Status: ERROR | Text: '' | Job: 0
2025-12-19 16:30:32 - __main__ - INFO - [2025-12-19 16:30:32] Status: ERROR | Text: '' | Job: 0
2025-12-19 16:30:33 - __main__ - INFO - [2025-12-19 16:30:33] Status: ERROR | Text: '' | Job: 0
2025-12-19 16:30:34 - __main__ - INFO - [2025-12-19 16:30:34] Status: ERROR | Text: '' | Job: 0
2025-12-19 16:30:35 - __main__ - INFO - [2025-12-19 16:30:35] Status: ERROR | Text: '' | Job: 0
2025-12-19 16:30:36 - __main__ - INFO - [2025-12-19 16:30:36] Status: ERROR | Text: '' | Job: 0
2025-12-19 16:30:37 - __main__ - INFO - [2025-12-19 16:30:37] Status: ERROR | Text: '' | Job: 0
2025-12-19 16:30:38 - __main__ - INFO - [2025-12-19 16:30:38] Status: ERROR | Text: '' | Job: 0
2025-12-19 16:30:39 - __main__ - INFO - [2025-12-19 16:30:39] Status: ERROR | Text: '' | Job: 0
2025-12-19 16:30:40 - __main__ - INFO - [2025-12-19 16:30:40] Status: ERROR | Text: '' | Job: 0
2025-12-19 16:30:41 - __main__ - INFO - [2025-12-19 16:30:41] Status: ERROR | Text: '' | Job: 0
2025-12-19 16:30:42 - __main__ - INFO - [2025-12-19 16:30:42] Status: ERROR | Text: '' | Job: 0
2025-12-19 16:30:43 - __main__ - INFO - [2025-12-19 16:30:43] Status: ERROR | Text: '' | Job: 0
2025-12-19 16:30:44 - __main__ - INFO - [2025-12-19 16:30:44] Status: ERROR | Text: '' | Job: 0
2025-12-19 16:30:45 - __main__ - INFO - [2025-12-19 16:30:45] Status: ERROR | Text: '' | Job: 0
2025-12-19 16:30:46 - __main__ - INFO - [2025-12-19 16:30:46] Status: ERROR | Text: '' | Job: 0
2025-12-19 16:30:47 - __main__ - INFO - [2025-12-19 16:30:47] Status: ERROR | Text: '' | Job: 0
2025-12-19 16:30:48 - __main__ - INFO - [2025-12-19 16:30:48] Status: ERROR | Text: '' | Job: 0
2025-12-19 16:30:49 - __main__ - INFO - [2025-12-19 16:30:49] Status: ERROR | Text: '' | Job: 0
2025-12-19 16:30:50 - __main__ - INFO - [2025-12-19 16:30:50] Status: ERROR | Text: '' | Job: 0
2025-12-19 16:30:51 - __main__ - INFO - [2025-12-19 16:30:51] Status: ERROR | Text: '' | Job: 0
2025-12-19 16:30:52 - __main__ - INFO - [2025-12-19 16:30:52] Status: ERROR | Text: '' | Job: 0
2025-12-19 16:30:53 - __main__ - INFO - [2025-12-19 16:30:53] Status: ERROR | Text: '' | Job: 0
2025-12-19 16:30:54 - __main__ - INFO - [2025-12-19 16:30:54] Status: ERROR | Text: '' | Job: 0
2025-12-19 16:30:55 - __main__ - INFO - [2025-12-19 16:30:55] Status: ERROR | Text: '' | Job: 0
2025-12-19 16:30:56 - __main__ - INFO - [2025-12-19 16:30:56] Status: ERROR | Text: '' | Job: 0
2025-12-19 16:30:57 - __main__ - INFO - [2025-12-19 16:30:57] Status: ERROR | Text: '' | Job: 0
2025-12-19 16:30:58 - __main__ - INFO - [2025-12-19 16:30:58] Status: ERROR | Text: '' | Job: 0
2025-12-19 16:30:59 - __main__ - INFO - [2025-12-19 16:30:59] Status: ERROR | Text: '' | Job: 0
2025-12-19 16:31:00 - __main__ - INFO - [2025-12-19 16:31:00] Status: ERROR | Text: '' | Job: 0
2025-12-19 16:31:01 - __main__ - INFO - [2025-12-19 16:31:01] Status: ERROR | Text: '' | Job: 0
2025-12-19 16:31:02 - __main__ - INFO - [2025-12-19 16:31:02] Status: ERROR | Text: '' | Job: 0
2025-12-19 16:31:03 - __main__ - INFO - [2025-12-19 16:31:03] Status: ERROR | Text: '' | Job: 0
2025-12-19 16:31:04 - __main__ - INFO - [2025-12-19 16:31:04] Status: ERROR | Text: '' | Job: 0
2025-12-19 16:31:05 - __main__ - INFO - [2025-12-19 16:31:05] Status: ERROR | Text: '' | Job: 0
2025-12-19 16:31:06 - __main__ - INFO - [2025-12-19 16:31:06] Status: ERROR | Text: '' | Job: 0
2025-12-19 16:31:07 - __main__ - INFO - [2025-12-19 16:31:07] Status: ERROR | Text: '' | Job: 0
2025-12-19 16:31:08 - __main__ - INFO - [2025-12-19 16:31:08] Status: ERROR | Text: '' | Job: 0
2025-12-19 16:31:09 - __main__ - INFO - [2025-12-19 16:31:09] Status: ERROR | Text: '' | Job: 0
2025-12-19 16:31:10 - __main__ - INFO - [2025-12-19 16:31:10] Status: ERROR | Text: '' | Job: 0
2025-12-19 16:31:11 - __main__ - INFO - [2025-12-19 16:31:11] Status: ERROR | Text: '' | Job: 0
2025-12-19 16:31:12 - __main__ - INFO - [2025-12-19 16:31:12] Status: ERROR | Text: '' | Job: 0
2025-12-19 16:31:13 - __main__ - INFO - [2025-12-19 16:31:13] Status: ERROR | Text: '' | Job: 0
2025-12-19 16:31:14 - __main__ - INFO - [2025-12-19 16:31:14] Status: ERROR | Text: '' | Job: 0
2025-12-19 16:31:15 - __main__ - INFO - [2025-12-19 16:31:15] Status: ERROR | Text: '' | Job: 0
2025-12-19 16:31:16 - __main__ - INFO - [2025-12-19 16:31:16] Status: ERROR | Text: '' | Job: 0
2025-12-19 16:31:17 - __main__ - INFO - [2025-12-19 16:31:17] Status: ERROR | Text: '' | Job: 0
2025-12-19 16:31:18 - __main__ - INFO - [2025-12-19 16:31:18] Status: ERROR | Text: '' | Job: 0
2025-12-19 16:31:19 - __main__ - INFO - [2025-12-19 16:31:19] Status: ERROR | Text: '' | Job: 0
2025-12-19 16:31:20 - __main__ - INFO - [2025-12-19 16:31:20] Status: ERROR | Text: '' | Job: 0
2025-12-19 16:31:21 - __main__ - INFO - [2025-12-19 16:31:21] Status: ERROR | Text: '' | Job: 0
2025-12-19 16:31:22 - __main__ - INFO - [2025-12-19 16:31:22] Status: ERROR | Text: '' | Job: 0
2025-12-19 16:31:23 - __main__ - INFO - [2025-12-19 16:31:23] Status: ERROR | Text: '' | Job: 0
2025-12-19 16:31:24 - __main__ - INFO - [2025-12-19 16:31:24] Status: ERROR | Text: '' | Job: 0
2025-12-19 16:31:25 - __main__ - INFO - [2025-12-19 16:31:25] Status: ERROR | Text: '' | Job: 0
2025-12-19 16:31:26 - __main__ - INFO - [2025-12-19 16:31:26] Status: ERROR | Text: '' | Job: 0
2025-12-19 16:31:27 - __main__ - INFO - [2025-12-19 16:31:27] Status: ERROR | Text: '' | Job: 0
2025-12-19 16:31:28 - __main__ - INFO - [2025-12-19 16:31:28] Status: ERROR | Text: '' | Job: 0
2025-12-19 16:31:29 - __main__ - INFO - [2025-12-19 16:31:29] Status: ERROR | Text: '' | Job: 0
2025-12-19 16:31:30 - __main__ - INFO - [2025-12-19 16:31:30] Status: ERROR | Text: '' | Job: 0
2025-12-19 16:31:31 - __main__ - INFO - [2025-12-19 16:31:31] Status: ERROR | Text: '' | Job: 0
2025-12-19 16:31:32 - __main__ - INFO - [2025-12-19 16:31:32] Status: ERROR | Text: '' | Job: 0
2025-12-19 16:31:33 - __main__ - INFO - [2025-12-19 16:31:33] Status: ERROR | Text: '' | Job: 0
2025-12-19 16:31:34 - __main__ - INFO - [2025-12-19 16:31:34] Status: ERROR | Text: '' | Job: 0
2025-12-19 16:31:35 - __main__ - INFO - [2025-12-19 16:31:35] Status: ERROR | Text: '' | Job: 0
2025-12-19 16:31:36 - __main__ - INFO - [2025-12-19 16:31:36] Status: ERROR | Text: '' | Job: 0
2025-12-19 16:31:37 - __main__ - INFO - [2025-12-19 16:31:37] Status: ERROR | Text: '' | Job: 0
2025-12-19 16:31:38 - __main__ - INFO - [2025-12-19 16:31:38] Status: ERROR | Text: '' | Job: 0
2025-12-19 16:31:39 - __main__ - INFO - [2025-12-19 16:31:39] Status: ERROR | Text: '' | Job: 0
2025-12-19 16:31:40 - __main__ - INFO - [2025-12-19 16:31:40] Status: ERROR | Text: '' | Job: 0
2025-12-19 16:31:41 - __main__ - INFO - [2025-12-19 16:31:41] Status: ERROR | Text: '' | Job: 0
2025-12-19 16:31:42 - __main__ - INFO - [2025-12-19 16:31:42] Status: ERROR | Text: '' | Job: 0
2025-12-19 16:31:43 - __main__ - INFO - [2025-12-19 16:31:43] Status: ERROR | Text: '' | Job: 0
2025-12-19 16:31:44 - __main__ - INFO - [2025-12-19 16:31:44] Status: ERROR | Text: '' | Job: 0
2025-12-19 16:31:45 - __main__ - INFO - [2025-12-19 16:31:45] Status: ERROR | Text: '' | Job: 0
2025-12-19 16:31:46 - __main__ - INFO - [2025-12-19 16:31:46] Status: ERROR | Text: '' | Job: 0
2025-12-19 16:31:47 - __main__ - INFO - [2025-12-19 16:31:47] Status: ERROR | Text: '' | Job: 0
2025-12-19 16:31:48 - __main__ - INFO - [2025-12-19 16:31:48] Status: ERROR | Text: '' | Job: 0
2025-12-19 16:31:49 - __main__ - INFO - [2025-12-19 16:31:49] Status: ERROR | Text: '' | Job: 0
2025-12-19 16:31:50 - __main__ - INFO - [2025-12-19 16:31:50] Status: ERROR | Text: '' | Job: 0
2025-12-19 16:31:51 - __main__ - INFO - [2025-12-19 16:31:51] Status: ERROR | Text: '' | Job: 0
2025-12-19 16:31:52 - __main__ - INFO - [2025-12-19 16:31:52] Status: ERROR | Text: '' | Job: 0
2025-12-19 16:31:53 - __main__ - INFO - [2025-12-19 16:31:53] Status: ERROR | Text: '' | Job: 0
2025-12-19 16:31:54 - __main__ - INFO - [2025-12-19 16:31:54] Status: ERROR | Text: '' | Job: 0
2025-12-19 16:31:55 - __main__ - INFO - [2025-12-19 16:31:55] Status: ERROR | Text: '' | Job: 0
2025-12-19 16:31:57 - __main__ - INFO - [2025-12-19 16:31:57] Status: ERROR | Text: '' | Job: 0
2025-12-19 16:31:58 - __main__ - INFO - [2025-12-19 16:31:58] Status: ERROR | Text: '' | Job: 0
2025-12-19 16:31:59 - __main__ - INFO - [2025-12-19 16:31:59] Status: ERROR | Text: '' | Job: 0
2025-12-19 16:32:00 - __main__ - INFO - [2025-12-19 16:32:00] Status: ERROR | Text: '' | Job: 0
2025-12-19 16:32:01 - __main__ - INFO - [2025-12-19 16:32:01] Status: ERROR | Text: '' | Job: 0
2025-12-19 16:32:02 - __main__ - INFO - [2025-12-19 16:32:02] Status: ERROR | Text: '' | Job: 0
2025-12-19 16:32:03 - __main__ - INFO - [2025-12-19 16:32:03] Status: ERROR | Text: '' | Job: 0
2025-12-19 16:32:04 - __main__ - INFO - [2025-12-19 16:32:04] Status: ERROR | Text: '' | Job: 0
2025-12-19 16:32:05 - __main__ - INFO - [2025-12-19 16:32:05] Status: ERROR | Text: '' | Job: 0
2025-12-19 16:32:06 - __main__ - INFO - [2025-12-19 16:32:06] Status: ERROR | Text: '' | Job: 0
2025-12-19 16:32:07 - __main__ - INFO - [2025-12-19 16:32:07] Status: ERROR | Text: '' | Job: 0
2025-12-19 16:32:08 - __main__ - INFO - [2025-12-19 16:32:08] Status: ERROR | Text: '' | Job: 0
2025-12-19 16:32:09 - __main__ - INFO - [2025-12-19 16:32:09] Status: ERROR | Text: '' | Job: 0
2025-12-19 16:32:10 - __main__ - INFO - [2025-12-19 16:32:10] Status: ERROR | Text: '' | Job: 0
2025-12-19 16:32:11 - __main__ - INFO - [2025-12-19 16:32:11] Status: ERROR | Text: '' | Job: 0
2025-12-19 16:32:12 - __main__ - INFO - [2025-12-19 16:32:12] Status: ERROR | Text: '' | Job: 0
2025-12-19 16:32:13 - __main__ - INFO - [2025-12-19 16:32:13] Status: ERROR | Text: '' | Job: 0
2025-12-19 16:32:14 - __main__ - INFO - [2025-12-19 16:32:14] Status: ERROR | Text: '' | Job: 0
2025-12-19 16:32:15 - __main__ - INFO - [2025-12-19 16:32:15] Status: ERROR | Text: '' | Job: 0
2025-12-19 16:32:16 - __main__ - INFO - [2025-12-19 16:32:16] Status: ERROR | Text: '' | Job: 0
2025-12-19 16:32:17 - __main__ - INFO - [2025-12-19 16:32:17] Status: ERROR | Text: '' | Job: 0
2025-12-19 16:32:18 - __main__ - INFO - [2025-12-19 16:32:18] Status: ERROR | Text: '' | Job: 0
2025-12-19 16:32:19 - __main__ - INFO - [2025-12-19 16:32:19] Status: ERROR | Text: '' | Job: 0
2025-12-19 16:32:20 - __main__ - INFO - [2025-12-19 16:32:20] Status: ERROR | Text: '' | Job: 0
2025-12-19 16:32:21 - __main__ - INFO - [2025-12-19 16:32:21] Status: ERROR | Text: '' | Job: 0
2025-12-19 16:32:22 - __main__ - INFO - [2025-12-19 16:32:22] Status: ERROR | Text: '' | Job: 0
2025-12-19 16:32:23 - __main__ - INFO - [2025-12-19 16:32:23] Status: ERROR | Text: '' | Job: 0
2025-12-19 16:32:24 - __main__ - INFO - [2025-12-19 16:32:24] Status: ERROR | Text: '' | Job: 0
2025-12-19 16:32:25 - __main__ - INFO - [2025-12-19 16:32:25] Status: ERROR | Text: '' | Job: 0
2025-12-19 16:32:26 - __main__ - INFO - [2025-12-19 16:32:26] Status: ERROR | Text: '' | Job: 0
2025-12-19 16:32:27 - __main__ - INFO - [2025-12-19 16:32:27] Status: ERROR | Text: '' | Job: 0
2025-12-19 16:32:28 - __main__ - INFO - [2025-12-19 16:32:28] Status: ERROR | Text: '' | Job: 0
2025-12-19 16:32:29 - __main__ - INFO - [2025-12-19 16:32:29] Status: ERROR | Text: '' | Job: 0
2025-12-19 16:32:30 - __main__ - INFO - [2025-12-19 16:32:30] Status: ERROR | Text: '' | Job: 0
2025-12-19 16:32:31 - __main__ - INFO - [2025-12-19 16:32:31] Status: ERROR | Text: '' | Job: 0
2025-12-19 16:32:32 - __main__ - INFO - [2025-12-19 16:32:32] Status: ERROR | Text: '' | Job: 0
2025-12-19 16:32:33 - __main__ - INFO - [2025-12-19 16:32:33] Status: ERROR | Text: '' | Job: 0
2025-12-19 16:32:34 - __main__ - INFO - [2025-12-19 16:32:34] Status: ERROR | Text: '' | Job: 0
2025-12-19 16:32:35 - __main__ - INFO - [2025-12-19 16:32:35] Status: ERROR | Text: '' | Job: 0
2025-12-19 16:32:36 - __main__ - INFO - [2025-12-19 16:32:36] Status: ERROR | Text: '' | Job: 0
2025-12-19 16:32:37 - __main__ - INFO - [2025-12-19 16:32:37] Status: ERROR | Text: '' | Job: 0
2025-12-19 16:32:38 - __main__ - INFO - [2025-12-19 16:32:38] Status: ERROR | Text: '' | Job: 0
2025-12-19 16:32:39 - __main__ - INFO - [2025-12-19 16:32:39] Status: ERROR | Text: '' | Job: 0
2025-12-19 16:32:40 - __main__ - INFO - [2025-12-19 16:32:40] Status: ERROR | Text: '' | Job: 0
2025-12-19 16:32:41 - __main__ - INFO - [2025-12-19 16:32:41] Status: ERROR | Text: '' | Job: 0
2025-12-19 16:32:42 - __main__ - INFO - [2025-12-19 16:32:42] Status: ERROR | Text: '' | Job: 0
2025-12-19 16:32:43 - __main__ - INFO - [2025-12-19 16:32:43] Status: ERROR | Text: '' | Job: 0
2025-12-19 16:32:44 - __main__ - INFO - [2025-12-19 16:32:44] Status: ERROR | Text: '' | Job: 0
2025-12-19 16:32:45 - __main__ - INFO - [2025-12-19 16:32:45] Status: ERROR | Text: '' | Job: 0
2025-12-19 16:32:46 - __main__ - INFO - [2025-12-19 16:32:46] Status: ERROR | Text: '' | Job: 0
2025-12-19 16:32:47 - __main__ - INFO - [2025-12-19 16:32:47] Status: ERROR | Text: '' | Job: 0
2025-12-19 16:32:48 - __main__ - INFO - [2025-12-19 16:32:48] Status: ERROR | Text: '' | Job: 0
2025-12-19 16:32:49 - __main__ - INFO - [2025-12-19 16:32:49] Status: ERROR | Text: '' | Job: 0
2025-12-19 16:32:50 - __main__ - INFO - [2025-12-19 16:32:50] Status: ERROR | Text: '' | Job: 0
2025-12-19 16:32:51 - __main__ - INFO - [2025-12-19 16:32:51] Status: ERROR | Text: '' | Job: 0
2025-12-19 16:32:52 - __main__ - INFO - [2025-12-19 16:32:52] Status: ERROR | Text: '' | Job: 0
2025-12-19 16:32:53 - __main__ - INFO - [2025-12-19 16:32:53] Status: ERROR | Text: '' | Job: 0
2025-12-19 16:32:54 - __main__ - INFO - [2025-12-19 16:32:54] Status: ERROR | Text: '' | Job: 0
2025-12-19 16:32:55 - __main__ - INFO - [2025-12-19 16:32:55] Status: ERROR | Text: '' | Job: 0
2025-12-19 16:32:56 - __main__ - INFO - [2025-12-19 16:32:56] Status: ERROR | Text: '' | Job: 0
2025-12-19 16:32:57 - __main__ - INFO - [2025-12-19 16:32:57] Status: ERROR | Text: '' | Job: 0
2025-12-19 16:32:58 - __main__ - INFO - [2025-12-19 16:32:58] Status: ERROR | Text: '' | Job: 0
2025-12-19 16:32:59 - __main__ - INFO - [2025-12-19 16:32:59] Status: ERROR | Text: '' | Job: 0
2025-12-19 16:33:00 - __main__ - INFO - [2025-12-19 16:33:00] Status: ERROR | Text: '' | Job: 0
2025-12-19 16:33:01 - __main__ - INFO - [2025-12-19 16:33:01] Status: ERROR | Text: '' | Job: 0
2025-12-19 16:33:02 - __main__ - INFO - [2025-12-19 16:33:02] Status: ERROR | Text: '' | Job: 0
2025-12-19 16:33:03 - __main__ - INFO - [2025-12-19 16:33:03] Status: ERROR | Text: '' | Job: 0
2025-12-19 16:33:04 - __main__ - INFO - [2025-12-19 16:33:04] Status: ERROR | Text: '' | Job: 0
2025-12-19 16:33:05 - __main__ - INFO - [2025-12-19 16:33:05] Status: ERROR | Text: '' | Job: 0
2025-12-19 16:33:06 - __main__ - INFO - [2025-12-19 16:33:06] Status: ERROR | Text: '' | Job: 0
2025-12-19 16:33:07 - __main__ - INFO - [2025-12-19 16:33:07] Status: ERROR | Text: '' | Job: 0
2025-12-19 16:33:08 - __main__ - INFO - [2025-12-19 16:33:08] Status: ERROR | Text: '' | Job: 0
2025-12-19 16:33:09 - __main__ - INFO - [2025-12-19 16:33:09] Status: ERROR | Text: '' | Job: 0
2025-12-19 16:33:10 - __main__ - INFO - [2025-12-19 16:33:10] Status: ERROR | Text: '' | Job: 0
2025-12-19 16:33:11 - __main__ - INFO - [2025-12-19 16:33:11] Status: ERROR | Text: '' | Job: 0
2025-12-19 16:33:12 - __main__ - INFO - [2025-12-19 16:33:12] Status: ERROR | Text: '' | Job: 0
2025-12-19 16:33:13 - __main__ - INFO - [2025-12-19 16:33:13] Status: ERROR | Text: '' | Job: 0
2025-12-19 16:33:14 - __main__ - INFO - [2025-12-19 16:33:14] Status: ERROR | Text: '' | Job: 0
2025-12-19 16:33:15 - __main__ - INFO - [2025-12-19 16:33:15] Status: ERROR | Text: '' | Job: 0
2025-12-19 16:33:16 - __main__ - INFO - [2025-12-19 16:33:16] Status: ERROR | Text: '' | Job: 0
2025-12-19 16:33:17 - __main__ - INFO - [2025-12-19 16:33:17] Status: ERROR | Text: '' | Job: 0
2025-12-19 16:33:18 - __main__ - INFO - [2025-12-19 16:33:18] Status: ERROR | Text: '' | Job: 0
2025-12-19 16:33:19 - __main__ - INFO - [2025-12-19 16:33:19] Status: ERROR | Text: '' | Job: 0
2025-12-19 16:33:20 - __main__ - INFO - [2025-12-19 16:33:20] Status: ERROR | Text: '' | Job: 0
2025-12-19 16:33:21 - __main__ - INFO - [2025-12-19 16:33:21] Status: ERROR | Text: '' | Job: 0
2025-12-19 16:33:22 - __main__ - INFO - [2025-12-19 16:33:22] Status: ERROR | Text: '' | Job: 0
2025-12-19 16:33:23 - __main__ - INFO - [2025-12-19 16:33:23] Status: ERROR | Text: '' | Job: 0
2025-12-19 16:33:24 - __main__ - INFO - [2025-12-19 16:33:24] Status: ERROR | Text: '' | Job: 0
2025-12-19 16:33:25 - __main__ - INFO - [2025-12-19 16:33:25] Status: ERROR | Text: '' | Job: 0
2025-12-19 16:33:26 - __main__ - INFO - [2025-12-19 16:33:26] Status: ERROR | Text: '' | Job: 0
2025-12-19 16:33:27 - __main__ - INFO - [2025-12-19 16:33:27] Status: ERROR | Text: '' | Job: 0
2025-12-19 16:33:28 - __main__ - INFO - [2025-12-19 16:33:28] Status: ERROR | Text: '' | Job: 0
2025-12-19 16:33:29 - __main__ - INFO - [2025-12-19 16:33:29] Status: ERROR | Text: '' | Job: 0
2025-12-19 16:33:30 - __main__ - INFO - [2025-12-19 16:33:30] Status: ERROR | Text: '' | Job: 0
2025-12-19 16:33:31 - __main__ - INFO - [2025-12-19 16:33:31] Status: ERROR | Text: '' | Job: 0
2025-12-19 16:33:32 - __main__ - INFO - [2025-12-19 16:33:32] Status: ERROR | Text: '' | Job: 0
2025-12-19 16:33:33 - __main__ - INFO - [2025-12-19 16:33:33] Status: ERROR | Text: '' | Job: 0
2025-12-19 16:33:34 - __main__ - INFO - [2025-12-19 16:33:34] Status: ERROR | Text: '' | Job: 0
2025-12-19 16:33:35 - __main__ - INFO - [2025-12-19 16:33:35] Status: ERROR | Text: '' | Job: 0
2025-12-19 16:33:36 - __main__ - INFO - [2025-12-19 16:33:36] Status: ERROR | Text: '' | Job: 0
2025-12-19 16:33:37 - __main__ - INFO - [2025-12-19 16:33:37] Status: ERROR | Text: '' | Job: 0
2025-12-19 16:33:38 - __main__ - INFO - [2025-12-19 16:33:38] Status: ERROR | Text: '' | Job: 0
2025-12-19 16:33:39 - __main__ - INFO - [2025-12-19 16:33:39] Status: ERROR | Text: '' | Job: 0
2025-12-19 16:33:40 - __main__ - INFO - [2025-12-19 16:33:40] Status: ERROR | Text: '' | Job: 0
2025-12-19 16:33:41 - __main__ - INFO - [2025-12-19 16:33:41] Status: ERROR | Text: '' | Job: 0
2025-12-19 16:33:42 - __main__ - INFO - [2025-12-19 16:33:42] Status: ERROR | Text: '' | Job: 0
2025-12-19 16:33:43 - __main__ - INFO - [2025-12-19 16:33:43] Status: ERROR | Text: '' | Job: 0
2025-12-19 16:33:44 - __main__ - INFO - [2025-12-19 16:33:44] Status: ERROR | Text: '' | Job: 0
2025-12-19 16:33:45 - __main__ - INFO - [2025-12-19 16:33:45] Status: ERROR | Text: '' | Job: 0
2025-12-19 16:33:46 - __main__ - INFO - [2025-12-19 16:33:46] Status: ERROR | Text: '' | Job: 0
2025-12-19 16:33:47 - __main__ - INFO - [2025-12-19 16:33:47] Status: ERROR | Text: '' | Job: 0
2025-12-19 16:33:48 - __main__ - INFO - [2025-12-19 16:33:48] Status: ERROR | Text: '' | Job: 0
2025-12-19 16:33:49 - __main__ - INFO - [2025-12-19 16:33:49] Status: ERROR | Text: '' | Job: 0
2025-12-19 16:33:50 - __main__ - INFO - [2025-12-19 16:33:50] Status: ERROR | Text: '' | Job: 0
2025-12-19 16:33:51 - __main__ - INFO - [2025-12-19 16:33:51] Status: ERROR | Text: '' | Job: 0
2025-12-19 16:33:52 - __main__ - INFO - [2025-12-19 16:33:52] Status: ERROR | Text: '' | Job: 0
2025-12-19 16:33:53 - __main__ - INFO - [2025-12-19 16:33:53] Status: ERROR | Text: '' | Job: 0
2025-12-19 16:33:54 - __main__ - INFO - [2025-12-19 16:33:54] Status: ERROR | Text: '' | Job: 0
2025-12-19 16:33:55 - __main__ - INFO - [2025-12-19 16:33:55] Status: ERROR | Text: '' | Job: 0
2025-12-19 16:33:56 - __main__ - INFO - [2025-12-19 16:33:56] Status: ERROR | Text: '' | Job: 0
2025-12-19 16:33:57 - __main__ - INFO - [2025-12-19 16:33:57] Status: ERROR | Text: '' | Job: 0
2025-12-19 16:33:58 - __main__ - INFO - [2025-12-19 16:33:58] Status: ERROR | Text: '' | Job: 0
2025-12-19 16:33:59 - __main__ - INFO - [2025-12-19 16:33:59] Status: ERROR | Text: '' | Job: 0
2025-12-19 16:34:00 - __main__ - INFO - [2025-12-19 16:34:00] Status: ERROR | Text: '' | Job: 0
2025-12-19 16:34:01 - __main__ - INFO - [2025-12-19 16:34:01] Status: ERROR | Text: '' | Job: 0
2025-12-19 16:34:02 - __main__ - INFO - [2025-12-19 16:34:02] Status: ERROR | Text: '' | Job: 0
2025-12-19 16:34:03 - __main__ - INFO - [2025-12-19 16:34:03] Status: ERROR | Text: '' | Job: 0
2025-12-19 16:34:04 - __main__ - INFO - [2025-12-19 16:34:04] Status: ERROR | Text: '' | Job: 0
2025-12-19 16:34:05 - __main__ - INFO - [2025-12-19 16:34:05] Status: ERROR | Text: '' | Job: 0
2025-12-19 16:34:06 - __main__ - INFO - [2025-12-19 16:34:06] Status: ERROR | Text: '' | Job: 0
2025-12-19 16:34:07 - __main__ - INFO - [2025-12-19 16:34:07] Status: ERROR | Text: '' | Job: 0
2025-12-19 16:34:08 - __main__ - INFO - [2025-12-19 16:34:08] Status: ERROR | Text: '' | Job: 0
2025-12-19 16:34:09 - __main__ - INFO - [2025-12-19 16:34:09] Status: ERROR | Text: '' | Job: 0
2025-12-19 16:34:10 - __main__ - INFO - [2025-12-19 16:34:10] Status: ERROR | Text: '' | Job: 0
2025-12-19 16:34:11 - __main__ - INFO - [2025-12-19 16:34:11] Status: ERROR | Text: '' | Job: 0
2025-12-19 16:34:12 - __main__ - INFO - [2025-12-19 16:34:12] Status: ERROR | Text: '' | Job: 0
2025-12-19 16:34:13 - __main__ - INFO - [2025-12-19 16:34:13] Status: ERROR | Text: '' | Job: 0
2025-12-19 16:34:14 - __main__ - INFO - [2025-12-19 16:34:14] Status: ERROR | Text: '' | Job: 0
2025-12-19 16:34:15 - __main__ - INFO - [2025-12-19 16:34:15] Status: ERROR | Text: '' | Job: 0
2025-12-19 16:34:16 - __main__ - INFO - [2025-12-19 16:34:16] Status: ERROR | Text: '' | Job: 0
2025-12-19 16:34:17 - __main__ - INFO - [2025-12-19 16:34:17] Status: ERROR | Text: '' | Job: 0
2025-12-19 16:34:18 - __main__ - INFO - [2025-12-19 16:34:18] Status: ERROR | Text: '' | Job: 0
2025-12-19 16:34:19 - __main__ - INFO - [2025-12-19 16:34:19] Status: ERROR | Text: '' | Job: 0
2025-12-19 16:34:20 - __main__ - INFO - [2025-12-19 16:34:20] Status: ERROR | Text: '' | Job: 0
2025-12-19 16:34:21 - __main__ - INFO - [2025-12-19 16:34:21] Status: ERROR | Text: '' | Job: 0
2025-12-19 16:34:22 - __main__ - INFO - [2025-12-19 16:34:22] Status: ERROR | Text: '' | Job: 0
2025-12-19 16:34:23 - __main__ - INFO - [2025-12-19 16:34:23] Status: ERROR | Text: '' | Job: 0
2025-12-19 16:34:24 - __main__ - INFO - [2025-12-19 16:34:24] Status: ERROR | Text: '' | Job: 0
2025-12-19 16:34:25 - __main__ - INFO - [2025-12-19 16:34:25] Status: ERROR | Text: '' | Job: 0
2025-12-19 16:34:26 - __main__ - INFO - [2025-12-19 16:34:26] Status: ERROR | Text: '' | Job: 0
2025-12-19 16:34:27 - __main__ - INFO - [2025-12-19 16:34:27] Status: ERROR | Text: '' | Job: 0
2025-12-19 16:34:28 - __main__ - INFO - [2025-12-19 16:34:28] Status: ERROR | Text: '' | Job: 0
2025-12-19 16:34:29 - __main__ - INFO - [2025-12-19 16:34:29] Status: ERROR | Text: '' | Job: 0
2025-12-19 16:34:30 - __main__ - INFO - [2025-12-19 16:34:30] Status: ERROR | Text: '' | Job: 0
2025-12-19 16:34:31 - __main__ - INFO - [2025-12-19 16:34:31] Status: ERROR | Text: '' | Job: 0
2025-12-19 16:34:32 - __main__ - INFO - [2025-12-19 16:34:32] Status: ERROR | Text: '' | Job: 0
2025-12-19 16:34:33 - __main__ - INFO - [2025-12-19 16:34:33] Status: ERROR | Text: '' | Job: 0
2025-12-19 16:34:34 - __main__ - INFO - [2025-12-19 16:34:34] Status: ERROR | Text: '' | Job: 0
2025-12-19 16:34:35 - __main__ - INFO - [2025-12-19 16:34:35] Status: ERROR | Text: '' | Job: 0
2025-12-19 16:34:36 - __main__ - INFO - [2025-12-19 16:34:36] Status: ERROR | Text: '' | Job: 0
2025-12-19 16:34:37 - __main__ - INFO - [2025-12-19 16:34:37] Status: ERROR | Text: '' | Job: 0
2025-12-19 16:34:38 - __main__ - INFO - [2025-12-19 16:34:38] Status: ERROR | Text: '' | Job: 0
2025-12-19 16:34:39 - __main__ - INFO - [2025-12-19 16:34:39] Status: ERROR | Text: '' | Job: 0
2025-12-19 16:34:40 - __main__ - INFO - [2025-12-19 16:34:40] Status: ERROR | Text: '' | Job: 0
2025-12-19 16:34:41 - __main__ - INFO - [2025-12-19 16:34:41] Status: ERROR | Text: '' | Job: 0
2025-12-19 16:34:42 - __main__ - INFO - [2025-12-19 16:34:42] Status: ERROR | Text: '' | Job: 0
2025-12-19 16:34:43 - __main__ - INFO - [2025-12-19 16:34:43] Status: ERROR | Text: '' | Job: 0
2025-12-19 16:34:44 - __main__ - INFO - [2025-12-19 16:34:44] Status: ERROR | Text: '' | Job: 0
2025-12-19 16:34:45 - __main__ - INFO - [2025-12-19 16:34:45] Status: ERROR | Text: '' | Job: 0
2025-12-19 16:34:47 - __main__ - INFO - [2025-12-19 16:34:47] Status: ERROR | Text: '' | Job: 0
2025-12-19 16:34:48 - __main__ - INFO - [2025-12-19 16:34:48] Status: ERROR | Text: '' | Job: 0
2025-12-19 16:34:49 - __main__ - INFO - [2025-12-19 16:34:49] Status: ERROR | Text: '' | Job: 0
2025-12-19 16:34:50 - __main__ - INFO - [2025-12-19 16:34:50] Status: ERROR | Text: '' | Job: 0
2025-12-19 16:34:51 - __main__ - INFO - [2025-12-19 16:34:51] Status: ERROR | Text: '' | Job: 0
2025-12-19 16:34:52 - __main__ - INFO - [2025-12-19 16:34:52] Status: ERROR | Text: '' | Job: 0
2025-12-19 16:34:53 - __main__ - INFO - [2025-12-19 16:34:53] Status: ERROR | Text: '' | Job: 0
2025-12-19 16:34:54 - __main__ - INFO - [2025-12-19 16:34:54] Status: ERROR | Text: '' | Job: 0
2025-12-19 16:34:55 - __main__ - INFO - [2025-12-19 16:34:55] Status: ERROR | Text: '' | Job: 0
2025-12-19 16:34:56 - __main__ - INFO - [2025-12-19 16:34:56] Status: ERROR | Text: '' | Job: 0
2025-12-19 16:34:57 - __main__ - INFO - [2025-12-19 16:34:57] Status: ERROR | Text: '' | Job: 0
2025-12-19 16:34:58 - __main__ - INFO - [2025-12-19 16:34:58] Status: ERROR | Text: '' | Job: 0
2025-12-19 16:34:59 - __main__ - INFO - [2025-12-19 16:34:59] Status: ERROR | Text: '' | Job: 0
2025-12-19 16:35:00 - __main__ - INFO - [2025-12-19 16:35:00] Status: ERROR | Text: '' | Job: 0
2025-12-19 16:35:01 - __main__ - INFO - [2025-12-19 16:35:01] Status: ERROR | Text: '' | Job: 0
2025-12-19 16:35:02 - __main__ - INFO - [2025-12-19 16:35:02] Status: ERROR | Text: '' | Job: 0
2025-12-19 16:35:03 - __main__ - INFO - [2025-12-19 16:35:03] Status: ERROR | Text: '' | Job: 0
2025-12-19 16:35:04 - __main__ - INFO - [2025-12-19 16:35:04] Status: ERROR | Text: '' | Job: 0
2025-12-19 16:35:05 - __main__ - INFO - [2025-12-19 16:35:05] Status: ERROR | Text: '' | Job: 0
2025-12-19 16:35:06 - __main__ - INFO - [2025-12-19 16:35:06] Status: ERROR | Text: '' | Job: 0
2025-12-19 16:35:07 - __main__ - INFO - [2025-12-19 16:35:07] Status: ERROR | Text: '' | Job: 0
2025-12-19 16:35:08 - __main__ - INFO - [2025-12-19 16:35:08] Status: ERROR | Text: '' | Job: 0
2025-12-19 16:35:09 - __main__ - INFO - [2025-12-19 16:35:09] Status: ERROR | Text: '' | Job: 0
2025-12-19 16:35:10 - __main__ - INFO - [2025-12-19 16:35:10] Status: ERROR | Text: '' | Job: 0
2025-12-19 16:35:11 - __main__ - INFO - [2025-12-19 16:35:11] Status: ERROR | Text: '' | Job: 0
2025-12-19 16:35:12 - __main__ - INFO - [2025-12-19 16:35:12] Status: ERROR | Text: '' | Job: 0
2025-12-19 16:35:13 - __main__ - INFO - [2025-12-19 16:35:13] Status: ERROR | Text: '' | Job: 0
2025-12-19 16:35:14 - __main__ - INFO - [2025-12-19 16:35:14] Status: ERROR | Text: '' | Job: 0
2025-12-19 16:35:15 - __main__ - INFO - [2025-12-19 16:35:15] Status: ERROR | Text: '' | Job: 0
2025-12-19 16:35:16 - __main__ - INFO - [2025-12-19 16:35:16] Status: ERROR | Text: '' | Job: 0
2025-12-19 16:35:17 - __main__ - INFO - [2025-12-19 16:35:17] Status: ERROR | Text: '' | Job: 0
2025-12-19 16:35:18 - __main__ - INFO - [2025-12-19 16:35:18] Status: ERROR | Text: '' | Job: 0
2025-12-19 16:35:19 - __main__ - INFO - [2025-12-19 16:35:19] Status: ERROR | Text: '' | Job: 0
2025-12-19 16:35:20 - __main__ - INFO - [2025-12-19 16:35:20] Status: ERROR | Text: '' | Job: 0
2025-12-19 16:35:21 - __main__ - INFO - [2025-12-19 16:35:21] Status: ERROR | Text: '' | Job: 0
2025-12-19 16:35:22 - __main__ - INFO - [2025-12-19 16:35:22] Status: ERROR | Text: '' | Job: 0
2025-12-19 16:35:23 - __main__ - INFO - [2025-12-19 16:35:23] Status: ERROR | Text: '' | Job: 0
2025-12-19 16:35:24 - __main__ - INFO - [2025-12-19 16:35:24] Status: ERROR | Text: '' | Job: 0
2025-12-19 16:35:25 - __main__ - INFO - [2025-12-19 16:35:25] Status: ERROR | Text: '' | Job: 0
2025-12-19 16:35:26 - __main__ - INFO - [2025-12-19 16:35:26] Status: ERROR | Text: '' | Job: 0
2025-12-19 16:35:27 - __main__ - INFO - [2025-12-19 16:35:27] Status: ERROR | Text: '' | Job: 0
2025-12-19 16:35:28 - __main__ - INFO - [2025-12-19 16:35:28] Status: ERROR | Text: '' | Job: 0
2025-12-19 16:35:29 - __main__ - INFO - [2025-12-19 16:35:29] Status: ERROR | Text: '' | Job: 0
2025-12-19 16:35:30 - __main__ - INFO - [2025-12-19 16:35:30] Status: ERROR | Text: '' | Job: 0
2025-12-19 16:35:31 - __main__ - INFO - [2025-12-19 16:35:31] Status: ERROR | Text: '' | Job: 0
2025-12-19 16:35:32 - __main__ - INFO - [2025-12-19 16:35:32] Status: ERROR | Text: '' | Job: 0
2025-12-19 16:35:33 - __main__ - INFO - [2025-12-19 16:35:33] Status: ERROR | Text: '' | Job: 0
2025-12-19 16:35:34 - __main__ - INFO - [2025-12-19 16:35:34] Status: ERROR | Text: '' | Job: 0
2025-12-19 16:35:35 - __main__ - INFO - [2025-12-19 16:35:35] Status: ERROR | Text: '' | Job: 0
2025-12-19 16:35:36 - __main__ - INFO - [2025-12-19 16:35:36] Status: ERROR | Text: '' | Job: 0
2025-12-19 16:35:37 - __main__ - INFO - [2025-12-19 16:35:37] Status: ERROR | Text: '' | Job: 0
2025-12-19 16:35:38 - __main__ - INFO - [2025-12-19 16:35:38] Status: ERROR | Text: '' | Job: 0
2025-12-19 16:35:39 - __main__ - INFO - [2025-12-19 16:35:39] Status: ERROR | Text: '' | Job: 0
2025-12-19 16:35:40 - __main__ - INFO - [2025-12-19 16:35:40] Status: ERROR | Text: '' | Job: 0
2025-12-19 16:35:41 - __main__ - INFO - [2025-12-19 16:35:41] Status: ERROR | Text: '' | Job: 0
2025-12-19 16:35:42 - __main__ - INFO - [2025-12-19 16:35:42] Status: ERROR | Text: '' | Job: 0
2025-12-19 16:35:43 - __main__ - INFO - [2025-12-19 16:35:43] Status: ERROR | Text: '' | Job: 0
2025-12-19 16:35:44 - __main__ - INFO - [2025-12-19 16:35:44] Status: ERROR | Text: '' | Job: 0
2025-12-19 16:35:45 - __main__ - INFO - [2025-12-19 16:35:45] Status: ERROR | Text: '' | Job: 0
2025-12-19 16:35:46 - __main__ - INFO - [2025-12-19 16:35:46] Status: ERROR | Text: '' | Job: 0
2025-12-19 16:35:47 - __main__ - INFO - [2025-12-19 16:35:47] Status: ERROR | Text: '' | Job: 0
2025-12-19 16:35:48 - __main__ - INFO - [2025-12-19 16:35:48] Status: ERROR | Text: '' | Job: 0
2025-12-19 16:35:49 - __main__ - INFO - [2025-12-19 16:35:49] Status: ERROR | Text: '' | Job: 0
2025-12-19 16:35:50 - __main__ - INFO - [2025-12-19 16:35:50] Status: ERROR | Text: '' | Job: 0
2025-12-19 16:35:51 - __main__ - INFO - [2025-12-19 16:35:51] Status: ERROR | Text: '' | Job: 0
2025-12-19 16:35:52 - __main__ - INFO - [2025-12-19 16:35:52] Status: ERROR | Text: '' | Job: 0
2025-12-19 16:35:53 - __main__ - INFO - [2025-12-19 16:35:53] Status: ERROR | Text: '' | Job: 0
2025-12-19 16:35:54 - __main__ - INFO - [2025-12-19 16:35:54] Status: ERROR | Text: '' | Job: 0
2025-12-19 16:35:55 - __main__ - INFO - [2025-12-19 16:35:55] Status: ERROR | Text: '' | Job: 0
2025-12-19 16:35:56 - __main__ - INFO - [2025-12-19 16:35:56] Status: ERROR | Text: '' | Job: 0
2025-12-19 16:35:57 - __main__ - INFO - [2025-12-19 16:35:57] Status: ERROR | Text: '' | Job: 0
2025-12-19 16:35:58 - __main__ - INFO - [2025-12-19 16:35:58] Status: ERROR | Text: '' | Job: 0
2025-12-19 16:36:01 - __main__ - INFO - [2025-12-19 16:36:01] Status: ERROR | Text: '' | Job: 0
2025-12-19 16:36:02 - __main__ - INFO - [2025-12-19 16:36:02] Status: ERROR | Text: '' | Job: 0
2025-12-19 16:36:03 - __main__ - INFO - [2025-12-19 16:36:03] Status: ERROR | Text: '' | Job: 0
2025-12-19 16:36:04 - __main__ - INFO - [2025-12-19 16:36:04] Status: ERROR | Text: '' | Job: 0
2025-12-19 16:36:05 - __main__ - INFO - [2025-12-19 16:36:05] Status: ERROR | Text: '' | Job: 0
2025-12-19 16:36:06 - __main__ - INFO - [2025-12-19 16:36:06] Status: ERROR | Text: '' | Job: 0
2025-12-19 16:36:07 - __main__ - INFO - [2025-12-19 16:36:07] Status: ERROR | Text: '' | Job: 0
2025-12-19 16:36:08 - __main__ - INFO - [2025-12-19 16:36:08] Status: ERROR | Text: '' | Job: 0
2025-12-19 16:36:09 - __main__ - INFO - [2025-12-19 16:36:09] Status: ERROR | Text: '' | Job: 0
2025-12-19 16:36:10 - __main__ - INFO - [2025-12-19 16:36:10] Status: ERROR | Text: '' | Job: 0
2025-12-19 16:36:11 - __main__ - INFO - [2025-12-19 16:36:11] Status: ERROR | Text: '' | Job: 0
2025-12-19 16:36:12 - __main__ - INFO - [2025-12-19 16:36:12] Status: ERROR | Text: '' | Job: 0
2025-12-19 16:36:13 - __main__ - INFO - [2025-12-19 16:36:13] Status: ERROR | Text: '' | Job: 0
2025-12-19 16:36:14 - __main__ - INFO - [2025-12-19 16:36:14] Status: ERROR | Text: '' | Job: 0
2025-12-19 16:36:15 - __main__ - INFO - [2025-12-19 16:36:15] Status: ERROR | Text: '' | Job: 0
2025-12-19 16:36:16 - __main__ - INFO - [2025-12-19 16:36:16] Status: ERROR | Text: '' | Job: 0
2025-12-19 16:36:17 - __main__ - INFO - [2025-12-19 16:36:17] Status: ERROR | Text: '' | Job: 0
2025-12-19 16:36:18 - __main__ - INFO - [2025-12-19 16:36:18] Status: ERROR | Text: '' | Job: 0
2025-12-19 16:36:19 - __main__ - INFO - [2025-12-19 16:36:19] Status: ERROR | Text: '' | Job: 0
2025-12-19 16:36:20 - __main__ - INFO - [2025-12-19 16:36:20] Status: ERROR | Text: '' | Job: 0
2025-12-19 16:36:21 - __main__ - INFO - [2025-12-19 16:36:21] Status: ERROR | Text: '' | Job: 0
2025-12-19 16:36:22 - __main__ - INFO - [2025-12-19 16:36:22] Status: ERROR | Text: '' | Job: 0
2025-12-19 16:36:23 - __main__ - INFO - [2025-12-19 16:36:23] Status: ERROR | Text: '' | Job: 0
2025-12-19 16:36:24 - __main__ - INFO - [2025-12-19 16:36:24] Status: ERROR | Text: '' | Job: 0
2025-12-19 16:36:25 - __main__ - INFO - [2025-12-19 16:36:25] Status: ERROR | Text: '' | Job: 0
2025-12-19 16:36:26 - __main__ - INFO - [2025-12-19 16:36:26] Status: ERROR | Text: '' | Job: 0
2025-12-19 16:36:27 - __main__ - INFO - [2025-12-19 16:36:27] Status: ERROR | Text: '' | Job: 0
2025-12-19 16:36:28 - __main__ - INFO - [2025-12-19 16:36:28] Status: ERROR | Text: '' | Job: 0
2025-12-19 16:36:29 - __main__ - INFO - [2025-12-19 16:36:29] Status: ERROR | Text: '' | Job: 0
2025-12-19 16:36:30 - __main__ - INFO - [2025-12-19 16:36:30] Status: ERROR | Text: '' | Job: 0
2025-12-19 16:36:31 - __main__ - INFO - [2025-12-19 16:36:31] Status: ERROR | Text: '' | Job: 0
2025-12-19 16:36:32 - __main__ - INFO - [2025-12-19 16:36:32] Status: ERROR | Text: '' | Job: 0
2025-12-19 16:36:33 - __main__ - INFO - [2025-12-19 16:36:33] Status: ERROR | Text: '' | Job: 0
2025-12-19 16:36:34 - __main__ - INFO - [2025-12-19 16:36:34] Status: ERROR | Text: '' | Job: 0
2025-12-19 16:36:35 - __main__ - INFO - [2025-12-19 16:36:35] Status: ERROR | Text: '' | Job: 0
2025-12-19 16:36:36 - __main__ - INFO - [2025-12-19 16:36:36] Status: ERROR | Text: '' | Job: 0
2025-12-19 16:36:37 - __main__ - INFO - [2025-12-19 16:36:37] Status: ERROR | Text: '' | Job: 0
2025-12-19 16:36:38 - __main__ - INFO - [2025-12-19 16:36:38] Status: ERROR | Text: '' | Job: 0
2025-12-19 16:36:39 - __main__ - INFO - [2025-12-19 16:36:39] Status: ERROR | Text: '' | Job: 0
2025-12-19 16:36:40 - __main__ - INFO - [2025-12-19 16:36:40] Status: ERROR | Text: '' | Job: 0
2025-12-19 16:36:41 - __main__ - INFO - [2025-12-19 16:36:41] Status: ERROR | Text: '' | Job: 0
2025-12-19 16:36:42 - __main__ - INFO - [2025-12-19 16:36:42] Status: ERROR | Text: '' | Job: 0
2025-12-19 16:36:43 - __main__ - INFO - [2025-12-19 16:36:43] Status: ERROR | Text: '' | Job: 0
2025-12-19 16:36:44 - __main__ - INFO - [2025-12-19 16:36:44] Status: ERROR | Text: '' | Job: 0
2025-12-19 16:36:45 - __main__ - INFO - [2025-12-19 16:36:45] Status: ERROR | Text: '' | Job: 0
2025-12-19 16:36:46 - __main__ - INFO - [2025-12-19 16:36:46] Status: ERROR | Text: '' | Job: 0
2025-12-19 16:36:47 - __main__ - INFO - [2025-12-19 16:36:47] Status: ERROR | Text: '' | Job: 0
2025-12-19 16:36:48 - __main__ - INFO - [2025-12-19 16:36:48] Status: ERROR | Text: '' | Job: 0
2025-12-19 16:36:49 - __main__ - INFO - [2025-12-19 16:36:49] Status: ERROR | Text: '' | Job: 0
2025-12-19 16:36:50 - __main__ - INFO - [2025-12-19 16:36:50] Status: ERROR | Text: '' | Job: 0
2025-12-19 16:36:51 - __main__ - INFO - [2025-12-19 16:36:51] Status: ERROR | Text: '' | Job: 0
2025-12-19 16:36:52 - __main__ - INFO - [2025-12-19 16:36:52] Status: ERROR | Text: '' | Job: 0
2025-12-19 16:36:53 - __main__ - INFO - [2025-12-19 16:36:53] Status: ERROR | Text: '' | Job: 0
2025-12-19 16:36:54 - __main__ - INFO - [2025-12-19 16:36:54] Status: ERROR | Text: '' | Job: 0
2025-12-19 16:36:55 - __main__ - INFO - [2025-12-19 16:36:55] Status: ERROR | Text: '' | Job: 0
2025-12-19 16:36:56 - __main__ - INFO - [2025-12-19 16:36:56] Status: ERROR | Text: '' | Job: 0
2025-12-19 16:36:57 - __main__ - INFO - [2025-12-19 16:36:57] Status: ERROR | Text: '' | Job: 0
2025-12-19 16:36:58 - __main__ - INFO - [2025-12-19 16:36:58] Status: ERROR | Text: '' | Job: 0
2025-12-19 16:36:59 - __main__ - INFO - [2025-12-19 16:36:59] Status: ERROR | Text: '' | Job: 0
2025-12-19 16:37:00 - __main__ - INFO - [2025-12-19 16:37:00] Status: ERROR | Text: '' | Job: 0
2025-12-19 16:37:01 - __main__ - INFO - [2025-12-19 16:37:01] Status: ERROR | Text: '' | Job: 0
2025-12-19 16:37:02 - __main__ - INFO - [2025-12-19 16:37:02] Status: ERROR | Text: '' | Job: 0
2025-12-19 16:37:03 - __main__ - INFO - [2025-12-19 16:37:03] Status: ERROR | Text: '' | Job: 0
2025-12-19 16:37:04 - __main__ - INFO - [2025-12-19 16:37:04] Status: ERROR | Text: '' | Job: 0
2025-12-19 16:37:05 - __main__ - INFO - [2025-12-19 16:37:05] Status: ERROR | Text: '' | Job: 0
2025-12-19 16:37:06 - __main__ - INFO - [2025-12-19 16:37:06] Status: ERROR | Text: '' | Job: 0
2025-12-19 16:37:07 - __main__ - INFO - [2025-12-19 16:37:07] Status: ERROR | Text: '' | Job: 0
2025-12-19 16:37:08 - __main__ - INFO - [2025-12-19 16:37:08] Status: ERROR | Text: '' | Job: 0
2025-12-19 16:37:09 - __main__ - INFO - [2025-12-19 16:37:09] Status: ERROR | Text: '' | Job: 0
2025-12-19 16:37:10 - __main__ - INFO - [2025-12-19 16:37:10] Status: ERROR | Text: '' | Job: 0
2025-12-19 16:37:11 - __main__ - INFO - [2025-12-19 16:37:11] Status: ERROR | Text: '' | Job: 0
2025-12-19 16:37:12 - __main__ - INFO - [2025-12-19 16:37:12] Status: ERROR | Text: '' | Job: 0
2025-12-19 16:37:13 - __main__ - INFO - [2025-12-19 16:37:13] Status: ERROR | Text: '' | Job: 0
2025-12-19 16:37:14 - __main__ - INFO - [2025-12-19 16:37:14] Status: ERROR | Text: '' | Job: 0
2025-12-19 16:37:15 - __main__ - INFO - [2025-12-19 16:37:15] Status: ERROR | Text: '' | Job: 0
2025-12-19 16:37:16 - __main__ - INFO - [2025-12-19 16:37:16] Status: ERROR | Text: '' | Job: 0
2025-12-19 16:37:17 - __main__ - INFO - [2025-12-19 16:37:17] Status: ERROR | Text: '' | Job: 0
2025-12-19 16:37:18 - __main__ - INFO - [2025-12-19 16:37:18] Status: ERROR | Text: '' | Job: 0
2025-12-19 16:37:19 - __main__ - INFO - [2025-12-19 16:37:19] Status: ERROR | Text: '' | Job: 0
2025-12-19 16:37:20 - __main__ - INFO - [2025-12-19 16:37:20] Status: ERROR | Text: '' | Job: 0
2025-12-19 16:37:21 - __main__ - INFO - [2025-12-19 16:37:21] Status: ERROR | Text: '' | Job: 0
2025-12-19 16:37:22 - __main__ - INFO - [2025-12-19 16:37:22] Status: ERROR | Text: '' | Job: 0
2025-12-19 16:37:23 - __main__ - INFO - [2025-12-19 16:37:23] Status: ERROR | Text: '' | Job: 0
2025-12-19 16:37:24 - __main__ - INFO - [2025-12-19 16:37:24] Status: ERROR | Text: '' | Job: 0
2025-12-19 16:37:25 - __main__ - INFO - [2025-12-19 16:37:25] Status: ERROR | Text: '' | Job: 0
2025-12-19 16:37:26 - __main__ - INFO - [2025-12-19 16:37:26] Status: ERROR | Text: '' | Job: 0
2025-12-19 16:37:27 - __main__ - INFO - [2025-12-19 16:37:27] Status: ERROR | Text: '' | Job: 0
2025-12-19 16:37:28 - __main__ - INFO - [2025-12-19 16:37:28] Status: ERROR | Text: '' | Job: 0
2025-12-19 16:37:30 - __main__ - INFO - [2025-12-19 16:37:30] Status: ERROR | Text: '' | Job: 0
2025-12-19 16:37:31 - __main__ - INFO - [2025-12-19 16:37:31] Status: ERROR | Text: '' | Job: 0
2025-12-19 16:37:32 - __main__ - INFO - [2025-12-19 16:37:32] Status: ERROR | Text: '' | Job: 0
2025-12-19 16:37:33 - __main__ - INFO - [2025-12-19 16:37:33] Status: ERROR | Text: '' | Job: 0
2025-12-19 16:37:34 - __main__ - INFO - [2025-12-19 16:37:34] Status: ERROR | Text: '' | Job: 0
2025-12-19 16:37:35 - __main__ - INFO - [2025-12-19 16:37:35] Status: ERROR | Text: '' | Job: 0
2025-12-19 16:37:36 - __main__ - INFO - [2025-12-19 16:37:36] Status: ERROR | Text: '' | Job: 0
2025-12-19 16:37:37 - __main__ - INFO - [2025-12-19 16:37:37] Status: ERROR | Text: '' | Job: 0
2025-12-19 16:37:38 - __main__ - INFO - [2025-12-19 16:37:38] Status: ERROR | Text: '' | Job: 0
2025-12-19 16:37:39 - __main__ - INFO - [2025-12-19 16:37:39] Status: ERROR | Text: '' | Job: 0
2025-12-19 16:37:40 - __main__ - INFO - [2025-12-19 16:37:40] Status: ERROR | Text: '' | Job: 0
2025-12-19 16:37:41 - __main__ - INFO - [2025-12-19 16:37:41] Status: ERROR | Text: '' | Job: 0
2025-12-19 16:37:42 - __main__ - INFO - [2025-12-19 16:37:42] Status: ERROR | Text: '' | Job: 0
2025-12-19 16:37:43 - __main__ - INFO - [2025-12-19 16:37:43] Status: ERROR | Text: '' | Job: 0
2025-12-19 16:37:44 - __main__ - INFO - [2025-12-19 16:37:44] Status: ERROR | Text: '' | Job: 0
2025-12-19 16:37:45 - __main__ - INFO - [2025-12-19 16:37:45] Status: ERROR | Text: '' | Job: 0
2025-12-19 16:37:46 - __main__ - INFO - [2025-12-19 16:37:46] Status: ERROR | Text: '' | Job: 0
2025-12-19 16:37:47 - __main__ - INFO - [2025-12-19 16:37:47] Status: ERROR | Text: '' | Job: 0
2025-12-19 16:37:48 - __main__ - INFO - [2025-12-19 16:37:48] Status: ERROR | Text: '' | Job: 0
2025-12-19 16:37:49 - __main__ - INFO - [2025-12-19 16:37:49] Status: ERROR | Text: '' | Job: 0
2025-12-19 16:37:50 - __main__ - INFO - [2025-12-19 16:37:50] Status: ERROR | Text: '' | Job: 0
2025-12-19 16:37:51 - __main__ - INFO - [2025-12-19 16:37:51] Status: ERROR | Text: '' | Job: 0
2025-12-19 16:37:52 - __main__ - INFO - [2025-12-19 16:37:52] Status: ERROR | Text: '' | Job: 0
2025-12-19 16:37:53 - __main__ - INFO - [2025-12-19 16:37:53] Status: ERROR | Text: '' | Job: 0
2025-12-19 16:37:54 - __main__ - INFO - [2025-12-19 16:37:54] Status: ERROR | Text: '' | Job: 0
2025-12-19 16:37:55 - __main__ - INFO - [2025-12-19 16:37:55] Status: ERROR | Text: '' | Job: 0
2025-12-19 16:37:56 - __main__ - INFO - [2025-12-19 16:37:56] Status: ERROR | Text: '' | Job: 0
2025-12-19 16:37:57 - __main__ - INFO - [2025-12-19 16:37:57] Status: ERROR | Text: '' | Job: 0
2025-12-19 16:37:58 - __main__ - INFO - [2025-12-19 16:37:58] Status: ERROR | Text: '' | Job: 0
2025-12-19 16:37:59 - __main__ - INFO - [2025-12-19 16:37:59] Status: ERROR | Text: '' | Job: 0
2025-12-19 16:38:00 - __main__ - INFO - [2025-12-19 16:38:00] Status: ERROR | Text: '' | Job: 0
2025-12-19 16:38:01 - __main__ - INFO - [2025-12-19 16:38:01] Status: ERROR | Text: '' | Job: 0
2025-12-19 16:38:02 - __main__ - INFO - [2025-12-19 16:38:02] Status: ERROR | Text: '' | Job: 0
2025-12-19 16:38:03 - __main__ - INFO - [2025-12-19 16:38:03] Status: ERROR | Text: '' | Job: 0
2025-12-19 16:38:04 - __main__ - INFO - [2025-12-19 16:38:04] Status: ERROR | Text: '' | Job: 0
2025-12-19 16:38:05 - __main__ - INFO - [2025-12-19 16:38:05] Status: ERROR | Text: '' | Job: 0
2025-12-19 16:38:06 - __main__ - INFO - [2025-12-19 16:38:06] Status: ERROR | Text: '' | Job: 0
2025-12-19 16:38:07 - __main__ - INFO - [2025-12-19 16:38:07] Status: ERROR | Text: '' | Job: 0
2025-12-19 16:38:08 - __main__ - INFO - [2025-12-19 16:38:08] Status: ERROR | Text: '' | Job: 0
2025-12-19 16:38:09 - __main__ - INFO - [2025-12-19 16:38:09] Status: ERROR | Text: '' | Job: 0
2025-12-19 16:38:10 - __main__ - INFO - [2025-12-19 16:38:10] Status: ERROR | Text: '' | Job: 0
2025-12-19 16:38:11 - __main__ - INFO - [2025-12-19 16:38:11] Status: ERROR | Text: '' | Job: 0
2025-12-19 16:38:12 - __main__ - INFO - [2025-12-19 16:38:12] Status: ERROR | Text: '' | Job: 0
2025-12-19 16:38:13 - __main__ - INFO - [2025-12-19 16:38:13] Status: ERROR | Text: '' | Job: 0
2025-12-19 16:38:14 - __main__ - INFO - [2025-12-19 16:38:14] Status: ERROR | Text: '' | Job: 0
2025-12-19 16:38:15 - __main__ - INFO - [2025-12-19 16:38:15] Status: ERROR | Text: '' | Job: 0
2025-12-19 16:38:16 - __main__ - INFO - [2025-12-19 16:38:16] Status: ERROR | Text: '' | Job: 0
2025-12-19 16:38:17 - __main__ - INFO - [2025-12-19 16:38:17] Status: ERROR | Text: '' | Job: 0
2025-12-19 16:38:18 - __main__ - INFO - [2025-12-19 16:38:18] Status: ERROR | Text: '' | Job: 0
2025-12-19 16:38:19 - __main__ - INFO - [2025-12-19 16:38:19] Status: ERROR | Text: '' | Job: 0
2025-12-19 16:38:20 - __main__ - INFO - [2025-12-19 16:38:20] Status: ERROR | Text: '' | Job: 0
2025-12-19 16:38:21 - __main__ - INFO - [2025-12-19 16:38:21] Status: ERROR | Text: '' | Job: 0
2025-12-19 16:38:22 - __main__ - INFO - [2025-12-19 16:38:22] Status: ERROR | Text: '' | Job: 0
2025-12-19 16:38:23 - __main__ - INFO - [2025-12-19 16:38:23] Status: ERROR | Text: '' | Job: 0
2025-12-19 16:38:24 - __main__ - INFO - [2025-12-19 16:38:24] Status: ERROR | Text: '' | Job: 0
2025-12-19 16:38:25 - __main__ - INFO - [2025-12-19 16:38:25] Status: ERROR | Text: '' | Job: 0
2025-12-19 16:38:26 - __main__ - INFO - [2025-12-19 16:38:26] Status: ERROR | Text: '' | Job: 0
2025-12-19 16:38:27 - __main__ - INFO - [2025-12-19 16:38:27] Status: ERROR | Text: '' | Job: 0
2025-12-19 16:38:28 - __main__ - INFO - [2025-12-19 16:38:28] Status: ERROR | Text: '' | Job: 0
2025-12-19 16:38:29 - __main__ - INFO - [2025-12-19 16:38:29] Status: ERROR | Text: '' | Job: 0
2025-12-19 16:38:30 - __main__ - INFO - [2025-12-19 16:38:30] Status: ERROR | Text: '' | Job: 0
2025-12-19 16:38:31 - __main__ - INFO - [2025-12-19 16:38:31] Status: ERROR | Text: '' | Job: 0
2025-12-19 16:38:32 - __main__ - INFO - [2025-12-19 16:38:32] Status: ERROR | Text: '' | Job: 0
2025-12-19 16:38:33 - __main__ - INFO - [2025-12-19 16:38:33] Status: ERROR | Text: '' | Job: 0
2025-12-19 16:38:34 - __main__ - INFO - [2025-12-19 16:38:34] Status: ERROR | Text: '' | Job: 0
2025-12-19 16:38:35 - __main__ - INFO - [2025-12-19 16:38:35] Status: ERROR | Text: '' | Job: 0
2025-12-19 16:38:36 - __main__ - INFO - [2025-12-19 16:38:36] Status: ERROR | Text: '' | Job: 0
2025-12-19 16:38:37 - __main__ - INFO - [2025-12-19 16:38:37] Status: ERROR | Text: '' | Job: 0
2025-12-19 16:38:38 - __main__ - INFO - [2025-12-19 16:38:38] Status: ERROR | Text: '' | Job: 0
2025-12-19 16:38:39 - __main__ - INFO - [2025-12-19 16:38:39] Status: ERROR | Text: '' | Job: 0
2025-12-19 16:38:40 - __main__ - INFO - [2025-12-19 16:38:40] Status: ERROR | Text: '' | Job: 0
2025-12-19 16:38:41 - __main__ - INFO - [2025-12-19 16:38:41] Status: ERROR | Text: '' | Job: 0
2025-12-19 16:38:42 - __main__ - INFO - [2025-12-19 16:38:42] Status: ERROR | Text: '' | Job: 0
2025-12-19 16:38:43 - __main__ - INFO - [2025-12-19 16:38:43] Status: ERROR | Text: '' | Job: 0
2025-12-19 16:38:44 - __main__ - INFO - [2025-12-19 16:38:44] Status: ERROR | Text: '' | Job: 0
2025-12-19 16:38:45 - __main__ - INFO - [2025-12-19 16:38:45] Status: ERROR | Text: '' | Job: 0
2025-12-19 16:38:46 - __main__ - INFO - [2025-12-19 16:38:46] Status: ERROR | Text: '' | Job: 0
2025-12-19 16:38:47 - __main__ - INFO - [2025-12-19 16:38:47] Status: ERROR | Text: '' | Job: 0
2025-12-19 16:38:48 - __main__ - INFO - [2025-12-19 16:38:48] Status: ERROR | Text: '' | Job: 0
2025-12-19 16:38:49 - __main__ - INFO - [2025-12-19 16:38:49] Status: ERROR | Text: '' | Job: 0
2025-12-19 16:38:50 - __main__ - INFO - [2025-12-19 16:38:50] Status: ERROR | Text: '' | Job: 0
2025-12-19 16:38:51 - __main__ - INFO - [2025-12-19 16:38:51] Status: ERROR | Text: '' | Job: 0
2025-12-19 16:38:52 - __main__ - INFO - [2025-12-19 16:38:52] Status: ERROR | Text: '' | Job: 0
2025-12-19 16:38:53 - __main__ - INFO - [2025-12-19 16:38:53] Status: ERROR | Text: '' | Job: 0
2025-12-19 16:38:54 - __main__ - INFO - [2025-12-19 16:38:54] Status: ERROR | Text: '' | Job: 0
2025-12-19 16:38:55 - __main__ - INFO - [2025-12-19 16:38:55] Status: ERROR | Text: '' | Job: 0
2025-12-19 16:38:56 - __main__ - INFO - [2025-12-19 16:38:56] Status: ERROR | Text: '' | Job: 0
2025-12-19 16:38:57 - __main__ - INFO - [2025-12-19 16:38:57] Status: ERROR | Text: '' | Job: 0
2025-12-19 16:38:58 - __main__ - INFO - [2025-12-19 16:38:58] Status: ERROR | Text: '' | Job: 0
2025-12-19 16:38:59 - __main__ - INFO - [2025-12-19 16:38:59] Status: ERROR | Text: '' | Job: 0
2025-12-19 16:39:00 - __main__ - INFO - [2025-12-19 16:39:00] Status: ERROR | Text: '' | Job: 0
2025-12-19 16:39:01 - __main__ - INFO - [2025-12-19 16:39:01] Status: ERROR | Text: '' | Job: 0
2025-12-19 16:39:02 - __main__ - INFO - [2025-12-19 16:39:02] Status: ERROR | Text: '' | Job: 0
2025-12-19 16:39:03 - __main__ - INFO - [2025-12-19 16:39:03] Status: ERROR | Text: '' | Job: 0
2025-12-19 16:39:04 - __main__ - INFO - [2025-12-19 16:39:04] Status: ERROR | Text: '' | Job: 0
2025-12-19 16:39:05 - __main__ - INFO - [2025-12-19 16:39:05] Status: ERROR | Text: '' | Job: 0
2025-12-19 16:39:06 - __main__ - INFO - [2025-12-19 16:39:06] Status: ERROR | Text: '' | Job: 0
2025-12-19 16:39:07 - __main__ - INFO - [2025-12-19 16:39:07] Status: ERROR | Text: '' | Job: 0
2025-12-19 16:39:08 - __main__ - INFO - [2025-12-19 16:39:08] Status: ERROR | Text: '' | Job: 0
2025-12-19 16:39:09 - __main__ - INFO - [2025-12-19 16:39:09] Status: ERROR | Text: '' | Job: 0
2025-12-19 16:39:10 - __main__ - INFO - [2025-12-19 16:39:10] Status: ERROR | Text: '' | Job: 0
2025-12-19 16:39:11 - __main__ - INFO - [2025-12-19 16:39:11] Status: ERROR | Text: '' | Job: 0
2025-12-19 16:39:12 - __main__ - INFO - [2025-12-19 16:39:12] Status: ERROR | Text: '' | Job: 0
2025-12-19 16:39:13 - __main__ - INFO - [2025-12-19 16:39:13] Status: ERROR | Text: '' | Job: 0
2025-12-19 16:39:14 - __main__ - INFO - [2025-12-19 16:39:14] Status: ERROR | Text: '' | Job: 0
2025-12-19 16:39:15 - __main__ - INFO - [2025-12-19 16:39:15] Status: ERROR | Text: '' | Job: 0
2025-12-19 16:39:16 - __main__ - INFO - [2025-12-19 16:39:16] Status: ERROR | Text: '' | Job: 0
2025-12-19 16:39:17 - __main__ - INFO - [2025-12-19 16:39:17] Status: ERROR | Text: '' | Job: 0
2025-12-19 16:39:18 - __main__ - INFO - [2025-12-19 16:39:18] Status: ERROR | Text: '' | Job: 0
2025-12-19 16:39:19 - __main__ - INFO - [2025-12-19 16:39:19] Status: ERROR | Text: '' | Job: 0
2025-12-19 16:39:20 - __main__ - INFO - [2025-12-19 16:39:20] Status: ERROR | Text: '' | Job: 0
2025-12-19 16:39:21 - __main__ - INFO - [2025-12-19 16:39:21] Status: ERROR | Text: '' | Job: 0
2025-12-19 16:39:22 - __main__ - INFO - [2025-12-19 16:39:22] Status: ERROR | Text: '' | Job: 0
2025-12-19 16:39:23 - __main__ - INFO - [2025-12-19 16:39:23] Status: ERROR | Text: '' | Job: 0
2025-12-19 16:39:24 - __main__ - INFO - [2025-12-19 16:39:24] Status: ERROR | Text: '' | Job: 0
2025-12-19 16:39:25 - __main__ - INFO - [2025-12-19 16:39:25] Status: ERROR | Text: '' | Job: 0
2025-12-19 16:39:26 - __main__ - INFO - [2025-12-19 16:39:26] Status: ERROR | Text: '' | Job: 0
2025-12-19 16:39:27 - __main__ - INFO - [2025-12-19 16:39:27] Status: ERROR | Text: '' | Job: 0
2025-12-19 16:39:28 - __main__ - INFO - [2025-12-19 16:39:28] Status: ERROR | Text: '' | Job: 0
2025-12-19 16:39:29 - __main__ - INFO - [2025-12-19 16:39:29] Status: ERROR | Text: '' | Job: 0
2025-12-19 16:39:30 - __main__ - INFO - [2025-12-19 16:39:30] Status: ERROR | Text: '' | Job: 0
2025-12-19 16:39:31 - __main__ - INFO - [2025-12-19 16:39:31] Status: ERROR | Text: '' | Job: 0
2025-12-19 16:39:32 - __main__ - INFO - [2025-12-19 16:39:32] Status: ERROR | Text: '' | Job: 0
2025-12-19 16:39:33 - __main__ - INFO - [2025-12-19 16:39:33] Status: ERROR | Text: '' | Job: 0
2025-12-19 16:39:34 - __main__ - INFO - [2025-12-19 16:39:34] Status: ERROR | Text: '' | Job: 0
2025-12-19 16:39:35 - __main__ - INFO - [2025-12-19 16:39:35] Status: ERROR | Text: '' | Job: 0
2025-12-19 16:39:36 - __main__ - INFO - [2025-12-19 16:39:36] Status: ERROR | Text: '' | Job: 0
2025-12-19 16:39:37 - __main__ - INFO - [2025-12-19 16:39:37] Status: ERROR | Text: '' | Job: 0
2025-12-19 16:39:38 - __main__ - INFO - [2025-12-19 16:39:38] Status: ERROR | Text: '' | Job: 0
2025-12-19 16:39:39 - __main__ - INFO - [2025-12-19 16:39:39] Status: ERROR | Text: '' | Job: 0
2025-12-19 16:39:40 - __main__ - INFO - [2025-12-19 16:39:40] Status: ERROR | Text: '' | Job: 0
2025-12-19 16:39:41 - __main__ - INFO - [2025-12-19 16:39:41] Status: ERROR | Text: '' | Job: 0
2025-12-19 16:39:42 - __main__ - INFO - [2025-12-19 16:39:42] Status: ERROR | Text: '' | Job: 0
2025-12-19 16:39:43 - __main__ - INFO - [2025-12-19 16:39:43] Status: ERROR | Text: '' | Job: 0
2025-12-19 16:39:44 - __main__ - INFO - [2025-12-19 16:39:44] Status: ERROR | Text: '' | Job: 0
2025-12-19 16:39:45 - __main__ - INFO - [2025-12-19 16:39:45] Status: ERROR | Text: '' | Job: 0
2025-12-19 16:39:46 - __main__ - INFO - [2025-12-19 16:39:46] Status: ERROR | Text: '' | Job: 0
2025-12-19 16:39:47 - __main__ - INFO - [2025-12-19 16:39:47] Status: ERROR | Text: '' | Job: 0
2025-12-19 16:39:48 - __main__ - INFO - [2025-12-19 16:39:48] Status: ERROR | Text: '' | Job: 0
2025-12-19 16:39:49 - __main__ - INFO - [2025-12-19 16:39:49] Status: ERROR | Text: '' | Job: 0
2025-12-19 16:39:50 - __main__ - INFO - [2025-12-19 16:39:50] Status: ERROR | Text: '' | Job: 0
2025-12-19 16:39:51 - __main__ - INFO - [2025-12-19 16:39:51] Status: ERROR | Text: '' | Job: 0
2025-12-19 16:39:52 - __main__ - INFO - [2025-12-19 16:39:52] Status: ERROR | Text: '' | Job: 0
2025-12-19 16:39:53 - __main__ - INFO - [2025-12-19 16:39:53] Status: ERROR | Text: '' | Job: 0
2025-12-19 16:39:54 - __main__ - INFO - [2025-12-19 16:39:54] Status: ERROR | Text: '' | Job: 0
2025-12-19 16:39:55 - __main__ - INFO - [2025-12-19 16:39:55] Status: ERROR | Text: '' | Job: 0
2025-12-19 16:39:56 - __main__ - INFO - [2025-12-19 16:39:56] Status: ERROR | Text: '' | Job: 0
2025-12-19 16:39:57 - __main__ - INFO - [2025-12-19 16:39:57] Status: ERROR | Text: '' | Job: 0
2025-12-19 16:39:58 - __main__ - INFO - [2025-12-19 16:39:58] Status: ERROR | Text: '' | Job: 0
2025-12-19 16:39:59 - __main__ - INFO - [2025-12-19 16:39:59] Status: ERROR | Text: '' | Job: 0
2025-12-19 16:40:00 - __main__ - INFO - [2025-12-19 16:40:00] Status: ERROR | Text: '' | Job: 0
2025-12-19 16:40:01 - __main__ - INFO - [2025-12-19 16:40:01] Status: ERROR | Text: '' | Job: 0
2025-12-19 16:40:02 - __main__ - INFO - [2025-12-19 16:40:02] Status: ERROR | Text: '' | Job: 0
2025-12-19 16:40:03 - __main__ - INFO - [2025-12-19 16:40:03] Status: ERROR | Text: '' | Job: 0
2025-12-19 16:40:04 - __main__ - INFO - [2025-12-19 16:40:04] Status: ERROR | Text: '' | Job: 0
2025-12-19 16:40:05 - __main__ - INFO - [2025-12-19 16:40:05] Status: ERROR | Text: '' | Job: 0
2025-12-19 16:40:06 - __main__ - INFO - [2025-12-19 16:40:06] Status: ERROR | Text: '' | Job: 0
2025-12-19 16:40:07 - __main__ - INFO - [2025-12-19 16:40:07] Status: ERROR | Text: '' | Job: 0
2025-12-19 16:40:08 - __main__ - INFO - [2025-12-19 16:40:08] Status: ERROR | Text: '' | Job: 0
2025-12-19 16:40:09 - __main__ - INFO - [2025-12-19 16:40:09] Status: ERROR | Text: '' | Job: 0
2025-12-19 16:40:10 - __main__ - INFO - [2025-12-19 16:40:10] Status: ERROR | Text: '' | Job: 0
2025-12-19 16:40:11 - __main__ - INFO - [2025-12-19 16:40:11] Status: ERROR | Text: '' | Job: 0
2025-12-19 16:40:12 - __main__ - INFO - [2025-12-19 16:40:12] Status: ERROR | Text: '' | Job: 0
2025-12-19 16:40:13 - __main__ - INFO - [2025-12-19 16:40:13] Status: ERROR | Text: '' | Job: 0
2025-12-19 16:40:14 - __main__ - INFO - [2025-12-19 16:40:14] Status: ERROR | Text: '' | Job: 0
2025-12-19 16:40:15 - __main__ - INFO - [2025-12-19 16:40:15] Status: ERROR | Text: '' | Job: 0
2025-12-19 16:40:16 - __main__ - INFO - [2025-12-19 16:40:16] Status: ERROR | Text: '' | Job: 0
2025-12-19 16:40:17 - __main__ - INFO - [2025-12-19 16:40:17] Status: ERROR | Text: '' | Job: 0
2025-12-19 16:40:18 - __main__ - INFO - [2025-12-19 16:40:18] Status: ERROR | Text: '' | Job: 0
2025-12-19 16:40:19 - __main__ - INFO - [2025-12-19 16:40:19] Status: ERROR | Text: '' | Job: 0
2025-12-19 16:40:20 - __main__ - INFO - [2025-12-19 16:40:20] Status: ERROR | Text: '' | Job: 0
2025-12-19 16:40:21 - __main__ - INFO - [2025-12-19 16:40:21] Status: ERROR | Text: '' | Job: 0
2025-12-19 16:40:22 - __main__ - INFO - [2025-12-19 16:40:22] Status: ERROR | Text: '' | Job: 0
2025-12-19 16:40:24 - __main__ - INFO - [2025-12-19 16:40:24] Status: ERROR | Text: '' | Job: 0
2025-12-19 16:40:25 - __main__ - INFO - [2025-12-19 16:40:25] Status: ERROR | Text: '' | Job: 0
2025-12-19 16:40:26 - __main__ - INFO - [2025-12-19 16:40:26] Status: ERROR | Text: '' | Job: 0
2025-12-19 16:40:27 - __main__ - INFO - [2025-12-19 16:40:27] Status: ERROR | Text: '' | Job: 0
2025-12-19 16:40:28 - __main__ - INFO - [2025-12-19 16:40:28] Status: ERROR | Text: '' | Job: 0
2025-12-19 16:40:29 - __main__ - INFO - [2025-12-19 16:40:29] Status: ERROR | Text: '' | Job: 0
2025-12-19 16:40:30 - __main__ - INFO - [2025-12-19 16:40:30] Status: ERROR | Text: '' | Job: 0
2025-12-19 16:40:31 - __main__ - INFO - [2025-12-19 16:40:31] Status: ERROR | Text: '' | Job: 0
2025-12-19 16:40:32 - __main__ - INFO - [2025-12-19 16:40:32] Status: ERROR | Text: '' | Job: 0
2025-12-19 16:40:33 - __main__ - INFO - [2025-12-19 16:40:33] Status: ERROR | Text: '' | Job: 0
2025-12-19 16:40:34 - __main__ - INFO - [2025-12-19 16:40:34] Status: ERROR | Text: '' | Job: 0
2025-12-19 16:40:35 - __main__ - INFO - [2025-12-19 16:40:35] Status: ERROR | Text: '' | Job: 0
2025-12-19 16:40:36 - __main__ - INFO - [2025-12-19 16:40:36] Status: ERROR | Text: '' | Job: 0
2025-12-19 16:40:37 - __main__ - INFO - [2025-12-19 16:40:37] Status: ERROR | Text: '' | Job: 0
2025-12-19 16:40:38 - __main__ - INFO - [2025-12-19 16:40:38] Status: ERROR | Text: '' | Job: 0
2025-12-19 16:40:39 - __main__ - INFO - [2025-12-19 16:40:39] Status: ERROR | Text: '' | Job: 0
2025-12-19 16:40:40 - __main__ - INFO - [2025-12-19 16:40:40] Status: ERROR | Text: '' | Job: 0
2025-12-19 16:40:41 - __main__ - INFO - [2025-12-19 16:40:41] Status: ERROR | Text: '' | Job: 0
2025-12-19 16:40:42 - __main__ - INFO - [2025-12-19 16:40:42] Status: ERROR | Text: '' | Job: 0
2025-12-19 16:40:43 - __main__ - INFO - [2025-12-19 16:40:43] Status: ERROR | Text: '' | Job: 0
2025-12-19 16:40:44 - __main__ - INFO - [2025-12-19 16:40:44] Status: ERROR | Text: '' | Job: 0
2025-12-19 16:40:45 - __main__ - INFO - [2025-12-19 16:40:45] Status: ERROR | Text: '' | Job: 0
2025-12-19 16:40:46 - __main__ - INFO - [2025-12-19 16:40:46] Status: ERROR | Text: '' | Job: 0
2025-12-19 16:40:47 - __main__ - INFO - [2025-12-19 16:40:47] Status: ERROR | Text: '' | Job: 0
2025-12-19 16:40:48 - __main__ - INFO - [2025-12-19 16:40:48] Status: ERROR | Text: '' | Job: 0
2025-12-19 16:40:49 - __main__ - INFO - [2025-12-19 16:40:49] Status: ERROR | Text: '' | Job: 0
2025-12-19 16:40:50 - __main__ - INFO - [2025-12-19 16:40:50] Status: ERROR | Text: '' | Job: 0
2025-12-19 16:40:51 - __main__ - INFO - [2025-12-19 16:40:51] Status: ERROR | Text: '' | Job: 0
2025-12-19 16:40:52 - __main__ - INFO - [2025-12-19 16:40:52] Status: ERROR | Text: '' | Job: 0
2025-12-19 16:40:53 - __main__ - INFO - [2025-12-19 16:40:53] Status: ERROR | Text: '' | Job: 0
2025-12-19 16:40:54 - __main__ - INFO - [2025-12-19 16:40:54] Status: ERROR | Text: '' | Job: 0
2025-12-19 16:40:55 - __main__ - INFO - [2025-12-19 16:40:55] Status: ERROR | Text: '' | Job: 0
2025-12-19 16:40:56 - __main__ - INFO - [2025-12-19 16:40:56] Status: ERROR | Text: '' | Job: 0
2025-12-19 16:40:57 - __main__ - INFO - [2025-12-19 16:40:57] Status: ERROR | Text: '' | Job: 0
2025-12-19 16:40:58 - __main__ - INFO - [2025-12-19 16:40:58] Status: ERROR | Text: '' | Job: 0
2025-12-19 16:40:59 - __main__ - INFO - [2025-12-19 16:40:59] Status: ERROR | Text: '' | Job: 0
2025-12-19 16:41:00 - __main__ - INFO - [2025-12-19 16:41:00] Status: ERROR | Text: '' | Job: 0
2025-12-19 16:41:01 - __main__ - INFO - [2025-12-19 16:41:01] Status: ERROR | Text: '' | Job: 0
2025-12-19 16:41:02 - __main__ - INFO - [2025-12-19 16:41:02] Status: ERROR | Text: '' | Job: 0
2025-12-19 16:41:03 - __main__ - INFO - [2025-12-19 16:41:03] Status: ERROR | Text: '' | Job: 0
2025-12-19 16:41:04 - __main__ - INFO - [2025-12-19 16:41:04] Status: ERROR | Text: '' | Job: 0
2025-12-19 16:41:05 - __main__ - INFO - [2025-12-19 16:41:05] Status: ERROR | Text: '' | Job: 0
2025-12-19 16:41:06 - __main__ - INFO - [2025-12-19 16:41:06] Status: ERROR | Text: '' | Job: 0
2025-12-19 16:41:07 - __main__ - INFO - [2025-12-19 16:41:07] Status: ERROR | Text: '' | Job: 0
2025-12-19 16:41:08 - __main__ - INFO - [2025-12-19 16:41:08] Status: ERROR | Text: '' | Job: 0
2025-12-19 16:41:09 - __main__ - INFO - [2025-12-19 16:41:09] Status: ERROR | Text: '' | Job: 0
2025-12-19 16:41:10 - __main__ - INFO - [2025-12-19 16:41:10] Status: ERROR | Text: '' | Job: 0
2025-12-19 16:41:11 - __main__ - INFO - [2025-12-19 16:41:11] Status: ERROR | Text: '' | Job: 0
2025-12-19 16:41:12 - __main__ - INFO - [2025-12-19 16:41:12] Status: ERROR | Text: '' | Job: 0
2025-12-19 16:41:13 - __main__ - INFO - [2025-12-19 16:41:13] Status: ERROR | Text: '' | Job: 0
2025-12-19 16:41:14 - __main__ - INFO - [2025-12-19 16:41:14] Status: ERROR | Text: '' | Job: 0
2025-12-19 16:41:15 - __main__ - INFO - [2025-12-19 16:41:15] Status: ERROR | Text: '' | Job: 0
2025-12-19 16:41:16 - __main__ - INFO - [2025-12-19 16:41:16] Status: ERROR | Text: '' | Job: 0
2025-12-19 16:41:17 - __main__ - INFO - [2025-12-19 16:41:17] Status: ERROR | Text: '' | Job: 0
2025-12-19 16:41:18 - __main__ - INFO - [2025-12-19 16:41:18] Status: ERROR | Text: '' | Job: 0
2025-12-19 16:41:19 - __main__ - INFO - [2025-12-19 16:41:19] Status: ERROR | Text: '' | Job: 0
2025-12-19 16:41:20 - __main__ - INFO - [2025-12-19 16:41:20] Status: ERROR | Text: '' | Job: 0
2025-12-19 16:41:21 - __main__ - INFO - [2025-12-19 16:41:21] Status: ERROR | Text: '' | Job: 0
2025-12-19 16:41:22 - __main__ - INFO - [2025-12-19 16:41:22] Status: ERROR | Text: '' | Job: 0
2025-12-19 16:41:23 - __main__ - INFO - [2025-12-19 16:41:23] Status: ERROR | Text: '' | Job: 0
2025-12-19 16:41:24 - __main__ - INFO - [2025-12-19 16:41:24] Status: ERROR | Text: '' | Job: 0
2025-12-19 16:41:25 - __main__ - INFO - [2025-12-19 16:41:25] Status: ERROR | Text: '' | Job: 0
2025-12-19 16:41:26 - __main__ - INFO - [2025-12-19 16:41:26] Status: ERROR | Text: '' | Job: 0
2025-12-19 16:41:27 - __main__ - INFO - [2025-12-19 16:41:27] Status: ERROR | Text: '' | Job: 0
2025-12-19 16:41:28 - __main__ - INFO - [2025-12-19 16:41:28] Status: ERROR | Text: '' | Job: 0
2025-12-19 16:41:29 - __main__ - INFO - [2025-12-19 16:41:29] Status: ERROR | Text: '' | Job: 0
2025-12-19 16:41:30 - __main__ - INFO - [2025-12-19 16:41:30] Status: ERROR | Text: '' | Job: 0
2025-12-19 16:41:31 - __main__ - INFO - [2025-12-19 16:41:31] Status: ERROR | Text: '' | Job: 0
2025-12-19 16:41:32 - __main__ - INFO - [2025-12-19 16:41:32] Status: ERROR | Text: '' | Job: 0
2025-12-19 16:41:33 - __main__ - INFO - [2025-12-19 16:41:33] Status: ERROR | Text: '' | Job: 0
2025-12-19 16:41:34 - __main__ - INFO - [2025-12-19 16:41:34] Status: ERROR | Text: '' | Job: 0
2025-12-19 16:41:35 - __main__ - INFO - [2025-12-19 16:41:35] Status: ERROR | Text: '' | Job: 0
2025-12-19 16:41:36 - __main__ - INFO - [2025-12-19 16:41:36] Status: ERROR | Text: '' | Job: 0
2025-12-19 16:41:37 - __main__ - INFO - [2025-12-19 16:41:37] Status: ERROR | Text: '' | Job: 0
2025-12-19 16:41:38 - __main__ - INFO - [2025-12-19 16:41:38] Status: ERROR | Text: '' | Job: 0
2025-12-19 16:41:39 - __main__ - INFO - [2025-12-19 16:41:39] Status: ERROR | Text: '' | Job: 0
2025-12-19 16:41:40 - __main__ - INFO - [2025-12-19 16:41:40] Status: ERROR | Text: '' | Job: 0
2025-12-19 16:41:41 - __main__ - INFO - [2025-12-19 16:41:41] Status: ERROR | Text: '' | Job: 0
2025-12-19 16:41:43 - __main__ - INFO - [2025-12-19 16:41:43] Status: ERROR | Text: '' | Job: 0
2025-12-19 16:41:44 - __main__ - INFO - [2025-12-19 16:41:44] Status: ERROR | Text: '' | Job: 0
2025-12-19 16:41:45 - __main__ - INFO - [2025-12-19 16:41:45] Status: ERROR | Text: '' | Job: 0
2025-12-19 16:41:46 - __main__ - INFO - [2025-12-19 16:41:46] Status: ERROR | Text: '' | Job: 0
2025-12-19 16:41:47 - __main__ - INFO - [2025-12-19 16:41:47] Status: ERROR | Text: '' | Job: 0
2025-12-19 16:41:48 - __main__ - INFO - [2025-12-19 16:41:48] Status: ERROR | Text: '' | Job: 0
2025-12-19 16:41:49 - __main__ - INFO - [2025-12-19 16:41:49] Status: ERROR | Text: '' | Job: 0
2025-12-19 16:41:50 - __main__ - INFO - [2025-12-19 16:41:50] Status: ERROR | Text: '' | Job: 0
2025-12-19 16:41:51 - __main__ - INFO - [2025-12-19 16:41:51] Status: ERROR | Text: '' | Job: 0
2025-12-19 16:41:52 - __main__ - INFO - [2025-12-19 16:41:52] Status: ERROR | Text: '' | Job: 0
2025-12-19 16:41:53 - __main__ - INFO - [2025-12-19 16:41:53] Status: ERROR | Text: '' | Job: 0
2025-12-19 16:41:54 - __main__ - INFO - [2025-12-19 16:41:54] Status: ERROR | Text: '' | Job: 0
2025-12-19 16:41:55 - __main__ - INFO - [2025-12-19 16:41:55] Status: ERROR | Text: '' | Job: 0
2025-12-19 16:41:56 - __main__ - INFO - [2025-12-19 16:41:56] Status: ERROR | Text: '' | Job: 0
2025-12-19 16:41:57 - __main__ - INFO - [2025-12-19 16:41:57] Status: ERROR | Text: '' | Job: 0
2025-12-19 16:41:58 - __main__ - INFO - [2025-12-19 16:41:58] Status: ERROR | Text: '' | Job: 0
2025-12-19 16:41:59 - __main__ - INFO - [2025-12-19 16:41:59] Status: ERROR | Text: '' | Job: 0
2025-12-19 16:42:00 - __main__ - INFO - [2025-12-19 16:42:00] Status: ERROR | Text: '' | Job: 0
2025-12-19 16:42:01 - __main__ - INFO - [2025-12-19 16:42:01] Status: ERROR | Text: '' | Job: 0
2025-12-19 16:42:02 - __main__ - INFO - [2025-12-19 16:42:02] Status: ERROR | Text: '' | Job: 0
2025-12-19 16:42:03 - __main__ - INFO - [2025-12-19 16:42:03] Status: ERROR | Text: '' | Job: 0
2025-12-19 16:42:04 - __main__ - INFO - [2025-12-19 16:42:04] Status: ERROR | Text: '' | Job: 0
2025-12-19 16:42:05 - __main__ - INFO - [2025-12-19 16:42:05] Status: ERROR | Text: '' | Job: 0
2025-12-19 16:42:06 - __main__ - INFO - [2025-12-19 16:42:06] Status: ERROR | Text: '' | Job: 0
2025-12-19 16:42:07 - __main__ - INFO - [2025-12-19 16:42:07] Status: ERROR | Text: '' | Job: 0
2025-12-19 16:42:08 - __main__ - INFO - [2025-12-19 16:42:08] Status: ERROR | Text: '' | Job: 0
2025-12-19 16:42:09 - __main__ - INFO - [2025-12-19 16:42:09] Status: ERROR | Text: '' | Job: 0
2025-12-19 16:42:10 - __main__ - INFO - [2025-12-19 16:42:10] Status: ERROR | Text: '' | Job: 0
2025-12-19 16:42:11 - __main__ - INFO - [2025-12-19 16:42:11] Status: ERROR | Text: '' | Job: 0
2025-12-19 16:42:12 - __main__ - INFO - [2025-12-19 16:42:12] Status: ERROR | Text: '' | Job: 0
2025-12-19 16:42:13 - __main__ - INFO - [2025-12-19 16:42:13] Status: ERROR | Text: '' | Job: 0
2025-12-19 16:42:14 - __main__ - INFO - [2025-12-19 16:42:14] Status: ERROR | Text: '' | Job: 0
2025-12-19 16:42:15 - __main__ - INFO - [2025-12-19 16:42:15] Status: ERROR | Text: '' | Job: 0
2025-12-19 16:42:16 - __main__ - INFO - [2025-12-19 16:42:16] Status: ERROR | Text: '' | Job: 0
2025-12-19 16:42:17 - __main__ - INFO - [2025-12-19 16:42:17] Status: ERROR | Text: '' | Job: 0
2025-12-19 16:42:18 - __main__ - INFO - [2025-12-19 16:42:18] Status: ERROR | Text: '' | Job: 0
2025-12-19 16:42:19 - __main__ - INFO - [2025-12-19 16:42:19] Status: ERROR | Text: '' | Job: 0
2025-12-19 16:42:21 - __main__ - INFO - [2025-12-19 16:42:21] Status: ERROR | Text: '' | Job: 0
2025-12-19 16:42:22 - __main__ - INFO - [2025-12-19 16:42:22] Status: ERROR | Text: '' | Job: 0
2025-12-19 16:42:23 - __main__ - INFO - [2025-12-19 16:42:23] Status: ERROR | Text: '' | Job: 0
2025-12-19 16:42:24 - __main__ - INFO - [2025-12-19 16:42:24] Status: ERROR | Text: '' | Job: 0
2025-12-19 16:42:25 - __main__ - INFO - [2025-12-19 16:42:25] Status: ERROR | Text: '' | Job: 0
2025-12-19 16:42:26 - __main__ - INFO - [2025-12-19 16:42:26] Status: ERROR | Text: '' | Job: 0
2025-12-19 16:42:27 - __main__ - INFO - [2025-12-19 16:42:27] Status: ERROR | Text: '' | Job: 0
2025-12-19 16:42:28 - __main__ - INFO - [2025-12-19 16:42:28] Status: ERROR | Text: '' | Job: 0
2025-12-19 16:42:29 - __main__ - INFO - [2025-12-19 16:42:29] Status: ERROR | Text: '' | Job: 0
2025-12-19 16:42:30 - __main__ - INFO - [2025-12-19 16:42:30] Status: ERROR | Text: '' | Job: 0
2025-12-19 16:42:31 - __main__ - INFO - [2025-12-19 16:42:31] Status: ERROR | Text: '' | Job: 0
2025-12-19 16:42:32 - __main__ - INFO - [2025-12-19 16:42:32] Status: ERROR | Text: '' | Job: 0
2025-12-19 16:42:33 - __main__ - INFO - [2025-12-19 16:42:33] Status: ERROR | Text: '' | Job: 0
2025-12-19 16:42:34 - __main__ - INFO - [2025-12-19 16:42:34] Status: ERROR | Text: '' | Job: 0
2025-12-19 16:42:35 - __main__ - INFO - [2025-12-19 16:42:35] Status: ERROR | Text: '' | Job: 0
2025-12-19 16:42:36 - __main__ - INFO - [2025-12-19 16:42:36] Status: ERROR | Text: '' | Job: 0
2025-12-19 16:42:37 - __main__ - INFO - [2025-12-19 16:42:37] Status: ERROR | Text: '' | Job: 0
2025-12-19 16:42:38 - __main__ - INFO - [2025-12-19 16:42:38] Status: ERROR | Text: '' | Job: 0
2025-12-19 16:42:39 - __main__ - INFO - [2025-12-19 16:42:39] Status: ERROR | Text: '' | Job: 0
2025-12-19 16:42:40 - __main__ - INFO - [2025-12-19 16:42:40] Status: ERROR | Text: '' | Job: 0
2025-12-19 16:42:41 - __main__ - INFO - [2025-12-19 16:42:41] Status: ERROR | Text: '' | Job: 0
2025-12-19 16:42:42 - __main__ - INFO - [2025-12-19 16:42:42] Status: ERROR | Text: '' | Job: 0
2025-12-19 16:42:43 - __main__ - INFO - [2025-12-19 16:42:43] Status: ERROR | Text: '' | Job: 0
2025-12-19 16:42:44 - __main__ - INFO - [2025-12-19 16:42:44] Status: ERROR | Text: '' | Job: 0
2025-12-19 16:42:45 - __main__ - INFO - [2025-12-19 16:42:45] Status: ERROR | Text: '' | Job: 0
2025-12-19 16:42:46 - __main__ - INFO - [2025-12-19 16:42:46] Status: ERROR | Text: '' | Job: 0
2025-12-19 16:42:47 - __main__ - INFO - [2025-12-19 16:42:47] Status: ERROR | Text: '' | Job: 0
2025-12-19 16:42:48 - __main__ - INFO - [2025-12-19 16:42:48] Status: ERROR | Text: '' | Job: 0
2025-12-19 16:42:49 - __main__ - INFO - [2025-12-19 16:42:49] Status: ERROR | Text: '' | Job: 0
2025-12-19 16:42:50 - __main__ - INFO - [2025-12-19 16:42:50] Status: ERROR | Text: '' | Job: 0
2025-12-19 16:42:51 - __main__ - INFO - [2025-12-19 16:42:51] Status: ERROR | Text: '' | Job: 0
2025-12-19 16:42:52 - __main__ - INFO - [2025-12-19 16:42:52] Status: ERROR | Text: '' | Job: 0
2025-12-19 16:42:53 - __main__ - INFO - [2025-12-19 16:42:53] Status: ERROR | Text: '' | Job: 0
2025-12-19 16:42:54 - __main__ - INFO - [2025-12-19 16:42:54] Status: ERROR | Text: '' | Job: 0
2025-12-19 16:42:55 - __main__ - INFO - [2025-12-19 16:42:55] Status: ERROR | Text: '' | Job: 0
2025-12-19 16:42:56 - __main__ - INFO - [2025-12-19 16:42:56] Status: ERROR | Text: '' | Job: 0
2025-12-19 16:42:57 - __main__ - INFO - [2025-12-19 16:42:57] Status: ERROR | Text: '' | Job: 0
2025-12-19 16:42:58 - __main__ - INFO - [2025-12-19 16:42:58] Status: ERROR | Text: '' | Job: 0
2025-12-19 16:42:59 - __main__ - INFO - [2025-12-19 16:42:59] Status: ERROR | Text: '' | Job: 0
2025-12-19 16:43:00 - __main__ - INFO - [2025-12-19 16:43:00] Status: ERROR | Text: '' | Job: 0
2025-12-19 16:43:01 - __main__ - INFO - [2025-12-19 16:43:01] Status: ERROR | Text: '' | Job: 0
2025-12-19 16:43:02 - __main__ - INFO - [2025-12-19 16:43:02] Status: ERROR | Text: '' | Job: 0
2025-12-19 16:43:03 - __main__ - INFO - [2025-12-19 16:43:03] Status: ERROR | Text: '' | Job: 0
2025-12-19 16:43:04 - __main__ - INFO - [2025-12-19 16:43:04] Status: ERROR | Text: '' | Job: 0
2025-12-19 16:43:05 - __main__ - INFO - [2025-12-19 16:43:05] Status: ERROR | Text: '' | Job: 0
2025-12-19 16:43:06 - __main__ - INFO - [2025-12-19 16:43:06] Status: ERROR | Text: '' | Job: 0
2025-12-19 16:43:07 - __main__ - INFO - [2025-12-19 16:43:07] Status: ERROR | Text: '' | Job: 0
2025-12-19 16:43:08 - __main__ - INFO - [2025-12-19 16:43:08] Status: ERROR | Text: '' | Job: 0
2025-12-19 16:43:09 - __main__ - INFO - [2025-12-19 16:43:09] Status: ERROR | Text: '' | Job: 0
2025-12-19 16:43:10 - __main__ - INFO - [2025-12-19 16:43:10] Status: ERROR | Text: '' | Job: 0
2025-12-19 16:43:11 - __main__ - INFO - [2025-12-19 16:43:11] Status: ERROR | Text: '' | Job: 0
2025-12-19 16:43:12 - __main__ - INFO - [2025-12-19 16:43:12] Status: ERROR | Text: '' | Job: 0
2025-12-19 16:43:13 - __main__ - INFO - [2025-12-19 16:43:13] Status: ERROR | Text: '' | Job: 0
2025-12-19 16:43:14 - __main__ - INFO - [2025-12-19 16:43:14] Status: ERROR | Text: '' | Job: 0
2025-12-19 16:43:15 - __main__ - INFO - [2025-12-19 16:43:15] Status: ERROR | Text: '' | Job: 0
2025-12-19 16:43:16 - __main__ - INFO - [2025-12-19 16:43:16] Status: ERROR | Text: '' | Job: 0
2025-12-19 16:43:17 - __main__ - INFO - [2025-12-19 16:43:17] Status: ERROR | Text: '' | Job: 0
2025-12-19 16:43:18 - __main__ - INFO - [2025-12-19 16:43:18] Status: ERROR | Text: '' | Job: 0
2025-12-19 16:43:19 - __main__ - INFO - [2025-12-19 16:43:19] Status: ERROR | Text: '' | Job: 0
2025-12-19 16:43:20 - __main__ - INFO - [2025-12-19 16:43:20] Status: ERROR | Text: '' | Job: 0
2025-12-19 16:43:21 - __main__ - INFO - [2025-12-19 16:43:21] Status: ERROR | Text: '' | Job: 0
2025-12-19 16:43:22 - __main__ - INFO - [2025-12-19 16:43:22] Status: ERROR | Text: '' | Job: 0
2025-12-19 16:43:23 - __main__ - INFO - [2025-12-19 16:43:23] Status: ERROR | Text: '' | Job: 0
2025-12-19 16:43:24 - __main__ - INFO - [2025-12-19 16:43:24] Status: ERROR | Text: '' | Job: 0
2025-12-19 16:43:25 - __main__ - INFO - [2025-12-19 16:43:25] Status: ERROR | Text: '' | Job: 0
2025-12-19 16:43:26 - __main__ - INFO - [2025-12-19 16:43:26] Status: ERROR | Text: '' | Job: 0
2025-12-19 16:43:27 - __main__ - INFO - [2025-12-19 16:43:27] Status: ERROR | Text: '' | Job: 0
2025-12-19 16:43:28 - __main__ - INFO - [2025-12-19 16:43:28] Status: ERROR | Text: '' | Job: 0
2025-12-19 16:43:29 - __main__ - INFO - [2025-12-19 16:43:29] Status: ERROR | Text: '' | Job: 0
2025-12-19 16:43:30 - __main__ - INFO - [2025-12-19 16:43:30] Status: ERROR | Text: '' | Job: 0
2025-12-19 16:43:31 - __main__ - INFO - [2025-12-19 16:43:31] Status: ERROR | Text: '' | Job: 0
2025-12-19 16:43:32 - __main__ - INFO - [2025-12-19 16:43:32] Status: ERROR | Text: '' | Job: 0
2025-12-19 16:43:33 - __main__ - INFO - [2025-12-19 16:43:33] Status: ERROR | Text: '' | Job: 0
2025-12-19 16:43:34 - __main__ - INFO - [2025-12-19 16:43:34] Status: ERROR | Text: '' | Job: 0
2025-12-19 16:43:35 - __main__ - INFO - [2025-12-19 16:43:35] Status: ERROR | Text: '' | Job: 0
2025-12-19 16:43:36 - __main__ - INFO - [2025-12-19 16:43:36] Status: ERROR | Text: '' | Job: 0
2025-12-19 16:43:38 - __main__ - INFO - [2025-12-19 16:43:38] Status: ERROR | Text: '' | Job: 0
2025-12-19 16:43:39 - __main__ - INFO - [2025-12-19 16:43:39] Status: ERROR | Text: '' | Job: 0
2025-12-19 16:43:40 - __main__ - INFO - [2025-12-19 16:43:40] Status: ERROR | Text: '' | Job: 0
2025-12-19 16:43:41 - __main__ - INFO - [2025-12-19 16:43:41] Status: ERROR | Text: '' | Job: 0
2025-12-19 16:43:42 - __main__ - INFO - [2025-12-19 16:43:42] Status: ERROR | Text: '' | Job: 0
2025-12-19 16:43:43 - __main__ - INFO - [2025-12-19 16:43:43] Status: ERROR | Text: '' | Job: 0
2025-12-19 16:43:44 - __main__ - INFO - [2025-12-19 16:43:44] Status: ERROR | Text: '' | Job: 0
2025-12-19 16:43:45 - __main__ - INFO - [2025-12-19 16:43:45] Status: ERROR | Text: '' | Job: 0
2025-12-19 16:43:46 - __main__ - INFO - [2025-12-19 16:43:46] Status: ERROR | Text: '' | Job: 0
2025-12-19 16:43:47 - __main__ - INFO - [2025-12-19 16:43:47] Status: ERROR | Text: '' | Job: 0
2025-12-19 16:43:48 - __main__ - INFO - [2025-12-19 16:43:48] Status: ERROR | Text: '' | Job: 0
2025-12-19 16:43:49 - __main__ - INFO - [2025-12-19 16:43:49] Status: ERROR | Text: '' | Job: 0
2025-12-19 16:43:50 - __main__ - INFO - [2025-12-19 16:43:50] Status: ERROR | Text: '' | Job: 0
2025-12-19 16:43:51 - __main__ - INFO - [2025-12-19 16:43:51] Status: ERROR | Text: '' | Job: 0
2025-12-19 16:43:52 - __main__ - INFO - [2025-12-19 16:43:52] Status: ERROR | Text: '' | Job: 0
2025-12-19 16:43:53 - __main__ - INFO - [2025-12-19 16:43:53] Status: ERROR | Text: '' | Job: 0
2025-12-19 16:43:54 - __main__ - INFO - [2025-12-19 16:43:54] Status: ERROR | Text: '' | Job: 0
2025-12-19 16:43:55 - __main__ - INFO - [2025-12-19 16:43:55] Status: ERROR | Text: '' | Job: 0
2025-12-19 16:43:56 - __main__ - INFO - [2025-12-19 16:43:56] Status: ERROR | Text: '' | Job: 0
2025-12-19 16:43:57 - __main__ - INFO - [2025-12-19 16:43:57] Status: ERROR | Text: '' | Job: 0
2025-12-19 16:43:58 - __main__ - INFO - [2025-12-19 16:43:58] Status: ERROR | Text: '' | Job: 0
2025-12-19 16:43:59 - __main__ - INFO - [2025-12-19 16:43:59] Status: ERROR | Text: '' | Job: 0
2025-12-19 16:44:00 - __main__ - INFO - [2025-12-19 16:44:00] Status: ERROR | Text: '' | Job: 0
2025-12-19 16:44:01 - __main__ - INFO - [2025-12-19 16:44:01] Status: ERROR | Text: '' | Job: 0
2025-12-19 16:44:02 - __main__ - INFO - [2025-12-19 16:44:02] Status: ERROR | Text: '' | Job: 0
2025-12-19 16:44:03 - __main__ - INFO - [2025-12-19 16:44:03] Status: ERROR | Text: '' | Job: 0
2025-12-19 16:44:04 - __main__ - INFO - [2025-12-19 16:44:04] Status: ERROR | Text: '' | Job: 0
2025-12-19 16:44:05 - __main__ - INFO - [2025-12-19 16:44:05] Status: ERROR | Text: '' | Job: 0
2025-12-19 16:44:06 - __main__ - INFO - [2025-12-19 16:44:06] Status: ERROR | Text: '' | Job: 0
2025-12-19 16:44:07 - __main__ - INFO - [2025-12-19 16:44:07] Status: ERROR | Text: '' | Job: 0
2025-12-19 16:44:08 - __main__ - INFO - [2025-12-19 16:44:08] Status: ERROR | Text: '' | Job: 0
2025-12-19 16:44:09 - __main__ - INFO - [2025-12-19 16:44:09] Status: ERROR | Text: '' | Job: 0
2025-12-19 16:44:10 - __main__ - INFO - [2025-12-19 16:44:10] Status: ERROR | Text: '' | Job: 0
2025-12-19 16:44:11 - __main__ - INFO - [2025-12-19 16:44:11] Status: ERROR | Text: '' | Job: 0
2025-12-19 16:44:12 - __main__ - INFO - [2025-12-19 16:44:12] Status: ERROR | Text: '' | Job: 0
2025-12-19 16:44:13 - __main__ - INFO - [2025-12-19 16:44:13] Status: ERROR | Text: '' | Job: 0
2025-12-19 16:44:14 - __main__ - INFO - [2025-12-19 16:44:14] Status: ERROR | Text: '' | Job: 0
2025-12-19 16:44:15 - __main__ - INFO - [2025-12-19 16:44:15] Status: ERROR | Text: '' | Job: 0
2025-12-19 16:44:16 - __main__ - INFO - [2025-12-19 16:44:16] Status: ERROR | Text: '' | Job: 0
2025-12-19 16:44:17 - __main__ - INFO - [2025-12-19 16:44:17] Status: ERROR | Text: '' | Job: 0
2025-12-19 16:44:18 - __main__ - INFO - [2025-12-19 16:44:18] Status: ERROR | Text: '' | Job: 0
2025-12-19 16:44:19 - __main__ - INFO - [2025-12-19 16:44:19] Status: ERROR | Text: '' | Job: 0
2025-12-19 16:44:20 - __main__ - INFO - [2025-12-19 16:44:20] Status: ERROR | Text: '' | Job: 0
2025-12-19 16:44:21 - __main__ - INFO - [2025-12-19 16:44:21] Status: ERROR | Text: '' | Job: 0
2025-12-19 16:44:22 - __main__ - INFO - [2025-12-19 16:44:22] Status: ERROR | Text: '' | Job: 0
2025-12-19 16:44:23 - __main__ - INFO - [2025-12-19 16:44:23] Status: ERROR | Text: '' | Job: 0
2025-12-19 16:44:24 - __main__ - INFO - [2025-12-19 16:44:24] Status: ERROR | Text: '' | Job: 0
2025-12-19 16:44:25 - __main__ - INFO - [2025-12-19 16:44:25] Status: ERROR | Text: '' | Job: 0
2025-12-19 16:44:26 - __main__ - INFO - [2025-12-19 16:44:26] Status: ERROR | Text: '' | Job: 0
2025-12-19 16:44:27 - __main__ - INFO - [2025-12-19 16:44:27] Status: ERROR | Text: '' | Job: 0
2025-12-19 16:44:28 - __main__ - INFO - [2025-12-19 16:44:28] Status: ERROR | Text: '' | Job: 0
2025-12-19 16:44:29 - __main__ - INFO - [2025-12-19 16:44:29] Status: ERROR | Text: '' | Job: 0
2025-12-19 16:44:30 - __main__ - INFO - [2025-12-19 16:44:30] Status: ERROR | Text: '' | Job: 0
2025-12-19 16:44:31 - __main__ - INFO - [2025-12-19 16:44:31] Status: ERROR | Text: '' | Job: 0
2025-12-19 16:44:32 - __main__ - INFO - [2025-12-19 16:44:32] Status: ERROR | Text: '' | Job: 0
2025-12-19 16:44:33 - __main__ - INFO - [2025-12-19 16:44:33] Status: ERROR | Text: '' | Job: 0
2025-12-19 16:44:34 - __main__ - INFO - [2025-12-19 16:44:34] Status: ERROR | Text: '' | Job: 0
2025-12-19 16:44:35 - __main__ - INFO - [2025-12-19 16:44:35] Status: ERROR | Text: '' | Job: 0
2025-12-19 16:44:36 - __main__ - INFO - [2025-12-19 16:44:36] Status: ERROR | Text: '' | Job: 0
2025-12-19 16:44:37 - __main__ - INFO - [2025-12-19 16:44:37] Status: ERROR | Text: '' | Job: 0
2025-12-19 16:44:38 - __main__ - INFO - [2025-12-19 16:44:38] Status: ERROR | Text: '' | Job: 0
2025-12-19 16:44:39 - __main__ - INFO - [2025-12-19 16:44:39] Status: ERROR | Text: '' | Job: 0
2025-12-19 16:44:40 - __main__ - INFO - [2025-12-19 16:44:40] Status: ERROR | Text: '' | Job: 0
2025-12-19 16:44:41 - __main__ - INFO - [2025-12-19 16:44:41] Status: ERROR | Text: '' | Job: 0
2025-12-19 16:44:42 - __main__ - INFO - [2025-12-19 16:44:42] Status: ERROR | Text: '' | Job: 0
2025-12-19 16:44:43 - __main__ - INFO - [2025-12-19 16:44:43] Status: ERROR | Text: '' | Job: 0
2025-12-19 16:44:44 - __main__ - INFO - [2025-12-19 16:44:44] Status: ERROR | Text: '' | Job: 0
2025-12-19 16:44:45 - __main__ - INFO - [2025-12-19 16:44:45] Status: ERROR | Text: '' | Job: 0
2025-12-19 16:44:46 - __main__ - INFO - [2025-12-19 16:44:46] Status: ERROR | Text: '' | Job: 0
2025-12-19 16:44:47 - __main__ - INFO - [2025-12-19 16:44:47] Status: ERROR | Text: '' | Job: 0
2025-12-19 16:44:48 - __main__ - INFO - [2025-12-19 16:44:48] Status: ERROR | Text: '' | Job: 0
2025-12-19 16:44:49 - __main__ - INFO - [2025-12-19 16:44:49] Status: ERROR | Text: '' | Job: 0
2025-12-19 16:44:50 - __main__ - INFO - [2025-12-19 16:44:50] Status: ERROR | Text: '' | Job: 0
2025-12-19 16:44:51 - __main__ - INFO - [2025-12-19 16:44:51] Status: ERROR | Text: '' | Job: 0
2025-12-19 16:44:52 - __main__ - INFO - [2025-12-19 16:44:52] Status: ERROR | Text: '' | Job: 0
2025-12-19 16:44:53 - __main__ - INFO - [2025-12-19 16:44:53] Status: ERROR | Text: '' | Job: 0
2025-12-19 16:44:54 - __main__ - INFO - [2025-12-19 16:44:54] Status: ERROR | Text: '' | Job: 0
2025-12-19 16:44:55 - __main__ - INFO - [2025-12-19 16:44:55] Status: ERROR | Text: '' | Job: 0
2025-12-19 16:44:56 - __main__ - INFO - [2025-12-19 16:44:56] Status: ERROR | Text: '' | Job: 0
2025-12-19 16:44:57 - __main__ - INFO - [2025-12-19 16:44:57] Status: ERROR | Text: '' | Job: 0
2025-12-19 16:44:58 - __main__ - INFO - [2025-12-19 16:44:58] Status: ERROR | Text: '' | Job: 0
2025-12-19 16:44:59 - __main__ - INFO - [2025-12-19 16:44:59] Status: ERROR | Text: '' | Job: 0
2025-12-19 16:45:00 - __main__ - INFO - [2025-12-19 16:45:00] Status: ERROR | Text: '' | Job: 0
2025-12-19 16:45:01 - __main__ - INFO - [2025-12-19 16:45:01] Status: ERROR | Text: '' | Job: 0
2025-12-19 16:45:02 - __main__ - INFO - [2025-12-19 16:45:02] Status: ERROR | Text: '' | Job: 0
2025-12-19 16:45:03 - __main__ - INFO - [2025-12-19 16:45:03] Status: ERROR | Text: '' | Job: 0
2025-12-19 16:45:04 - __main__ - INFO - [2025-12-19 16:45:04] Status: ERROR | Text: '' | Job: 0
2025-12-19 16:45:05 - __main__ - INFO - [2025-12-19 16:45:05] Status: ERROR | Text: '' | Job: 0
2025-12-19 16:45:06 - __main__ - INFO - [2025-12-19 16:45:06] Status: ERROR | Text: '' | Job: 0
2025-12-19 16:45:07 - __main__ - INFO - [2025-12-19 16:45:07] Status: ERROR | Text: '' | Job: 0
2025-12-19 16:45:08 - __main__ - INFO - [2025-12-19 16:45:08] Status: ERROR | Text: '' | Job: 0
2025-12-19 16:45:09 - __main__ - INFO - [2025-12-19 16:45:09] Status: ERROR | Text: '' | Job: 0
2025-12-19 16:45:10 - __main__ - INFO - [2025-12-19 16:45:10] Status: ERROR | Text: '' | Job: 0
2025-12-19 16:45:11 - __main__ - INFO - [2025-12-19 16:45:11] Status: ERROR | Text: '' | Job: 0
2025-12-19 16:45:12 - __main__ - INFO - [2025-12-19 16:45:12] Status: ERROR | Text: '' | Job: 0
2025-12-19 16:45:13 - __main__ - INFO - [2025-12-19 16:45:13] Status: ERROR | Text: '' | Job: 0
2025-12-19 16:45:14 - __main__ - INFO - [2025-12-19 16:45:14] Status: ERROR | Text: '' | Job: 0
2025-12-19 16:45:15 - __main__ - INFO - [2025-12-19 16:45:15] Status: ERROR | Text: '' | Job: 0
2025-12-19 16:45:16 - __main__ - INFO - [2025-12-19 16:45:16] Status: ERROR | Text: '' | Job: 0
2025-12-19 16:45:17 - __main__ - INFO - [2025-12-19 16:45:17] Status: ERROR | Text: '' | Job: 0
2025-12-19 16:45:18 - __main__ - INFO - [2025-12-19 16:45:18] Status: ERROR | Text: '' | Job: 0
2025-12-19 16:45:19 - __main__ - INFO - [2025-12-19 16:45:19] Status: ERROR | Text: '' | Job: 0
2025-12-19 16:45:20 - __main__ - INFO - [2025-12-19 16:45:20] Status: ERROR | Text: '' | Job: 0
2025-12-19 16:45:21 - __main__ - INFO - [2025-12-19 16:45:21] Status: ERROR | Text: '' | Job: 0
2025-12-19 16:45:22 - __main__ - INFO - [2025-12-19 16:45:22] Status: ERROR | Text: '' | Job: 0
2025-12-19 16:45:23 - __main__ - INFO - [2025-12-19 16:45:23] Status: ERROR | Text: '' | Job: 0
2025-12-19 16:45:24 - __main__ - INFO - [2025-12-19 16:45:24] Status: ERROR | Text: '' | Job: 0
2025-12-19 16:45:25 - __main__ - INFO - [2025-12-19 16:45:25] Status: ERROR | Text: '' | Job: 0
2025-12-19 16:45:26 - __main__ - INFO - [2025-12-19 16:45:26] Status: ERROR | Text: '' | Job: 0
2025-12-19 16:45:27 - __main__ - INFO - [2025-12-19 16:45:27] Status: ERROR | Text: '' | Job: 0
2025-12-19 16:45:28 - __main__ - INFO - [2025-12-19 16:45:28] Status: ERROR | Text: '' | Job: 0
2025-12-19 16:45:29 - __main__ - INFO - [2025-12-19 16:45:29] Status: ERROR | Text: '' | Job: 0
2025-12-19 16:45:30 - __main__ - INFO - [2025-12-19 16:45:30] Status: ERROR | Text: '' | Job: 0
2025-12-19 16:45:31 - __main__ - INFO - [2025-12-19 16:45:31] Status: ERROR | Text: '' | Job: 0
2025-12-19 16:45:32 - __main__ - INFO - [2025-12-19 16:45:32] Status: ERROR | Text: '' | Job: 0
2025-12-19 16:45:33 - __main__ - INFO - [2025-12-19 16:45:33] Status: ERROR | Text: '' | Job: 0
2025-12-19 16:45:34 - __main__ - INFO - [2025-12-19 16:45:34] Status: ERROR | Text: '' | Job: 0
2025-12-19 16:45:35 - __main__ - INFO - [2025-12-19 16:45:35] Status: ERROR | Text: '' | Job: 0
2025-12-19 16:45:36 - __main__ - INFO - [2025-12-19 16:45:36] Status: ERROR | Text: '' | Job: 0
2025-12-19 16:45:37 - __main__ - INFO - [2025-12-19 16:45:37] Status: ERROR | Text: '' | Job: 0
2025-12-19 16:45:38 - __main__ - INFO - [2025-12-19 16:45:38] Status: ERROR | Text: '' | Job: 0
2025-12-19 16:45:39 - __main__ - INFO - [2025-12-19 16:45:39] Status: ERROR | Text: '' | Job: 0
2025-12-19 16:45:40 - __main__ - INFO - [2025-12-19 16:45:40] Status: ERROR | Text: '' | Job: 0
2025-12-19 16:45:41 - __main__ - INFO - [2025-12-19 16:45:41] Status: ERROR | Text: '' | Job: 0
2025-12-19 16:45:42 - __main__ - INFO - [2025-12-19 16:45:42] Status: ERROR | Text: '' | Job: 0
2025-12-19 16:45:44 - __main__ - INFO - [2025-12-19 16:45:44] Status: ERROR | Text: '' | Job: 0
2025-12-19 16:45:45 - __main__ - INFO - [2025-12-19 16:45:45] Status: ERROR | Text: '' | Job: 0
2025-12-19 16:45:46 - __main__ - INFO - [2025-12-19 16:45:46] Status: ERROR | Text: '' | Job: 0
2025-12-19 16:45:47 - __main__ - INFO - [2025-12-19 16:45:47] Status: ERROR | Text: '' | Job: 0
2025-12-19 16:45:48 - __main__ - INFO - [2025-12-19 16:45:48] Status: ERROR | Text: '' | Job: 0
2025-12-19 16:45:49 - __main__ - INFO - [2025-12-19 16:45:49] Status: ERROR | Text: '' | Job: 0
2025-12-19 16:45:50 - __main__ - INFO - [2025-12-19 16:45:50] Status: ERROR | Text: '' | Job: 0
2025-12-19 16:45:51 - __main__ - INFO - [2025-12-19 16:45:51] Status: ERROR | Text: '' | Job: 0
2025-12-19 16:45:52 - __main__ - INFO - [2025-12-19 16:45:52] Status: ERROR | Text: '' | Job: 0
2025-12-19 16:45:53 - __main__ - INFO - [2025-12-19 16:45:53] Status: ERROR | Text: '' | Job: 0
2025-12-19 16:45:54 - __main__ - INFO - [2025-12-19 16:45:54] Status: ERROR | Text: '' | Job: 0
2025-12-19 16:45:55 - __main__ - INFO - [2025-12-19 16:45:55] Status: ERROR | Text: '' | Job: 0
2025-12-19 16:45:56 - __main__ - INFO - [2025-12-19 16:45:56] Status: ERROR | Text: '' | Job: 0
2025-12-19 16:45:57 - __main__ - INFO - [2025-12-19 16:45:57] Status: ERROR | Text: '' | Job: 0
2025-12-19 16:45:58 - __main__ - INFO - [2025-12-19 16:45:58] Status: ERROR | Text: '' | Job: 0
2025-12-19 16:45:59 - __main__ - INFO - [2025-12-19 16:45:59] Status: ERROR | Text: '' | Job: 0
2025-12-19 16:46:00 - __main__ - INFO - [2025-12-19 16:46:00] Status: ERROR | Text: '' | Job: 0
2025-12-19 16:46:01 - __main__ - INFO - [2025-12-19 16:46:01] Status: ERROR | Text: '' | Job: 0
2025-12-19 16:46:02 - __main__ - INFO - [2025-12-19 16:46:02] Status: ERROR | Text: '' | Job: 0
2025-12-19 16:46:03 - __main__ - INFO - [2025-12-19 16:46:03] Status: ERROR | Text: '' | Job: 0
2025-12-19 16:46:04 - __main__ - INFO - [2025-12-19 16:46:04] Status: ERROR | Text: '' | Job: 0
2025-12-19 16:46:05 - __main__ - INFO - [2025-12-19 16:46:05] Status: ERROR | Text: '' | Job: 0
2025-12-19 16:46:06 - __main__ - INFO - [2025-12-19 16:46:06] Status: ERROR | Text: '' | Job: 0
2025-12-19 16:46:07 - __main__ - INFO - [2025-12-19 16:46:07] Status: ERROR | Text: '' | Job: 0
2025-12-19 16:46:08 - __main__ - INFO - [2025-12-19 16:46:08] Status: ERROR | Text: '' | Job: 0
2025-12-19 16:46:09 - __main__ - INFO - [2025-12-19 16:46:09] Status: ERROR | Text: '' | Job: 0
2025-12-19 16:46:10 - __main__ - INFO - [2025-12-19 16:46:10] Status: ERROR | Text: '' | Job: 0
2025-12-19 16:46:11 - __main__ - INFO - [2025-12-19 16:46:11] Status: ERROR | Text: '' | Job: 0
2025-12-19 16:46:12 - __main__ - INFO - [2025-12-19 16:46:12] Status: ERROR | Text: '' | Job: 0
2025-12-19 16:46:13 - __main__ - INFO - [2025-12-19 16:46:13] Status: ERROR | Text: '' | Job: 0
2025-12-19 16:46:14 - __main__ - INFO - [2025-12-19 16:46:14] Status: ERROR | Text: '' | Job: 0
2025-12-19 16:46:15 - __main__ - INFO - [2025-12-19 16:46:15] Status: ERROR | Text: '' | Job: 0
2025-12-19 16:46:16 - __main__ - INFO - [2025-12-19 16:46:16] Status: ERROR | Text: '' | Job: 0
2025-12-19 16:46:17 - __main__ - INFO - [2025-12-19 16:46:17] Status: ERROR | Text: '' | Job: 0
2025-12-19 16:46:18 - __main__ - INFO - [2025-12-19 16:46:18] Status: ERROR | Text: '' | Job: 0
2025-12-19 16:46:19 - __main__ - INFO - [2025-12-19 16:46:19] Status: ERROR | Text: '' | Job: 0
2025-12-19 16:46:20 - __main__ - INFO - [2025-12-19 16:46:20] Status: ERROR | Text: '' | Job: 0
2025-12-19 16:46:21 - __main__ - INFO - [2025-12-19 16:46:21] Status: ERROR | Text: '' | Job: 0
2025-12-19 16:46:22 - __main__ - INFO - [2025-12-19 16:46:22] Status: ERROR | Text: '' | Job: 0
2025-12-19 16:46:23 - __main__ - INFO - [2025-12-19 16:46:23] Status: ERROR | Text: '' | Job: 0
2025-12-19 16:46:24 - __main__ - INFO - [2025-12-19 16:46:24] Status: ERROR | Text: '' | Job: 0
2025-12-19 16:46:25 - __main__ - INFO - [2025-12-19 16:46:25] Status: ERROR | Text: '' | Job: 0
2025-12-19 16:46:26 - __main__ - INFO - [2025-12-19 16:46:26] Status: ERROR | Text: '' | Job: 0
2025-12-19 16:46:27 - __main__ - INFO - [2025-12-19 16:46:27] Status: ERROR | Text: '' | Job: 0
2025-12-19 16:46:28 - __main__ - INFO - [2025-12-19 16:46:28] Status: ERROR | Text: '' | Job: 0
2025-12-19 16:46:29 - __main__ - INFO - [2025-12-19 16:46:29] Status: ERROR | Text: '' | Job: 0
2025-12-19 16:46:31 - __main__ - INFO - [2025-12-19 16:46:31] Status: ERROR | Text: '' | Job: 0
2025-12-19 16:46:32 - __main__ - INFO - [2025-12-19 16:46:32] Status: ERROR | Text: '' | Job: 0
2025-12-19 16:46:33 - __main__ - INFO - [2025-12-19 16:46:33] Status: ERROR | Text: '' | Job: 0
2025-12-19 16:46:34 - __main__ - INFO - [2025-12-19 16:46:34] Status: ERROR | Text: '' | Job: 0
2025-12-19 16:46:35 - __main__ - INFO - [2025-12-19 16:46:35] Status: ERROR | Text: '' | Job: 0
2025-12-19 16:46:36 - __main__ - INFO - [2025-12-19 16:46:36] Status: ERROR | Text: '' | Job: 0
2025-12-19 16:46:37 - __main__ - INFO - [2025-12-19 16:46:37] Status: ERROR | Text: '' | Job: 0
2025-12-19 16:46:38 - __main__ - INFO - [2025-12-19 16:46:38] Status: ERROR | Text: '' | Job: 0
2025-12-19 16:46:39 - __main__ - INFO - [2025-12-19 16:46:39] Status: ERROR | Text: '' | Job: 0
2025-12-19 16:46:40 - __main__ - INFO - [2025-12-19 16:46:40] Status: ERROR | Text: '' | Job: 0
2025-12-19 16:46:41 - __main__ - INFO - [2025-12-19 16:46:41] Status: ERROR | Text: '' | Job: 0
2025-12-19 16:46:42 - __main__ - INFO - [2025-12-19 16:46:42] Status: ERROR | Text: '' | Job: 0
2025-12-19 16:46:43 - __main__ - INFO - [2025-12-19 16:46:43] Status: ERROR | Text: '' | Job: 0
2025-12-19 16:46:44 - __main__ - INFO - [2025-12-19 16:46:44] Status: ERROR | Text: '' | Job: 0
2025-12-19 16:46:45 - __main__ - INFO - [2025-12-19 16:46:45] Status: ERROR | Text: '' | Job: 0
2025-12-19 16:46:46 - __main__ - INFO - [2025-12-19 16:46:46] Status: ERROR | Text: '' | Job: 0
2025-12-19 16:46:47 - __main__ - INFO - [2025-12-19 16:46:47] Status: ERROR | Text: '' | Job: 0
2025-12-19 16:46:48 - __main__ - INFO - [2025-12-19 16:46:48] Status: ERROR | Text: '' | Job: 0
2025-12-19 16:46:49 - __main__ - INFO - [2025-12-19 16:46:49] Status: ERROR | Text: '' | Job: 0
2025-12-19 16:46:50 - __main__ - INFO - [2025-12-19 16:46:50] Status: ERROR | Text: '' | Job: 0
2025-12-19 16:46:51 - __main__ - INFO - [2025-12-19 16:46:51] Status: ERROR | Text: '' | Job: 0
2025-12-19 16:46:52 - __main__ - INFO - [2025-12-19 16:46:52] Status: ERROR | Text: '' | Job: 0
2025-12-19 16:46:53 - __main__ - INFO - [2025-12-19 16:46:53] Status: ERROR | Text: '' | Job: 0
2025-12-19 16:46:54 - __main__ - INFO - [2025-12-19 16:46:54] Status: ERROR | Text: '' | Job: 0
2025-12-19 16:46:55 - __main__ - INFO - [2025-12-19 16:46:55] Status: ERROR | Text: '' | Job: 0
2025-12-19 16:46:56 - __main__ - INFO - [2025-12-19 16:46:56] Status: ERROR | Text: '' | Job: 0
2025-12-19 16:46:57 - __main__ - INFO - [2025-12-19 16:46:57] Status: ERROR | Text: '' | Job: 0
2025-12-19 16:46:58 - __main__ - INFO - [2025-12-19 16:46:58] Status: ERROR | Text: '' | Job: 0
2025-12-19 16:46:59 - __main__ - INFO - [2025-12-19 16:46:59] Status: ERROR | Text: '' | Job: 0
2025-12-19 16:47:00 - __main__ - INFO - [2025-12-19 16:47:00] Status: ERROR | Text: '' | Job: 0
2025-12-19 16:47:01 - __main__ - INFO - [2025-12-19 16:47:01] Status: ERROR | Text: '' | Job: 0
2025-12-19 16:47:02 - __main__ - INFO - [2025-12-19 16:47:02] Status: ERROR | Text: '' | Job: 0
2025-12-19 16:47:03 - __main__ - INFO - [2025-12-19 16:47:03] Status: ERROR | Text: '' | Job: 0
2025-12-19 16:47:04 - __main__ - INFO - [2025-12-19 16:47:04] Status: ERROR | Text: '' | Job: 0
2025-12-19 16:47:05 - __main__ - INFO - [2025-12-19 16:47:05] Status: ERROR | Text: '' | Job: 0
2025-12-19 16:47:06 - __main__ - INFO - [2025-12-19 16:47:06] Status: ERROR | Text: '' | Job: 0
2025-12-19 16:47:07 - __main__ - INFO - [2025-12-19 16:47:07] Status: ERROR | Text: '' | Job: 0
2025-12-19 16:47:08 - __main__ - INFO - [2025-12-19 16:47:08] Status: ERROR | Text: '' | Job: 0
2025-12-19 16:47:09 - __main__ - INFO - [2025-12-19 16:47:09] Status: ERROR | Text: '' | Job: 0
2025-12-19 16:47:10 - __main__ - INFO - [2025-12-19 16:47:10] Status: ERROR | Text: '' | Job: 0
2025-12-19 16:47:11 - __main__ - INFO - [2025-12-19 16:47:11] Status: ERROR | Text: '' | Job: 0
2025-12-19 16:47:12 - __main__ - INFO - [2025-12-19 16:47:12] Status: ERROR | Text: '' | Job: 0
2025-12-19 16:47:13 - __main__ - INFO - [2025-12-19 16:47:13] Status: ERROR | Text: '' | Job: 0
2025-12-19 16:47:14 - __main__ - INFO - [2025-12-19 16:47:14] Status: ERROR | Text: '' | Job: 0
2025-12-19 16:47:15 - __main__ - INFO - [2025-12-19 16:47:15] Status: ERROR | Text: '' | Job: 0
2025-12-19 16:47:16 - __main__ - INFO - [2025-12-19 16:47:16] Status: ERROR | Text: '' | Job: 0
2025-12-19 16:47:17 - __main__ - INFO - [2025-12-19 16:47:17] Status: ERROR | Text: '' | Job: 0
2025-12-19 16:47:18 - __main__ - INFO - [2025-12-19 16:47:18] Status: ERROR | Text: '' | Job: 0
2025-12-19 16:47:19 - __main__ - INFO - [2025-12-19 16:47:19] Status: ERROR | Text: '' | Job: 0
2025-12-19 16:47:20 - __main__ - INFO - [2025-12-19 16:47:20] Status: ERROR | Text: '' | Job: 0
2025-12-19 16:47:21 - __main__ - INFO - [2025-12-19 16:47:21] Status: ERROR | Text: '' | Job: 0
2025-12-19 16:47:22 - __main__ - INFO - [2025-12-19 16:47:22] Status: ERROR | Text: '' | Job: 0
2025-12-19 16:47:23 - __main__ - INFO - [2025-12-19 16:47:23] Status: ERROR | Text: '' | Job: 0
2025-12-19 16:47:24 - __main__ - INFO - [2025-12-19 16:47:24] Status: ERROR | Text: '' | Job: 0
2025-12-19 16:47:25 - __main__ - INFO - [2025-12-19 16:47:25] Status: ERROR | Text: '' | Job: 0
2025-12-19 16:47:26 - __main__ - INFO - [2025-12-19 16:47:26] Status: ERROR | Text: '' | Job: 0
2025-12-19 16:47:27 - __main__ - INFO - [2025-12-19 16:47:27] Status: ERROR | Text: '' | Job: 0
2025-12-19 16:47:28 - __main__ - INFO - [2025-12-19 16:47:28] Status: ERROR | Text: '' | Job: 0
2025-12-19 16:47:29 - __main__ - INFO - [2025-12-19 16:47:29] Status: ERROR | Text: '' | Job: 0
2025-12-19 16:47:30 - __main__ - INFO - [2025-12-19 16:47:30] Status: ERROR | Text: '' | Job: 0
2025-12-19 16:47:31 - __main__ - INFO - [2025-12-19 16:47:31] Status: ERROR | Text: '' | Job: 0
2025-12-19 16:47:32 - __main__ - INFO - [2025-12-19 16:47:32] Status: ERROR | Text: '' | Job: 0
2025-12-19 16:47:33 - __main__ - INFO - [2025-12-19 16:47:33] Status: ERROR | Text: '' | Job: 0
2025-12-19 16:47:34 - __main__ - INFO - [2025-12-19 16:47:34] Status: ERROR | Text: '' | Job: 0
2025-12-19 16:47:35 - __main__ - INFO - [2025-12-19 16:47:35] Status: ERROR | Text: '' | Job: 0
2025-12-19 16:47:36 - __main__ - INFO - [2025-12-19 16:47:36] Status: ERROR | Text: '' | Job: 0
2025-12-19 16:47:37 - __main__ - INFO - [2025-12-19 16:47:37] Status: ERROR | Text: '' | Job: 0
2025-12-19 16:47:38 - __main__ - INFO - [2025-12-19 16:47:38] Status: ERROR | Text: '' | Job: 0
2025-12-19 16:47:39 - __main__ - INFO - [2025-12-19 16:47:39] Status: ERROR | Text: '' | Job: 0
2025-12-19 16:47:40 - __main__ - INFO - [2025-12-19 16:47:40] Status: ERROR | Text: '' | Job: 0
2025-12-19 16:47:41 - __main__ - INFO - [2025-12-19 16:47:41] Status: ERROR | Text: '' | Job: 0
2025-12-19 16:47:42 - __main__ - INFO - [2025-12-19 16:47:42] Status: ERROR | Text: '' | Job: 0
2025-12-19 16:47:43 - __main__ - INFO - [2025-12-19 16:47:43] Status: ERROR | Text: '' | Job: 0
2025-12-19 16:47:44 - __main__ - INFO - [2025-12-19 16:47:44] Status: ERROR | Text: '' | Job: 0
2025-12-19 16:47:45 - __main__ - INFO - [2025-12-19 16:47:45] Status: ERROR | Text: '' | Job: 0
2025-12-19 16:47:46 - __main__ - INFO - [2025-12-19 16:47:46] Status: ERROR | Text: '' | Job: 0
2025-12-19 16:47:47 - __main__ - INFO - [2025-12-19 16:47:47] Status: ERROR | Text: '' | Job: 0
2025-12-19 16:47:48 - __main__ - INFO - [2025-12-19 16:47:48] Status: ERROR | Text: '' | Job: 0
2025-12-19 16:47:49 - __main__ - INFO - [2025-12-19 16:47:49] Status: ERROR | Text: '' | Job: 0
2025-12-19 16:47:50 - __main__ - INFO - [2025-12-19 16:47:50] Status: ERROR | Text: '' | Job: 0
2025-12-19 16:47:51 - __main__ - INFO - [2025-12-19 16:47:51] Status: ERROR | Text: '' | Job: 0
2025-12-19 16:47:52 - __main__ - INFO - [2025-12-19 16:47:52] Status: ERROR | Text: '' | Job: 0
2025-12-19 16:47:53 - __main__ - INFO - [2025-12-19 16:47:53] Status: ERROR | Text: '' | Job: 0
2025-12-19 16:47:54 - __main__ - INFO - [2025-12-19 16:47:54] Status: ERROR | Text: '' | Job: 0
2025-12-19 16:47:55 - __main__ - INFO - [2025-12-19 16:47:55] Status: ERROR | Text: '' | Job: 0
2025-12-19 16:47:56 - __main__ - INFO - [2025-12-19 16:47:56] Status: ERROR | Text: '' | Job: 0
2025-12-19 16:47:57 - __main__ - INFO - [2025-12-19 16:47:57] Status: ERROR | Text: '' | Job: 0
2025-12-19 16:47:58 - __main__ - INFO - [2025-12-19 16:47:58] Status: ERROR | Text: '' | Job: 0
2025-12-19 16:47:59 - __main__ - INFO - [2025-12-19 16:47:59] Status: ERROR | Text: '' | Job: 0
2025-12-19 16:48:00 - __main__ - INFO - [2025-12-19 16:48:00] Status: ERROR | Text: '' | Job: 0
2025-12-19 16:48:01 - __main__ - INFO - [2025-12-19 16:48:01] Status: ERROR | Text: '' | Job: 0
2025-12-19 16:48:02 - __main__ - INFO - [2025-12-19 16:48:02] Status: ERROR | Text: '' | Job: 0
2025-12-19 16:48:03 - __main__ - INFO - [2025-12-19 16:48:03] Status: ERROR | Text: '' | Job: 0
2025-12-19 16:48:04 - __main__ - INFO - [2025-12-19 16:48:04] Status: ERROR | Text: '' | Job: 0
2025-12-19 16:48:05 - __main__ - INFO - [2025-12-19 16:48:05] Status: ERROR | Text: '' | Job: 0
2025-12-19 16:48:06 - __main__ - INFO - [2025-12-19 16:48:06] Status: ERROR | Text: '' | Job: 0
2025-12-19 16:48:07 - __main__ - INFO - [2025-12-19 16:48:07] Status: ERROR | Text: '' | Job: 0
2025-12-19 16:48:08 - __main__ - INFO - [2025-12-19 16:48:08] Status: ERROR | Text: '' | Job: 0
2025-12-19 16:48:09 - __main__ - INFO - [2025-12-19 16:48:09] Status: ERROR | Text: '' | Job: 0
2025-12-19 16:48:10 - __main__ - INFO - [2025-12-19 16:48:10] Status: ERROR | Text: '' | Job: 0
2025-12-19 16:48:11 - __main__ - INFO - [2025-12-19 16:48:11] Status: ERROR | Text: '' | Job: 0
2025-12-19 16:48:12 - __main__ - INFO - [2025-12-19 16:48:12] Status: ERROR | Text: '' | Job: 0
2025-12-19 16:48:13 - __main__ - INFO - [2025-12-19 16:48:13] Status: ERROR | Text: '' | Job: 0
2025-12-19 16:48:14 - __main__ - INFO - [2025-12-19 16:48:14] Status: ERROR | Text: '' | Job: 0
2025-12-19 16:48:15 - __main__ - INFO - [2025-12-19 16:48:15] Status: ERROR | Text: '' | Job: 0
2025-12-19 16:48:16 - __main__ - INFO - [2025-12-19 16:48:16] Status: ERROR | Text: '' | Job: 0
2025-12-19 16:48:17 - __main__ - INFO - [2025-12-19 16:48:17] Status: ERROR | Text: '' | Job: 0
2025-12-19 16:48:18 - __main__ - INFO - [2025-12-19 16:48:18] Status: ERROR | Text: '' | Job: 0
2025-12-19 16:48:19 - __main__ - INFO - [2025-12-19 16:48:19] Status: ERROR | Text: '' | Job: 0
2025-12-19 16:48:20 - __main__ - INFO - [2025-12-19 16:48:20] Status: ERROR | Text: '' | Job: 0
2025-12-19 16:48:21 - __main__ - INFO - [2025-12-19 16:48:21] Status: ERROR | Text: '' | Job: 0
2025-12-19 16:48:22 - __main__ - INFO - [2025-12-19 16:48:22] Status: ERROR | Text: '' | Job: 0
2025-12-19 16:48:23 - __main__ - INFO - [2025-12-19 16:48:23] Status: ERROR | Text: '' | Job: 0
2025-12-19 16:48:24 - __main__ - INFO - [2025-12-19 16:48:24] Status: ERROR | Text: '' | Job: 0
2025-12-19 16:48:25 - __main__ - INFO - [2025-12-19 16:48:25] Status: ERROR | Text: '' | Job: 0
2025-12-19 16:48:26 - __main__ - INFO - [2025-12-19 16:48:26] Status: ERROR | Text: '' | Job: 0
2025-12-19 16:48:27 - __main__ - INFO - [2025-12-19 16:48:27] Status: ERROR | Text: '' | Job: 0
2025-12-19 16:48:28 - __main__ - INFO - [2025-12-19 16:48:28] Status: ERROR | Text: '' | Job: 0
2025-12-19 16:48:29 - __main__ - INFO - [2025-12-19 16:48:29] Status: ERROR | Text: '' | Job: 0
2025-12-19 16:48:30 - __main__ - INFO - [2025-12-19 16:48:30] Status: ERROR | Text: '' | Job: 0
2025-12-19 16:48:31 - __main__ - INFO - [2025-12-19 16:48:31] Status: ERROR | Text: '' | Job: 0
2025-12-19 16:48:32 - __main__ - INFO - [2025-12-19 16:48:32] Status: ERROR | Text: '' | Job: 0
2025-12-19 16:48:33 - __main__ - INFO - [2025-12-19 16:48:33] Status: ERROR | Text: '' | Job: 0
2025-12-19 16:48:34 - __main__ - INFO - [2025-12-19 16:48:34] Status: ERROR | Text: '' | Job: 0
2025-12-19 16:48:35 - __main__ - INFO - [2025-12-19 16:48:35] Status: ERROR | Text: '' | Job: 0
2025-12-19 16:48:36 - __main__ - INFO - [2025-12-19 16:48:36] Status: ERROR | Text: '' | Job: 0
2025-12-19 16:48:37 - __main__ - INFO - [2025-12-19 16:48:37] Status: ERROR | Text: '' | Job: 0
2025-12-19 16:48:38 - __main__ - INFO - [2025-12-19 16:48:38] Status: ERROR | Text: '' | Job: 0
2025-12-19 16:48:40 - __main__ - INFO - [2025-12-19 16:48:40] Status: ERROR | Text: '' | Job: 0
2025-12-19 16:48:41 - __main__ - INFO - [2025-12-19 16:48:41] Status: ERROR | Text: '' | Job: 0
2025-12-19 16:48:42 - __main__ - INFO - [2025-12-19 16:48:42] Status: ERROR | Text: '' | Job: 0
2025-12-19 16:48:43 - __main__ - INFO - [2025-12-19 16:48:43] Status: ERROR | Text: '' | Job: 0
2025-12-19 16:48:44 - __main__ - INFO - [2025-12-19 16:48:44] Status: ERROR | Text: '' | Job: 0
2025-12-19 16:48:45 - __main__ - INFO - [2025-12-19 16:48:45] Status: ERROR | Text: '' | Job: 0
2025-12-19 16:48:46 - __main__ - INFO - [2025-12-19 16:48:46] Status: ERROR | Text: '' | Job: 0
2025-12-19 16:48:47 - __main__ - INFO - [2025-12-19 16:48:47] Status: ERROR | Text: '' | Job: 0
2025-12-19 16:48:48 - __main__ - INFO - [2025-12-19 16:48:48] Status: ERROR | Text: '' | Job: 0
2025-12-19 16:48:49 - __main__ - INFO - [2025-12-19 16:48:49] Status: ERROR | Text: '' | Job: 0
2025-12-19 16:48:50 - __main__ - INFO - [2025-12-19 16:48:50] Status: ERROR | Text: '' | Job: 0
2025-12-19 16:48:51 - __main__ - INFO - [2025-12-19 16:48:51] Status: ERROR | Text: '' | Job: 0
2025-12-19 16:48:52 - __main__ - INFO - [2025-12-19 16:48:52] Status: ERROR | Text: '' | Job: 0
2025-12-19 16:48:53 - __main__ - INFO - [2025-12-19 16:48:53] Status: ERROR | Text: '' | Job: 0
2025-12-19 16:48:54 - __main__ - INFO - [2025-12-19 16:48:54] Status: ERROR | Text: '' | Job: 0
2025-12-19 16:48:55 - __main__ - INFO - [2025-12-19 16:48:55] Status: ERROR | Text: '' | Job: 0
2025-12-19 16:48:56 - __main__ - INFO - [2025-12-19 16:48:56] Status: ERROR | Text: '' | Job: 0
2025-12-19 16:48:57 - __main__ - INFO - [2025-12-19 16:48:57] Status: ERROR | Text: '' | Job: 0
2025-12-19 16:48:58 - __main__ - INFO - [2025-12-19 16:48:58] Status: ERROR | Text: '' | Job: 0
2025-12-19 16:48:59 - __main__ - INFO - [2025-12-19 16:48:59] Status: ERROR | Text: '' | Job: 0
2025-12-19 16:49:00 - __main__ - INFO - [2025-12-19 16:49:00] Status: ERROR | Text: '' | Job: 0
2025-12-19 16:49:01 - __main__ - INFO - [2025-12-19 16:49:01] Status: ERROR | Text: '' | Job: 0
2025-12-19 16:49:02 - __main__ - INFO - [2025-12-19 16:49:02] Status: ERROR | Text: '' | Job: 0
2025-12-19 16:49:03 - __main__ - INFO - [2025-12-19 16:49:03] Status: ERROR | Text: '' | Job: 0
2025-12-19 16:49:04 - __main__ - INFO - [2025-12-19 16:49:04] Status: ERROR | Text: '' | Job: 0
2025-12-19 16:49:05 - __main__ - INFO - [2025-12-19 16:49:05] Status: ERROR | Text: '' | Job: 0
2025-12-19 16:49:06 - __main__ - INFO - [2025-12-19 16:49:06] Status: ERROR | Text: '' | Job: 0
2025-12-19 16:49:07 - __main__ - INFO - [2025-12-19 16:49:07] Status: ERROR | Text: '' | Job: 0
2025-12-19 16:49:08 - __main__ - INFO - [2025-12-19 16:49:08] Status: ERROR | Text: '' | Job: 0
2025-12-19 16:49:09 - __main__ - INFO - [2025-12-19 16:49:09] Status: ERROR | Text: '' | Job: 0
2025-12-19 16:49:10 - __main__ - INFO - [2025-12-19 16:49:10] Status: ERROR | Text: '' | Job: 0
2025-12-19 16:49:11 - __main__ - INFO - [2025-12-19 16:49:11] Status: ERROR | Text: '' | Job: 0
2025-12-19 16:49:12 - __main__ - INFO - [2025-12-19 16:49:12] Status: ERROR | Text: '' | Job: 0
2025-12-19 16:49:13 - __main__ - INFO - [2025-12-19 16:49:13] Status: ERROR | Text: '' | Job: 0
2025-12-19 16:49:14 - __main__ - INFO - [2025-12-19 16:49:14] Status: ERROR | Text: '' | Job: 0
2025-12-19 16:49:15 - __main__ - INFO - [2025-12-19 16:49:15] Status: ERROR | Text: '' | Job: 0
2025-12-19 16:49:16 - __main__ - INFO - [2025-12-19 16:49:16] Status: ERROR | Text: '' | Job: 0
2025-12-19 16:49:17 - __main__ - INFO - [2025-12-19 16:49:17] Status: ERROR | Text: '' | Job: 0
2025-12-19 16:49:18 - __main__ - INFO - [2025-12-19 16:49:18] Status: ERROR | Text: '' | Job: 0
2025-12-19 16:49:19 - __main__ - INFO - [2025-12-19 16:49:19] Status: ERROR | Text: '' | Job: 0
2025-12-19 16:49:20 - __main__ - INFO - [2025-12-19 16:49:20] Status: ERROR | Text: '' | Job: 0
2025-12-19 16:49:21 - __main__ - INFO - [2025-12-19 16:49:21] Status: ERROR | Text: '' | Job: 0
2025-12-19 16:49:22 - __main__ - INFO - [2025-12-19 16:49:22] Status: ERROR | Text: '' | Job: 0
2025-12-19 16:49:23 - __main__ - INFO - [2025-12-19 16:49:23] Status: ERROR | Text: '' | Job: 0
2025-12-19 16:49:24 - __main__ - INFO - [2025-12-19 16:49:24] Status: ERROR | Text: '' | Job: 0
2025-12-19 16:49:25 - __main__ - INFO - [2025-12-19 16:49:25] Status: ERROR | Text: '' | Job: 0
2025-12-19 16:49:26 - __main__ - INFO - [2025-12-19 16:49:26] Status: ERROR | Text: '' | Job: 0
2025-12-19 16:49:27 - __main__ - INFO - [2025-12-19 16:49:27] Status: ERROR | Text: '' | Job: 0
2025-12-19 16:49:28 - __main__ - INFO - [2025-12-19 16:49:28] Status: ERROR | Text: '' | Job: 0
2025-12-19 16:49:29 - __main__ - INFO - [2025-12-19 16:49:29] Status: ERROR | Text: '' | Job: 0
2025-12-19 16:49:30 - __main__ - INFO - [2025-12-19 16:49:30] Status: ERROR | Text: '' | Job: 0
2025-12-19 16:49:31 - __main__ - INFO - [2025-12-19 16:49:31] Status: ERROR | Text: '' | Job: 0
2025-12-19 16:49:32 - __main__ - INFO - [2025-12-19 16:49:32] Status: ERROR | Text: '' | Job: 0
2025-12-19 16:49:33 - __main__ - INFO - [2025-12-19 16:49:33] Status: ERROR | Text: '' | Job: 0
2025-12-19 16:49:34 - __main__ - INFO - [2025-12-19 16:49:34] Status: ERROR | Text: '' | Job: 0
2025-12-19 16:49:35 - __main__ - INFO - [2025-12-19 16:49:35] Status: ERROR | Text: '' | Job: 0
2025-12-19 16:49:36 - __main__ - INFO - [2025-12-19 16:49:36] Status: ERROR | Text: '' | Job: 0
2025-12-19 16:49:37 - __main__ - INFO - [2025-12-19 16:49:37] Status: ERROR | Text: '' | Job: 0
2025-12-19 16:49:38 - __main__ - INFO - [2025-12-19 16:49:38] Status: ERROR | Text: '' | Job: 0
2025-12-19 16:49:39 - __main__ - INFO - [2025-12-19 16:49:39] Status: ERROR | Text: '' | Job: 0
2025-12-19 16:49:40 - __main__ - INFO - [2025-12-19 16:49:40] Status: ERROR | Text: '' | Job: 0
2025-12-19 16:49:41 - __main__ - INFO - [2025-12-19 16:49:41] Status: ERROR | Text: '' | Job: 0
2025-12-19 16:49:42 - __main__ - INFO - [2025-12-19 16:49:42] Status: ERROR | Text: '' | Job: 0
2025-12-19 16:49:43 - __main__ - INFO - [2025-12-19 16:49:43] Status: ERROR | Text: '' | Job: 0
2025-12-19 16:49:44 - __main__ - INFO - [2025-12-19 16:49:44] Status: ERROR | Text: '' | Job: 0
2025-12-19 16:49:45 - __main__ - INFO - [2025-12-19 16:49:45] Status: ERROR | Text: '' | Job: 0
2025-12-19 16:49:46 - __main__ - INFO - [2025-12-19 16:49:46] Status: ERROR | Text: '' | Job: 0
2025-12-19 16:49:47 - __main__ - INFO - [2025-12-19 16:49:47] Status: ERROR | Text: '' | Job: 0
2025-12-19 16:49:48 - __main__ - INFO - [2025-12-19 16:49:48] Status: ERROR | Text: '' | Job: 0
2025-12-19 16:49:49 - __main__ - INFO - [2025-12-19 16:49:49] Status: ERROR | Text: '' | Job: 0
2025-12-19 16:49:50 - __main__ - INFO - [2025-12-19 16:49:50] Status: ERROR | Text: '' | Job: 0
2025-12-19 16:49:51 - __main__ - INFO - [2025-12-19 16:49:51] Status: ERROR | Text: '' | Job: 0
2025-12-19 16:49:52 - __main__ - INFO - [2025-12-19 16:49:52] Status: ERROR | Text: '' | Job: 0
2025-12-19 16:49:53 - __main__ - INFO - [2025-12-19 16:49:53] Status: ERROR | Text: '' | Job: 0
2025-12-19 16:49:54 - __main__ - INFO - [2025-12-19 16:49:54] Status: ERROR | Text: '' | Job: 0
2025-12-19 16:49:55 - __main__ - INFO - [2025-12-19 16:49:55] Status: ERROR | Text: '' | Job: 0
2025-12-19 16:49:56 - __main__ - INFO - [2025-12-19 16:49:56] Status: ERROR | Text: '' | Job: 0
2025-12-19 16:49:57 - __main__ - INFO - [2025-12-19 16:49:57] Status: ERROR | Text: '' | Job: 0
2025-12-19 16:49:58 - __main__ - INFO - [2025-12-19 16:49:58] Status: ERROR | Text: '' | Job: 0
2025-12-19 16:49:59 - __main__ - INFO - [2025-12-19 16:49:59] Status: ERROR | Text: '' | Job: 0
2025-12-19 16:50:00 - __main__ - INFO - [2025-12-19 16:50:00] Status: ERROR | Text: '' | Job: 0
2025-12-19 16:50:01 - __main__ - INFO - [2025-12-19 16:50:01] Status: ERROR | Text: '' | Job: 0
2025-12-19 16:50:02 - __main__ - INFO - [2025-12-19 16:50:02] Status: ERROR | Text: '' | Job: 0
2025-12-19 16:50:03 - __main__ - INFO - [2025-12-19 16:50:03] Status: ERROR | Text: '' | Job: 0
2025-12-19 16:50:04 - __main__ - INFO - [2025-12-19 16:50:04] Status: ERROR | Text: '' | Job: 0
2025-12-19 16:50:05 - __main__ - INFO - [2025-12-19 16:50:05] Status: ERROR | Text: '' | Job: 0
2025-12-19 16:50:06 - __main__ - INFO - [2025-12-19 16:50:06] Status: ERROR | Text: '' | Job: 0
2025-12-19 16:50:07 - __main__ - INFO - [2025-12-19 16:50:07] Status: ERROR | Text: '' | Job: 0
2025-12-19 16:50:08 - __main__ - INFO - [2025-12-19 16:50:08] Status: ERROR | Text: '' | Job: 0
2025-12-19 16:50:09 - __main__ - INFO - [2025-12-19 16:50:09] Status: ERROR | Text: '' | Job: 0
2025-12-19 16:50:10 - __main__ - INFO - [2025-12-19 16:50:10] Status: ERROR | Text: '' | Job: 0
2025-12-19 16:50:11 - __main__ - INFO - [2025-12-19 16:50:11] Status: ERROR | Text: '' | Job: 0
2025-12-19 16:50:12 - __main__ - INFO - [2025-12-19 16:50:12] Status: ERROR | Text: '' | Job: 0
2025-12-19 16:50:13 - __main__ - INFO - [2025-12-19 16:50:13] Status: ERROR | Text: '' | Job: 0
2025-12-19 16:50:14 - __main__ - INFO - [2025-12-19 16:50:14] Status: ERROR | Text: '' | Job: 0
2025-12-19 16:50:15 - __main__ - INFO - [2025-12-19 16:50:15] Status: ERROR | Text: '' | Job: 0
2025-12-19 16:50:16 - __main__ - INFO - [2025-12-19 16:50:16] Status: ERROR | Text: '' | Job: 0
2025-12-19 16:50:17 - __main__ - INFO - [2025-12-19 16:50:17] Status: ERROR | Text: '' | Job: 0
2025-12-19 16:50:18 - __main__ - INFO - [2025-12-19 16:50:18] Status: ERROR | Text: '' | Job: 0
2025-12-19 16:50:19 - __main__ - INFO - [2025-12-19 16:50:19] Status: ERROR | Text: '' | Job: 0
2025-12-19 16:50:20 - __main__ - INFO - [2025-12-19 16:50:20] Status: ERROR | Text: '' | Job: 0
2025-12-19 16:50:21 - __main__ - INFO - [2025-12-19 16:50:21] Status: ERROR | Text: '' | Job: 0
2025-12-19 16:50:22 - __main__ - INFO - [2025-12-19 16:50:22] Status: ERROR | Text: '' | Job: 0
2025-12-19 16:50:23 - __main__ - INFO - [2025-12-19 16:50:23] Status: ERROR | Text: '' | Job: 0
2025-12-19 16:50:24 - __main__ - INFO - [2025-12-19 16:50:24] Status: ERROR | Text: '' | Job: 0
2025-12-19 16:50:25 - __main__ - INFO - [2025-12-19 16:50:25] Status: ERROR | Text: '' | Job: 0
2025-12-19 16:50:26 - __main__ - INFO - [2025-12-19 16:50:26] Status: ERROR | Text: '' | Job: 0
2025-12-19 16:50:27 - __main__ - INFO - [2025-12-19 16:50:27] Status: ERROR | Text: '' | Job: 0
2025-12-19 16:50:28 - __main__ - INFO - [2025-12-19 16:50:28] Status: ERROR | Text: '' | Job: 0
2025-12-19 16:50:29 - __main__ - INFO - [2025-12-19 16:50:29] Status: ERROR | Text: '' | Job: 0
2025-12-19 16:50:30 - __main__ - INFO - [2025-12-19 16:50:30] Status: ERROR | Text: '' | Job: 0
2025-12-19 16:50:31 - __main__ - INFO - [2025-12-19 16:50:31] Status: ERROR | Text: '' | Job: 0
2025-12-19 16:50:32 - __main__ - INFO - [2025-12-19 16:50:32] Status: ERROR | Text: '' | Job: 0
2025-12-19 16:50:33 - __main__ - INFO - [2025-12-19 16:50:33] Status: ERROR | Text: '' | Job: 0
2025-12-19 16:50:34 - __main__ - INFO - [2025-12-19 16:50:34] Status: ERROR | Text: '' | Job: 0
2025-12-19 16:50:35 - __main__ - INFO - [2025-12-19 16:50:35] Status: ERROR | Text: '' | Job: 0
2025-12-19 16:50:36 - __main__ - INFO - [2025-12-19 16:50:36] Status: ERROR | Text: '' | Job: 0
2025-12-19 16:50:37 - __main__ - INFO - [2025-12-19 16:50:37] Status: ERROR | Text: '' | Job: 0
2025-12-19 16:50:38 - __main__ - INFO - [2025-12-19 16:50:38] Status: ERROR | Text: '' | Job: 0
2025-12-19 16:50:39 - __main__ - INFO - [2025-12-19 16:50:39] Status: ERROR | Text: '' | Job: 0
2025-12-19 16:50:40 - __main__ - INFO - [2025-12-19 16:50:40] Status: ERROR | Text: '' | Job: 0
2025-12-19 16:50:41 - __main__ - INFO - [2025-12-19 16:50:41] Status: ERROR | Text: '' | Job: 0
2025-12-19 16:50:42 - __main__ - INFO - [2025-12-19 16:50:42] Status: ERROR | Text: '' | Job: 0
2025-12-19 16:50:43 - __main__ - INFO - [2025-12-19 16:50:43] Status: ERROR | Text: '' | Job: 0
2025-12-19 16:50:44 - __main__ - INFO - [2025-12-19 16:50:44] Status: ERROR | Text: '' | Job: 0
2025-12-19 16:50:45 - __main__ - INFO - [2025-12-19 16:50:45] Status: ERROR | Text: '' | Job: 0
2025-12-19 16:50:46 - __main__ - INFO - [2025-12-19 16:50:46] Status: ERROR | Text: '' | Job: 0
2025-12-19 16:50:47 - __main__ - INFO - [2025-12-19 16:50:47] Status: ERROR | Text: '' | Job: 0
2025-12-19 16:50:48 - __main__ - INFO - [2025-12-19 16:50:48] Status: ERROR | Text: '' | Job: 0
2025-12-19 16:50:49 - __main__ - INFO - [2025-12-19 16:50:49] Status: ERROR | Text: '' | Job: 0
2025-12-19 16:50:50 - __main__ - INFO - [2025-12-19 16:50:50] Status: ERROR | Text: '' | Job: 0
2025-12-19 16:50:51 - __main__ - INFO - [2025-12-19 16:50:51] Status: ERROR | Text: '' | Job: 0
2025-12-19 16:50:52 - __main__ - INFO - [2025-12-19 16:50:52] Status: ERROR | Text: '' | Job: 0
2025-12-19 16:50:53 - __main__ - INFO - [2025-12-19 16:50:53] Status: ERROR | Text: '' | Job: 0
2025-12-19 16:50:54 - __main__ - INFO - [2025-12-19 16:50:54] Status: ERROR | Text: '' | Job: 0
2025-12-19 16:50:56 - __main__ - INFO - [2025-12-19 16:50:56] Status: ERROR | Text: '' | Job: 0
2025-12-19 16:50:57 - __main__ - INFO - [2025-12-19 16:50:57] Status: ERROR | Text: '' | Job: 0
2025-12-19 16:50:58 - __main__ - INFO - [2025-12-19 16:50:58] Status: ERROR | Text: '' | Job: 0
2025-12-19 16:50:59 - __main__ - INFO - [2025-12-19 16:50:59] Status: ERROR | Text: '' | Job: 0
2025-12-19 16:51:00 - __main__ - INFO - [2025-12-19 16:51:00] Status: ERROR | Text: '' | Job: 0
2025-12-19 16:51:01 - __main__ - INFO - [2025-12-19 16:51:01] Status: ERROR | Text: '' | Job: 0
2025-12-19 16:51:02 - __main__ - INFO - [2025-12-19 16:51:02] Status: ERROR | Text: '' | Job: 0
2025-12-19 16:51:03 - __main__ - INFO - [2025-12-19 16:51:03] Status: ERROR | Text: '' | Job: 0
2025-12-19 16:51:04 - __main__ - INFO - [2025-12-19 16:51:04] Status: ERROR | Text: '' | Job: 0
2025-12-19 16:51:05 - __main__ - INFO - [2025-12-19 16:51:05] Status: ERROR | Text: '' | Job: 0
2025-12-19 16:51:06 - __main__ - INFO - [2025-12-19 16:51:06] Status: ERROR | Text: '' | Job: 0
2025-12-19 16:51:07 - __main__ - INFO - [2025-12-19 16:51:07] Status: ERROR | Text: '' | Job: 0
2025-12-19 16:51:08 - __main__ - INFO - [2025-12-19 16:51:08] Status: ERROR | Text: '' | Job: 0
2025-12-19 16:51:09 - __main__ - INFO - [2025-12-19 16:51:09] Status: ERROR | Text: '' | Job: 0
2025-12-19 16:51:10 - __main__ - INFO - [2025-12-19 16:51:10] Status: ERROR | Text: '' | Job: 0
2025-12-19 16:51:11 - __main__ - INFO - [2025-12-19 16:51:11] Status: ERROR | Text: '' | Job: 0
2025-12-19 16:51:12 - __main__ - INFO - [2025-12-19 16:51:12] Status: ERROR | Text: '' | Job: 0
2025-12-19 16:51:13 - __main__ - INFO - [2025-12-19 16:51:13] Status: ERROR | Text: '' | Job: 0
2025-12-19 16:51:14 - __main__ - INFO - [2025-12-19 16:51:14] Status: ERROR | Text: '' | Job: 0
2025-12-19 16:51:15 - __main__ - INFO - [2025-12-19 16:51:15] Status: ERROR | Text: '' | Job: 0
2025-12-19 16:51:16 - __main__ - INFO - [2025-12-19 16:51:16] Status: ERROR | Text: '' | Job: 0
2025-12-19 16:51:17 - __main__ - INFO - [2025-12-19 16:51:17] Status: ERROR | Text: '' | Job: 0
2025-12-19 16:51:18 - __main__ - INFO - [2025-12-19 16:51:18] Status: ERROR | Text: '' | Job: 0
2025-12-19 16:51:19 - __main__ - INFO - [2025-12-19 16:51:19] Status: ERROR | Text: '' | Job: 0
2025-12-19 16:51:20 - __main__ - INFO - [2025-12-19 16:51:20] Status: ERROR | Text: '' | Job: 0
2025-12-19 16:51:21 - __main__ - INFO - [2025-12-19 16:51:21] Status: ERROR | Text: '' | Job: 0
2025-12-19 16:51:22 - __main__ - INFO - [2025-12-19 16:51:22] Status: ERROR | Text: '' | Job: 0
2025-12-19 16:51:23 - __main__ - INFO - [2025-12-19 16:51:23] Status: ERROR | Text: '' | Job: 0
2025-12-19 16:51:24 - __main__ - INFO - [2025-12-19 16:51:24] Status: ERROR | Text: '' | Job: 0
2025-12-19 16:51:25 - __main__ - INFO - [2025-12-19 16:51:25] Status: ERROR | Text: '' | Job: 0
2025-12-19 16:51:26 - __main__ - INFO - [2025-12-19 16:51:26] Status: ERROR | Text: '' | Job: 0
2025-12-19 16:51:27 - __main__ - INFO - [2025-12-19 16:51:27] Status: ERROR | Text: '' | Job: 0
2025-12-19 16:51:28 - __main__ - INFO - [2025-12-19 16:51:28] Status: ERROR | Text: '' | Job: 0
2025-12-19 16:51:29 - __main__ - INFO - [2025-12-19 16:51:29] Status: ERROR | Text: '' | Job: 0
2025-12-19 16:51:30 - __main__ - INFO - [2025-12-19 16:51:30] Status: ERROR | Text: '' | Job: 0
2025-12-19 16:51:31 - __main__ - INFO - [2025-12-19 16:51:31] Status: ERROR | Text: '' | Job: 0
2025-12-19 16:51:32 - __main__ - INFO - [2025-12-19 16:51:32] Status: ERROR | Text: '' | Job: 0
2025-12-19 16:51:33 - __main__ - INFO - [2025-12-19 16:51:33] Status: ERROR | Text: '' | Job: 0
2025-12-19 16:51:34 - __main__ - INFO - [2025-12-19 16:51:34] Status: ERROR | Text: '' | Job: 0
2025-12-19 16:51:35 - __main__ - INFO - [2025-12-19 16:51:35] Status: ERROR | Text: '' | Job: 0
2025-12-19 16:51:36 - __main__ - INFO - [2025-12-19 16:51:36] Status: ERROR | Text: '' | Job: 0
2025-12-19 16:51:37 - __main__ - INFO - [2025-12-19 16:51:37] Status: ERROR | Text: '' | Job: 0
2025-12-19 16:51:38 - __main__ - INFO - [2025-12-19 16:51:38] Status: ERROR | Text: '' | Job: 0
2025-12-19 16:51:39 - __main__ - INFO - [2025-12-19 16:51:39] Status: ERROR | Text: '' | Job: 0
2025-12-19 16:51:40 - __main__ - INFO - [2025-12-19 16:51:40] Status: ERROR | Text: '' | Job: 0
2025-12-19 16:51:41 - __main__ - INFO - [2025-12-19 16:51:41] Status: ERROR | Text: '' | Job: 0
2025-12-19 16:51:42 - __main__ - INFO - [2025-12-19 16:51:42] Status: ERROR | Text: '' | Job: 0
2025-12-19 16:51:43 - __main__ - INFO - [2025-12-19 16:51:43] Status: ERROR | Text: '' | Job: 0
2025-12-19 16:51:44 - __main__ - INFO - [2025-12-19 16:51:44] Status: ERROR | Text: '' | Job: 0
2025-12-19 16:51:45 - __main__ - INFO - [2025-12-19 16:51:45] Status: ERROR | Text: '' | Job: 0
2025-12-19 16:51:46 - __main__ - INFO - [2025-12-19 16:51:46] Status: ERROR | Text: '' | Job: 0
2025-12-19 16:51:47 - __main__ - INFO - [2025-12-19 16:51:47] Status: ERROR | Text: '' | Job: 0
2025-12-19 16:51:48 - __main__ - INFO - [2025-12-19 16:51:48] Status: ERROR | Text: '' | Job: 0
2025-12-19 16:51:49 - __main__ - INFO - [2025-12-19 16:51:49] Status: ERROR | Text: '' | Job: 0
2025-12-19 16:51:50 - __main__ - INFO - [2025-12-19 16:51:50] Status: ERROR | Text: '' | Job: 0
2025-12-19 16:51:51 - __main__ - INFO - [2025-12-19 16:51:51] Status: ERROR | Text: '' | Job: 0
2025-12-19 16:51:52 - __main__ - INFO - [2025-12-19 16:51:52] Status: ERROR | Text: '' | Job: 0
2025-12-19 16:51:53 - __main__ - INFO - [2025-12-19 16:51:53] Status: ERROR | Text: '' | Job: 0
2025-12-19 16:51:54 - __main__ - INFO - [2025-12-19 16:51:54] Status: ERROR | Text: '' | Job: 0
2025-12-19 16:51:55 - __main__ - INFO - [2025-12-19 16:51:55] Status: ERROR | Text: '' | Job: 0
2025-12-19 16:51:56 - __main__ - INFO - [2025-12-19 16:51:56] Status: ERROR | Text: '' | Job: 0
2025-12-19 16:51:57 - __main__ - INFO - [2025-12-19 16:51:57] Status: ERROR | Text: '' | Job: 0
2025-12-19 16:51:58 - __main__ - INFO - [2025-12-19 16:51:58] Status: ERROR | Text: '' | Job: 0
2025-12-19 16:51:59 - __main__ - INFO - [2025-12-19 16:51:59] Status: ERROR | Text: '' | Job: 0
2025-12-19 16:52:00 - __main__ - INFO - [2025-12-19 16:52:00] Status: ERROR | Text: '' | Job: 0
2025-12-19 16:52:01 - __main__ - INFO - [2025-12-19 16:52:01] Status: ERROR | Text: '' | Job: 0
2025-12-19 16:52:02 - __main__ - INFO - [2025-12-19 16:52:02] Status: ERROR | Text: '' | Job: 0
2025-12-19 16:52:03 - __main__ - INFO - [2025-12-19 16:52:03] Status: ERROR | Text: '' | Job: 0
2025-12-19 16:52:04 - __main__ - INFO - [2025-12-19 16:52:04] Status: ERROR | Text: '' | Job: 0
2025-12-19 16:52:05 - __main__ - INFO - [2025-12-19 16:52:05] Status: ERROR | Text: '' | Job: 0
2025-12-19 16:52:06 - __main__ - INFO - [2025-12-19 16:52:06] Status: ERROR | Text: '' | Job: 0
2025-12-19 16:52:07 - __main__ - INFO - [2025-12-19 16:52:07] Status: ERROR | Text: '' | Job: 0
2025-12-19 16:52:08 - __main__ - INFO - [2025-12-19 16:52:08] Status: ERROR | Text: '' | Job: 0
2025-12-19 16:52:09 - __main__ - INFO - [2025-12-19 16:52:09] Status: ERROR | Text: '' | Job: 0
2025-12-19 16:52:10 - __main__ - INFO - [2025-12-19 16:52:10] Status: ERROR | Text: '' | Job: 0
2025-12-19 16:52:11 - __main__ - INFO - [2025-12-19 16:52:11] Status: ERROR | Text: '' | Job: 0
2025-12-19 16:52:12 - __main__ - INFO - [2025-12-19 16:52:12] Status: ERROR | Text: '' | Job: 0
2025-12-19 16:52:13 - __main__ - INFO - [2025-12-19 16:52:13] Status: ERROR | Text: '' | Job: 0
2025-12-19 16:52:14 - __main__ - INFO - [2025-12-19 16:52:14] Status: ERROR | Text: '' | Job: 0
2025-12-19 16:52:15 - __main__ - INFO - [2025-12-19 16:52:15] Status: ERROR | Text: '' | Job: 0
2025-12-19 16:52:16 - __main__ - INFO - [2025-12-19 16:52:16] Status: ERROR | Text: '' | Job: 0
2025-12-19 16:52:17 - __main__ - INFO - [2025-12-19 16:52:17] Status: ERROR | Text: '' | Job: 0
2025-12-19 16:52:18 - __main__ - INFO - [2025-12-19 16:52:18] Status: ERROR | Text: '' | Job: 0
2025-12-19 16:52:19 - __main__ - INFO - [2025-12-19 16:52:19] Status: ERROR | Text: '' | Job: 0
2025-12-19 16:52:20 - __main__ - INFO - [2025-12-19 16:52:20] Status: ERROR | Text: '' | Job: 0
2025-12-19 16:52:21 - __main__ - INFO - [2025-12-19 16:52:21] Status: ERROR | Text: '' | Job: 0
2025-12-19 16:52:22 - __main__ - INFO - [2025-12-19 16:52:22] Status: ERROR | Text: '' | Job: 0
2025-12-19 16:52:23 - __main__ - INFO - [2025-12-19 16:52:23] Status: ERROR | Text: '' | Job: 0
2025-12-19 16:52:24 - __main__ - INFO - [2025-12-19 16:52:24] Status: ERROR | Text: '' | Job: 0
2025-12-19 16:52:25 - __main__ - INFO - [2025-12-19 16:52:25] Status: ERROR | Text: '' | Job: 0
2025-12-19 16:52:26 - __main__ - INFO - [2025-12-19 16:52:26] Status: ERROR | Text: '' | Job: 0
2025-12-19 16:52:27 - __main__ - INFO - [2025-12-19 16:52:27] Status: ERROR | Text: '' | Job: 0
2025-12-19 16:52:28 - __main__ - INFO - [2025-12-19 16:52:28] Status: ERROR | Text: '' | Job: 0
2025-12-19 16:52:29 - __main__ - INFO - [2025-12-19 16:52:29] Status: ERROR | Text: '' | Job: 0
2025-12-19 16:52:30 - __main__ - INFO - [2025-12-19 16:52:30] Status: ERROR | Text: '' | Job: 0
2025-12-19 16:52:31 - __main__ - INFO - [2025-12-19 16:52:31] Status: ERROR | Text: '' | Job: 0
2025-12-19 16:52:32 - __main__ - INFO - [2025-12-19 16:52:32] Status: ERROR | Text: '' | Job: 0
2025-12-19 16:52:33 - __main__ - INFO - [2025-12-19 16:52:33] Status: ERROR | Text: '' | Job: 0
2025-12-19 16:52:35 - __main__ - INFO - [2025-12-19 16:52:35] Status: ERROR | Text: '' | Job: 0
2025-12-19 16:52:36 - __main__ - INFO - [2025-12-19 16:52:36] Status: ERROR | Text: '' | Job: 0
2025-12-19 16:52:37 - __main__ - INFO - [2025-12-19 16:52:37] Status: ERROR | Text: '' | Job: 0
2025-12-19 16:52:38 - __main__ - INFO - [2025-12-19 16:52:38] Status: ERROR | Text: '' | Job: 0
2025-12-19 16:52:39 - __main__ - INFO - [2025-12-19 16:52:39] Status: ERROR | Text: '' | Job: 0
2025-12-19 16:52:40 - __main__ - INFO - [2025-12-19 16:52:40] Status: ERROR | Text: '' | Job: 0
2025-12-19 16:52:41 - __main__ - INFO - [2025-12-19 16:52:41] Status: ERROR | Text: '' | Job: 0
2025-12-19 16:52:42 - __main__ - INFO - [2025-12-19 16:52:42] Status: ERROR | Text: '' | Job: 0
2025-12-19 16:52:43 - __main__ - INFO - [2025-12-19 16:52:43] Status: ERROR | Text: '' | Job: 0
2025-12-19 16:52:44 - __main__ - INFO - [2025-12-19 16:52:44] Status: ERROR | Text: '' | Job: 0
2025-12-19 16:52:45 - __main__ - INFO - [2025-12-19 16:52:45] Status: ERROR | Text: '' | Job: 0
2025-12-19 16:52:46 - __main__ - INFO - [2025-12-19 16:52:46] Status: ERROR | Text: '' | Job: 0
2025-12-19 16:52:47 - __main__ - INFO - [2025-12-19 16:52:47] Status: ERROR | Text: '' | Job: 0
2025-12-19 16:52:48 - __main__ - INFO - [2025-12-19 16:52:48] Status: ERROR | Text: '' | Job: 0
2025-12-19 16:52:49 - __main__ - INFO - [2025-12-19 16:52:49] Status: ERROR | Text: '' | Job: 0
2025-12-19 16:52:50 - __main__ - INFO - [2025-12-19 16:52:50] Status: ERROR | Text: '' | Job: 0
2025-12-19 16:52:51 - __main__ - INFO - [2025-12-19 16:52:51] Status: ERROR | Text: '' | Job: 0
2025-12-19 16:52:52 - __main__ - INFO - [2025-12-19 16:52:52] Status: ERROR | Text: '' | Job: 0
2025-12-19 16:52:53 - __main__ - INFO - [2025-12-19 16:52:53] Status: ERROR | Text: '' | Job: 0
2025-12-19 16:52:54 - __main__ - INFO - [2025-12-19 16:52:54] Status: ERROR | Text: '' | Job: 0
2025-12-19 16:52:55 - __main__ - INFO - [2025-12-19 16:52:55] Status: ERROR | Text: '' | Job: 0
2025-12-19 16:52:56 - __main__ - INFO - [2025-12-19 16:52:56] Status: ERROR | Text: '' | Job: 0
2025-12-19 16:52:57 - __main__ - INFO - [2025-12-19 16:52:57] Status: ERROR | Text: '' | Job: 0
2025-12-19 16:52:58 - __main__ - INFO - [2025-12-19 16:52:58] Status: ERROR | Text: '' | Job: 0
2025-12-19 16:52:59 - __main__ - INFO - [2025-12-19 16:52:59] Status: ERROR | Text: '' | Job: 0
2025-12-19 16:53:00 - __main__ - INFO - [2025-12-19 16:53:00] Status: ERROR | Text: '' | Job: 0
2025-12-19 16:53:01 - __main__ - INFO - [2025-12-19 16:53:01] Status: ERROR | Text: '' | Job: 0
2025-12-19 16:53:02 - __main__ - INFO - [2025-12-19 16:53:02] Status: ERROR | Text: '' | Job: 0
2025-12-19 16:53:03 - __main__ - INFO - [2025-12-19 16:53:03] Status: ERROR | Text: '' | Job: 0
2025-12-19 16:53:04 - __main__ - INFO - [2025-12-19 16:53:04] Status: ERROR | Text: '' | Job: 0
2025-12-19 16:53:05 - __main__ - INFO - [2025-12-19 16:53:05] Status: ERROR | Text: '' | Job: 0
2025-12-19 16:53:06 - __main__ - INFO - [2025-12-19 16:53:06] Status: ERROR | Text: '' | Job: 0
2025-12-19 16:53:07 - __main__ - INFO - [2025-12-19 16:53:07] Status: ERROR | Text: '' | Job: 0
2025-12-19 16:53:08 - __main__ - INFO - [2025-12-19 16:53:08] Status: ERROR | Text: '' | Job: 0
2025-12-19 16:53:09 - __main__ - INFO - [2025-12-19 16:53:09] Status: ERROR | Text: '' | Job: 0
2025-12-19 16:53:10 - __main__ - INFO - [2025-12-19 16:53:10] Status: ERROR | Text: '' | Job: 0
2025-12-19 16:53:11 - __main__ - INFO - [2025-12-19 16:53:11] Status: ERROR | Text: '' | Job: 0
2025-12-19 16:53:12 - __main__ - INFO - [2025-12-19 16:53:12] Status: ERROR | Text: '' | Job: 0
2025-12-19 16:53:13 - __main__ - INFO - [2025-12-19 16:53:13] Status: ERROR | Text: '' | Job: 0
2025-12-19 16:53:14 - __main__ - INFO - [2025-12-19 16:53:14] Status: ERROR | Text: '' | Job: 0
2025-12-19 16:53:15 - __main__ - INFO - [2025-12-19 16:53:15] Status: ERROR | Text: '' | Job: 0
2025-12-19 16:53:16 - __main__ - INFO - [2025-12-19 16:53:16] Status: ERROR | Text: '' | Job: 0
2025-12-19 16:53:17 - __main__ - INFO - [2025-12-19 16:53:17] Status: ERROR | Text: '' | Job: 0
2025-12-19 16:53:18 - __main__ - INFO - [2025-12-19 16:53:18] Status: ERROR | Text: '' | Job: 0
2025-12-19 16:53:19 - __main__ - INFO - [2025-12-19 16:53:19] Status: ERROR | Text: '' | Job: 0
2025-12-19 16:53:20 - __main__ - INFO - [2025-12-19 16:53:20] Status: ERROR | Text: '' | Job: 0
2025-12-19 16:53:21 - __main__ - INFO - [2025-12-19 16:53:21] Status: ERROR | Text: '' | Job: 0
2025-12-19 16:53:22 - __main__ - INFO - [2025-12-19 16:53:22] Status: ERROR | Text: '' | Job: 0
2025-12-19 16:53:23 - __main__ - INFO - [2025-12-19 16:53:23] Status: ERROR | Text: '' | Job: 0
2025-12-19 16:53:24 - __main__ - INFO - [2025-12-19 16:53:24] Status: ERROR | Text: '' | Job: 0
2025-12-19 16:53:25 - __main__ - INFO - [2025-12-19 16:53:25] Status: ERROR | Text: '' | Job: 0
2025-12-19 16:53:26 - __main__ - INFO - [2025-12-19 16:53:26] Status: ERROR | Text: '' | Job: 0
2025-12-19 16:53:27 - __main__ - INFO - [2025-12-19 16:53:27] Status: ERROR | Text: '' | Job: 0
2025-12-19 16:53:28 - __main__ - INFO - [2025-12-19 16:53:28] Status: ERROR | Text: '' | Job: 0
2025-12-19 16:53:29 - __main__ - INFO - [2025-12-19 16:53:29] Status: ERROR | Text: '' | Job: 0
2025-12-19 16:53:30 - __main__ - INFO - [2025-12-19 16:53:30] Status: ERROR | Text: '' | Job: 0
2025-12-19 16:53:31 - __main__ - INFO - [2025-12-19 16:53:31] Status: ERROR | Text: '' | Job: 0
2025-12-19 16:53:32 - __main__ - INFO - [2025-12-19 16:53:32] Status: ERROR | Text: '' | Job: 0
2025-12-19 16:53:33 - __main__ - INFO - [2025-12-19 16:53:33] Status: ERROR | Text: '' | Job: 0
2025-12-19 16:53:34 - __main__ - INFO - [2025-12-19 16:53:34] Status: ERROR | Text: '' | Job: 0
2025-12-19 16:53:35 - __main__ - INFO - [2025-12-19 16:53:35] Status: ERROR | Text: '' | Job: 0
2025-12-19 16:53:36 - __main__ - INFO - [2025-12-19 16:53:36] Status: ERROR | Text: '' | Job: 0
2025-12-19 16:53:37 - __main__ - INFO - [2025-12-19 16:53:37] Status: ERROR | Text: '' | Job: 0
2025-12-19 16:53:38 - __main__ - INFO - [2025-12-19 16:53:38] Status: ERROR | Text: '' | Job: 0
2025-12-19 16:53:39 - __main__ - INFO - [2025-12-19 16:53:39] Status: ERROR | Text: '' | Job: 0
2025-12-19 16:53:40 - __main__ - INFO - [2025-12-19 16:53:40] Status: ERROR | Text: '' | Job: 0
2025-12-19 16:53:41 - __main__ - INFO - [2025-12-19 16:53:41] Status: ERROR | Text: '' | Job: 0
2025-12-19 16:53:42 - __main__ - INFO - [2025-12-19 16:53:42] Status: ERROR | Text: '' | Job: 0
2025-12-19 16:53:43 - __main__ - INFO - [2025-12-19 16:53:43] Status: ERROR | Text: '' | Job: 0
2025-12-19 16:53:44 - __main__ - INFO - [2025-12-19 16:53:44] Status: ERROR | Text: '' | Job: 0
2025-12-19 16:53:45 - __main__ - INFO - [2025-12-19 16:53:45] Status: ERROR | Text: '' | Job: 0
2025-12-19 16:53:46 - __main__ - INFO - [2025-12-19 16:53:46] Status: ERROR | Text: '' | Job: 0
2025-12-19 16:53:47 - __main__ - INFO - [2025-12-19 16:53:47] Status: ERROR | Text: '' | Job: 0
2025-12-19 16:53:48 - __main__ - INFO - [2025-12-19 16:53:48] Status: ERROR | Text: '' | Job: 0
2025-12-19 16:53:49 - __main__ - INFO - [2025-12-19 16:53:49] Status: ERROR | Text: '' | Job: 0
2025-12-19 16:53:50 - __main__ - INFO - [2025-12-19 16:53:50] Status: ERROR | Text: '' | Job: 0
2025-12-19 16:53:51 - __main__ - INFO - [2025-12-19 16:53:51] Status: ERROR | Text: '' | Job: 0
2025-12-19 16:53:52 - __main__ - INFO - [2025-12-19 16:53:52] Status: ERROR | Text: '' | Job: 0
2025-12-19 16:53:53 - __main__ - INFO - [2025-12-19 16:53:53] Status: ERROR | Text: '' | Job: 0
2025-12-19 16:53:54 - __main__ - INFO - [2025-12-19 16:53:54] Status: ERROR | Text: '' | Job: 0
2025-12-19 16:53:55 - __main__ - INFO - [2025-12-19 16:53:55] Status: ERROR | Text: '' | Job: 0
2025-12-19 16:53:56 - __main__ - INFO - [2025-12-19 16:53:56] Status: ERROR | Text: '' | Job: 0
2025-12-19 16:53:57 - __main__ - INFO - [2025-12-19 16:53:57] Status: ERROR | Text: '' | Job: 0
2025-12-19 16:53:58 - __main__ - INFO - [2025-12-19 16:53:58] Status: ERROR | Text: '' | Job: 0
2025-12-19 16:53:59 - __main__ - INFO - [2025-12-19 16:53:59] Status: ERROR | Text: '' | Job: 0
2025-12-19 16:54:00 - __main__ - INFO - [2025-12-19 16:54:00] Status: ERROR | Text: '' | Job: 0
2025-12-19 16:54:01 - __main__ - INFO - [2025-12-19 16:54:01] Status: ERROR | Text: '' | Job: 0
2025-12-19 16:54:02 - __main__ - INFO - [2025-12-19 16:54:02] Status: ERROR | Text: '' | Job: 0
2025-12-19 16:54:03 - __main__ - INFO - [2025-12-19 16:54:03] Status: ERROR | Text: '' | Job: 0
2025-12-19 16:54:04 - __main__ - INFO - [2025-12-19 16:54:04] Status: ERROR | Text: '' | Job: 0
2025-12-19 16:54:05 - __main__ - INFO - [2025-12-19 16:54:05] Status: ERROR | Text: '' | Job: 0
2025-12-19 16:54:06 - __main__ - INFO - [2025-12-19 16:54:06] Status: ERROR | Text: '' | Job: 0
2025-12-19 16:54:07 - __main__ - INFO - [2025-12-19 16:54:07] Status: ERROR | Text: '' | Job: 0
2025-12-19 16:54:08 - __main__ - INFO - [2025-12-19 16:54:08] Status: ERROR | Text: '' | Job: 0
2025-12-19 16:54:09 - __main__ - INFO - [2025-12-19 16:54:09] Status: ERROR | Text: '' | Job: 0
2025-12-19 16:54:10 - __main__ - INFO - [2025-12-19 16:54:10] Status: ERROR | Text: '' | Job: 0
2025-12-19 16:54:11 - __main__ - INFO - [2025-12-19 16:54:11] Status: ERROR | Text: '' | Job: 0
2025-12-19 16:54:12 - __main__ - INFO - [2025-12-19 16:54:12] Status: ERROR | Text: '' | Job: 0
2025-12-19 16:54:13 - __main__ - INFO - [2025-12-19 16:54:13] Status: ERROR | Text: '' | Job: 0
2025-12-19 16:54:14 - __main__ - INFO - [2025-12-19 16:54:14] Status: ERROR | Text: '' | Job: 0
2025-12-19 16:54:15 - __main__ - INFO - [2025-12-19 16:54:15] Status: ERROR | Text: '' | Job: 0
2025-12-19 16:54:16 - __main__ - INFO - [2025-12-19 16:54:16] Status: ERROR | Text: '' | Job: 0
2025-12-19 16:54:17 - __main__ - INFO - [2025-12-19 16:54:17] Status: ERROR | Text: '' | Job: 0
2025-12-19 16:54:18 - __main__ - INFO - [2025-12-19 16:54:18] Status: ERROR | Text: '' | Job: 0
2025-12-19 16:54:19 - __main__ - INFO - [2025-12-19 16:54:19] Status: ERROR | Text: '' | Job: 0
2025-12-19 16:54:20 - __main__ - INFO - [2025-12-19 16:54:20] Status: ERROR | Text: '' | Job: 0
2025-12-19 16:54:21 - __main__ - INFO - [2025-12-19 16:54:21] Status: ERROR | Text: '' | Job: 0
2025-12-19 16:54:22 - __main__ - INFO - [2025-12-19 16:54:22] Status: ERROR | Text: '' | Job: 0
2025-12-19 16:54:23 - __main__ - INFO - [2025-12-19 16:54:23] Status: ERROR | Text: '' | Job: 0
2025-12-19 16:54:24 - __main__ - INFO - [2025-12-19 16:54:24] Status: ERROR | Text: '' | Job: 0
2025-12-19 16:54:25 - __main__ - INFO - [2025-12-19 16:54:25] Status: ERROR | Text: '' | Job: 0
2025-12-19 16:54:26 - __main__ - INFO - [2025-12-19 16:54:26] Status: ERROR | Text: '' | Job: 0
2025-12-19 16:54:27 - __main__ - INFO - [2025-12-19 16:54:27] Status: ERROR | Text: '' | Job: 0
2025-12-19 16:54:28 - __main__ - INFO - [2025-12-19 16:54:28] Status: ERROR | Text: '' | Job: 0
2025-12-19 16:54:29 - __main__ - INFO - [2025-12-19 16:54:29] Status: ERROR | Text: '' | Job: 0
2025-12-19 16:54:30 - __main__ - INFO - [2025-12-19 16:54:30] Status: ERROR | Text: '' | Job: 0
2025-12-19 16:54:31 - __main__ - INFO - [2025-12-19 16:54:31] Status: ERROR | Text: '' | Job: 0
2025-12-19 16:54:32 - __main__ - INFO - [2025-12-19 16:54:32] Status: ERROR | Text: '' | Job: 0
2025-12-19 16:54:33 - __main__ - INFO - [2025-12-19 16:54:33] Status: ERROR | Text: '' | Job: 0
2025-12-19 16:54:34 - __main__ - INFO - [2025-12-19 16:54:34] Status: ERROR | Text: '' | Job: 0
2025-12-19 16:54:35 - __main__ - INFO - [2025-12-19 16:54:35] Status: ERROR | Text: '' | Job: 0
2025-12-19 16:54:36 - __main__ - INFO - [2025-12-19 16:54:36] Status: ERROR | Text: '' | Job: 0
2025-12-19 16:54:37 - __main__ - INFO - [2025-12-19 16:54:37] Status: ERROR | Text: '' | Job: 0
2025-12-19 16:54:38 - __main__ - INFO - [2025-12-19 16:54:38] Status: ERROR | Text: '' | Job: 0
2025-12-19 16:54:39 - __main__ - INFO - [2025-12-19 16:54:39] Status: ERROR | Text: '' | Job: 0
2025-12-19 16:54:40 - __main__ - INFO - [2025-12-19 16:54:40] Status: ERROR | Text: '' | Job: 0
2025-12-19 16:54:41 - __main__ - INFO - [2025-12-19 16:54:41] Status: ERROR | Text: '' | Job: 0
2025-12-19 16:54:42 - __main__ - INFO - [2025-12-19 16:54:42] Status: ERROR | Text: '' | Job: 0
2025-12-19 16:54:43 - __main__ - INFO - [2025-12-19 16:54:43] Status: ERROR | Text: '' | Job: 0
2025-12-19 16:54:44 - __main__ - INFO - [2025-12-19 16:54:44] Status: ERROR | Text: '' | Job: 0
2025-12-19 16:54:45 - __main__ - INFO - [2025-12-19 16:54:45] Status: ERROR | Text: '' | Job: 0
2025-12-19 16:54:46 - __main__ - INFO - [2025-12-19 16:54:46] Status: ERROR | Text: '' | Job: 0
2025-12-19 16:54:47 - __main__ - INFO - [2025-12-19 16:54:47] Status: ERROR | Text: '' | Job: 0
2025-12-19 16:54:48 - __main__ - INFO - [2025-12-19 16:54:48] Status: ERROR | Text: '' | Job: 0
2025-12-19 16:54:49 - __main__ - INFO - [2025-12-19 16:54:49] Status: ERROR | Text: '' | Job: 0
2025-12-19 16:54:50 - __main__ - INFO - [2025-12-19 16:54:50] Status: ERROR | Text: '' | Job: 0
2025-12-19 16:54:51 - __main__ - INFO - [2025-12-19 16:54:51] Status: ERROR | Text: '' | Job: 0
2025-12-19 16:54:52 - __main__ - INFO - [2025-12-19 16:54:52] Status: ERROR | Text: '' | Job: 0
2025-12-19 16:54:53 - __main__ - INFO - [2025-12-19 16:54:53] Status: ERROR | Text: '' | Job: 0
2025-12-19 16:54:54 - __main__ - INFO - [2025-12-19 16:54:54] Status: ERROR | Text: '' | Job: 0
2025-12-19 16:54:55 - __main__ - INFO - [2025-12-19 16:54:55] Status: ERROR | Text: '' | Job: 0
2025-12-19 16:54:56 - __main__ - INFO - [2025-12-19 16:54:56] Status: ERROR | Text: '' | Job: 0
2025-12-19 16:54:57 - __main__ - INFO - [2025-12-19 16:54:57] Status: ERROR | Text: '' | Job: 0
2025-12-19 16:54:58 - __main__ - INFO - [2025-12-19 16:54:58] Status: ERROR | Text: '' | Job: 0
2025-12-19 16:54:59 - __main__ - INFO - [2025-12-19 16:54:59] Status: ERROR | Text: '' | Job: 0
2025-12-19 16:55:00 - __main__ - INFO - [2025-12-19 16:55:00] Status: ERROR | Text: '' | Job: 0
2025-12-19 16:55:01 - __main__ - INFO - [2025-12-19 16:55:01] Status: ERROR | Text: '' | Job: 0
2025-12-19 16:55:02 - __main__ - INFO - [2025-12-19 16:55:02] Status: ERROR | Text: '' | Job: 0
2025-12-19 16:55:03 - __main__ - INFO - [2025-12-19 16:55:03] Status: ERROR | Text: '' | Job: 0
2025-12-19 16:55:04 - __main__ - INFO - [2025-12-19 16:55:04] Status: ERROR | Text: '' | Job: 0
2025-12-19 16:55:05 - __main__ - INFO - [2025-12-19 16:55:05] Status: ERROR | Text: '' | Job: 0
2025-12-19 16:55:06 - __main__ - INFO - [2025-12-19 16:55:06] Status: ERROR | Text: '' | Job: 0
2025-12-19 16:55:07 - __main__ - INFO - [2025-12-19 16:55:07] Status: ERROR | Text: '' | Job: 0
2025-12-19 16:55:08 - __main__ - INFO - [2025-12-19 16:55:08] Status: ERROR | Text: '' | Job: 0
2025-12-19 16:55:09 - __main__ - INFO - [2025-12-19 16:55:09] Status: ERROR | Text: '' | Job: 0
2025-12-19 16:55:10 - __main__ - INFO - [2025-12-19 16:55:10] Status: ERROR | Text: '' | Job: 0
2025-12-19 16:55:11 - __main__ - INFO - [2025-12-19 16:55:11] Status: ERROR | Text: '' | Job: 0
2025-12-19 16:55:12 - __main__ - INFO - [2025-12-19 16:55:12] Status: ERROR | Text: '' | Job: 0
2025-12-19 16:55:13 - __main__ - INFO - [2025-12-19 16:55:13] Status: ERROR | Text: '' | Job: 0
2025-12-19 16:55:14 - __main__ - INFO - [2025-12-19 16:55:14] Status: ERROR | Text: '' | Job: 0
2025-12-19 16:55:15 - __main__ - INFO - [2025-12-19 16:55:15] Status: ERROR | Text: '' | Job: 0
2025-12-19 16:55:16 - __main__ - INFO - [2025-12-19 16:55:16] Status: ERROR | Text: '' | Job: 0
2025-12-19 16:55:17 - __main__ - INFO - [2025-12-19 16:55:17] Status: ERROR | Text: '' | Job: 0
2025-12-19 16:55:18 - __main__ - INFO - [2025-12-19 16:55:18] Status: ERROR | Text: '' | Job: 0
2025-12-19 16:55:19 - __main__ - INFO - [2025-12-19 16:55:19] Status: ERROR | Text: '' | Job: 0
2025-12-19 16:55:20 - __main__ - INFO - [2025-12-19 16:55:20] Status: ERROR | Text: '' | Job: 0
2025-12-19 16:55:21 - __main__ - INFO - [2025-12-19 16:55:21] Status: ERROR | Text: '' | Job: 0
2025-12-19 16:55:22 - __main__ - INFO - [2025-12-19 16:55:22] Status: ERROR | Text: '' | Job: 0
2025-12-19 16:55:23 - __main__ - INFO - [2025-12-19 16:55:23] Status: ERROR | Text: '' | Job: 0
2025-12-19 16:55:24 - __main__ - INFO - [2025-12-19 16:55:24] Status: ERROR | Text: '' | Job: 0
2025-12-19 16:55:25 - __main__ - INFO - [2025-12-19 16:55:25] Status: ERROR | Text: '' | Job: 0
2025-12-19 16:55:26 - __main__ - INFO - [2025-12-19 16:55:26] Status: ERROR | Text: '' | Job: 0
2025-12-19 16:55:27 - __main__ - INFO - [2025-12-19 16:55:27] Status: ERROR | Text: '' | Job: 0
2025-12-19 16:55:28 - __main__ - INFO - [2025-12-19 16:55:28] Status: ERROR | Text: '' | Job: 0
2025-12-19 16:55:29 - __main__ - INFO - [2025-12-19 16:55:29] Status: ERROR | Text: '' | Job: 0
2025-12-19 16:55:30 - __main__ - INFO - [2025-12-19 16:55:30] Status: ERROR | Text: '' | Job: 0
2025-12-19 16:55:32 - __main__ - INFO - [2025-12-19 16:55:32] Status: ERROR | Text: '' | Job: 0
2025-12-19 16:55:33 - __main__ - INFO - [2025-12-19 16:55:33] Status: ERROR | Text: '' | Job: 0
2025-12-19 16:55:34 - __main__ - INFO - [2025-12-19 16:55:34] Status: ERROR | Text: '' | Job: 0
2025-12-19 16:55:35 - __main__ - INFO - [2025-12-19 16:55:35] Status: ERROR | Text: '' | Job: 0
2025-12-19 16:55:36 - __main__ - INFO - [2025-12-19 16:55:36] Status: ERROR | Text: '' | Job: 0
2025-12-19 16:55:37 - __main__ - INFO - [2025-12-19 16:55:37] Status: ERROR | Text: '' | Job: 0
2025-12-19 16:55:38 - __main__ - INFO - [2025-12-19 16:55:38] Status: ERROR | Text: '' | Job: 0
2025-12-19 16:55:39 - __main__ - INFO - [2025-12-19 16:55:39] Status: ERROR | Text: '' | Job: 0
2025-12-19 16:55:40 - __main__ - INFO - [2025-12-19 16:55:40] Status: ERROR | Text: '' | Job: 0
2025-12-19 16:55:41 - __main__ - INFO - [2025-12-19 16:55:41] Status: ERROR | Text: '' | Job: 0
2025-12-19 16:55:42 - __main__ - INFO - [2025-12-19 16:55:42] Status: ERROR | Text: '' | Job: 0
2025-12-19 16:55:43 - __main__ - INFO - [2025-12-19 16:55:43] Status: ERROR | Text: '' | Job: 0
2025-12-19 16:55:44 - __main__ - INFO - [2025-12-19 16:55:44] Status: ERROR | Text: '' | Job: 0
2025-12-19 16:55:45 - __main__ - INFO - [2025-12-19 16:55:45] Status: ERROR | Text: '' | Job: 0
2025-12-19 16:55:46 - __main__ - INFO - [2025-12-19 16:55:46] Status: ERROR | Text: '' | Job: 0
2025-12-19 16:55:47 - __main__ - INFO - [2025-12-19 16:55:47] Status: ERROR | Text: '' | Job: 0
2025-12-19 16:55:48 - __main__ - INFO - [2025-12-19 16:55:48] Status: ERROR | Text: '' | Job: 0
2025-12-19 16:55:49 - __main__ - INFO - [2025-12-19 16:55:49] Status: ERROR | Text: '' | Job: 0
2025-12-19 16:55:50 - __main__ - INFO - [2025-12-19 16:55:50] Status: ERROR | Text: '' | Job: 0
2025-12-19 16:55:51 - __main__ - INFO - [2025-12-19 16:55:51] Status: ERROR | Text: '' | Job: 0
2025-12-19 16:55:52 - __main__ - INFO - [2025-12-19 16:55:52] Status: ERROR | Text: '' | Job: 0
2025-12-19 16:55:53 - __main__ - INFO - [2025-12-19 16:55:53] Status: ERROR | Text: '' | Job: 0
2025-12-19 16:55:54 - __main__ - INFO - [2025-12-19 16:55:54] Status: ERROR | Text: '' | Job: 0
2025-12-19 16:55:55 - __main__ - INFO - [2025-12-19 16:55:55] Status: ERROR | Text: '' | Job: 0
2025-12-19 16:55:56 - __main__ - INFO - [2025-12-19 16:55:56] Status: ERROR | Text: '' | Job: 0
2025-12-19 16:55:57 - __main__ - INFO - [2025-12-19 16:55:57] Status: ERROR | Text: '' | Job: 0
2025-12-19 16:55:58 - __main__ - INFO - [2025-12-19 16:55:58] Status: ERROR | Text: '' | Job: 0
2025-12-19 16:55:59 - __main__ - INFO - [2025-12-19 16:55:59] Status: ERROR | Text: '' | Job: 0
2025-12-19 16:56:00 - __main__ - INFO - [2025-12-19 16:56:00] Status: ERROR | Text: '' | Job: 0
2025-12-19 16:56:01 - __main__ - INFO - [2025-12-19 16:56:01] Status: ERROR | Text: '' | Job: 0
2025-12-19 16:56:02 - __main__ - INFO - [2025-12-19 16:56:02] Status: ERROR | Text: '' | Job: 0
2025-12-19 16:56:03 - __main__ - INFO - [2025-12-19 16:56:03] Status: ERROR | Text: '' | Job: 0
2025-12-19 16:56:04 - __main__ - INFO - [2025-12-19 16:56:04] Status: ERROR | Text: '' | Job: 0
2025-12-19 16:56:05 - __main__ - INFO - [2025-12-19 16:56:05] Status: ERROR | Text: '' | Job: 0
2025-12-19 16:56:06 - __main__ - INFO - [2025-12-19 16:56:06] Status: ERROR | Text: '' | Job: 0
2025-12-19 16:56:07 - __main__ - INFO - [2025-12-19 16:56:07] Status: ERROR | Text: '' | Job: 0
2025-12-19 16:56:08 - __main__ - INFO - [2025-12-19 16:56:08] Status: ERROR | Text: '' | Job: 0
2025-12-19 16:56:09 - __main__ - INFO - [2025-12-19 16:56:09] Status: ERROR | Text: '' | Job: 0
2025-12-19 16:56:10 - __main__ - INFO - [2025-12-19 16:56:10] Status: ERROR | Text: '' | Job: 0
2025-12-19 16:56:11 - __main__ - INFO - [2025-12-19 16:56:11] Status: ERROR | Text: '' | Job: 0
2025-12-19 16:56:12 - __main__ - INFO - [2025-12-19 16:56:12] Status: ERROR | Text: '' | Job: 0
2025-12-19 16:56:13 - __main__ - INFO - [2025-12-19 16:56:13] Status: ERROR | Text: '' | Job: 0
2025-12-19 16:56:14 - __main__ - INFO - [2025-12-19 16:56:14] Status: ERROR | Text: '' | Job: 0
2025-12-19 16:56:15 - __main__ - INFO - [2025-12-19 16:56:15] Status: ERROR | Text: '' | Job: 0
2025-12-19 16:56:16 - __main__ - INFO - [2025-12-19 16:56:16] Status: ERROR | Text: '' | Job: 0
2025-12-19 16:56:17 - __main__ - INFO - [2025-12-19 16:56:17] Status: ERROR | Text: '' | Job: 0
2025-12-19 16:56:18 - __main__ - INFO - [2025-12-19 16:56:18] Status: ERROR | Text: '' | Job: 0
2025-12-19 16:56:19 - __main__ - INFO - [2025-12-19 16:56:19] Status: ERROR | Text: '' | Job: 0
2025-12-19 16:56:20 - __main__ - INFO - [2025-12-19 16:56:20] Status: ERROR | Text: '' | Job: 0
2025-12-19 16:56:21 - __main__ - INFO - [2025-12-19 16:56:21] Status: ERROR | Text: '' | Job: 0
2025-12-19 16:56:22 - __main__ - INFO - [2025-12-19 16:56:22] Status: ERROR | Text: '' | Job: 0
2025-12-19 16:56:23 - __main__ - INFO - [2025-12-19 16:56:23] Status: ERROR | Text: '' | Job: 0
2025-12-19 16:56:24 - __main__ - INFO - [2025-12-19 16:56:24] Status: ERROR | Text: '' | Job: 0
2025-12-19 16:56:25 - __main__ - INFO - [2025-12-19 16:56:25] Status: ERROR | Text: '' | Job: 0
2025-12-19 16:56:26 - __main__ - INFO - [2025-12-19 16:56:26] Status: ERROR | Text: '' | Job: 0
2025-12-19 16:56:27 - __main__ - INFO - [2025-12-19 16:56:27] Status: ERROR | Text: '' | Job: 0
2025-12-19 16:56:28 - __main__ - INFO - [2025-12-19 16:56:28] Status: ERROR | Text: '' | Job: 0
2025-12-19 16:56:29 - __main__ - INFO - [2025-12-19 16:56:29] Status: ERROR | Text: '' | Job: 0
2025-12-19 16:56:30 - __main__ - INFO - [2025-12-19 16:56:30] Status: ERROR | Text: '' | Job: 0
2025-12-19 16:56:31 - __main__ - INFO - [2025-12-19 16:56:31] Status: ERROR | Text: '' | Job: 0
2025-12-19 16:56:32 - __main__ - INFO - [2025-12-19 16:56:32] Status: ERROR | Text: '' | Job: 0
2025-12-19 16:56:33 - __main__ - INFO - [2025-12-19 16:56:33] Status: ERROR | Text: '' | Job: 0
2025-12-19 16:56:34 - __main__ - INFO - [2025-12-19 16:56:34] Status: ERROR | Text: '' | Job: 0
2025-12-19 16:56:35 - __main__ - INFO - [2025-12-19 16:56:35] Status: ERROR | Text: '' | Job: 0
2025-12-19 16:56:36 - __main__ - INFO - [2025-12-19 16:56:36] Status: ERROR | Text: '' | Job: 0
2025-12-19 16:56:37 - __main__ - INFO - [2025-12-19 16:56:37] Status: ERROR | Text: '' | Job: 0
2025-12-19 16:56:38 - __main__ - INFO - [2025-12-19 16:56:38] Status: ERROR | Text: '' | Job: 0
2025-12-19 16:56:39 - __main__ - INFO - [2025-12-19 16:56:39] Status: ERROR | Text: '' | Job: 0
2025-12-19 16:56:40 - __main__ - INFO - [2025-12-19 16:56:40] Status: ERROR | Text: '' | Job: 0
2025-12-19 16:56:41 - __main__ - INFO - [2025-12-19 16:56:41] Status: ERROR | Text: '' | Job: 0
2025-12-19 16:56:42 - __main__ - INFO - [2025-12-19 16:56:42] Status: ERROR | Text: '' | Job: 0
2025-12-19 16:56:43 - __main__ - INFO - [2025-12-19 16:56:43] Status: ERROR | Text: '' | Job: 0
2025-12-19 16:56:44 - __main__ - INFO - [2025-12-19 16:56:44] Status: ERROR | Text: '' | Job: 0
2025-12-19 16:56:45 - __main__ - INFO - [2025-12-19 16:56:45] Status: ERROR | Text: '' | Job: 0
2025-12-19 16:56:46 - __main__ - INFO - [2025-12-19 16:56:46] Status: ERROR | Text: '' | Job: 0
2025-12-19 16:56:47 - __main__ - INFO - [2025-12-19 16:56:47] Status: ERROR | Text: '' | Job: 0
2025-12-19 16:56:48 - __main__ - INFO - [2025-12-19 16:56:48] Status: ERROR | Text: '' | Job: 0
2025-12-19 16:56:49 - __main__ - INFO - [2025-12-19 16:56:49] Status: ERROR | Text: '' | Job: 0
2025-12-19 16:56:50 - __main__ - INFO - [2025-12-19 16:56:50] Status: ERROR | Text: '' | Job: 0
2025-12-19 16:56:51 - __main__ - INFO - [2025-12-19 16:56:51] Status: ERROR | Text: '' | Job: 0
2025-12-19 16:56:52 - __main__ - INFO - [2025-12-19 16:56:52] Status: ERROR | Text: '' | Job: 0
2025-12-19 16:56:53 - __main__ - INFO - [2025-12-19 16:56:53] Status: ERROR | Text: '' | Job: 0
2025-12-19 16:56:54 - __main__ - INFO - [2025-12-19 16:56:54] Status: ERROR | Text: '' | Job: 0
2025-12-19 16:56:55 - __main__ - INFO - [2025-12-19 16:56:55] Status: ERROR | Text: '' | Job: 0
2025-12-19 16:56:56 - __main__ - INFO - [2025-12-19 16:56:56] Status: ERROR | Text: '' | Job: 0
2025-12-19 16:56:57 - __main__ - INFO - [2025-12-19 16:56:57] Status: ERROR | Text: '' | Job: 0
2025-12-19 16:56:58 - __main__ - INFO - [2025-12-19 16:56:58] Status: ERROR | Text: '' | Job: 0
2025-12-19 16:56:59 - __main__ - INFO - [2025-12-19 16:56:59] Status: ERROR | Text: '' | Job: 0
2025-12-19 16:57:00 - __main__ - INFO - [2025-12-19 16:57:00] Status: ERROR | Text: '' | Job: 0
2025-12-19 16:57:01 - __main__ - INFO - [2025-12-19 16:57:01] Status: ERROR | Text: '' | Job: 0
2025-12-19 16:57:02 - __main__ - INFO - [2025-12-19 16:57:02] Status: ERROR | Text: '' | Job: 0
2025-12-19 16:57:03 - __main__ - INFO - [2025-12-19 16:57:03] Status: ERROR | Text: '' | Job: 0
2025-12-19 16:57:04 - __main__ - INFO - [2025-12-19 16:57:04] Status: ERROR | Text: '' | Job: 0
2025-12-19 16:57:05 - __main__ - INFO - [2025-12-19 16:57:05] Status: ERROR | Text: '' | Job: 0
2025-12-19 16:57:06 - __main__ - INFO - [2025-12-19 16:57:06] Status: ERROR | Text: '' | Job: 0
2025-12-19 16:57:07 - __main__ - INFO - [2025-12-19 16:57:07] Status: ERROR | Text: '' | Job: 0
2025-12-19 16:57:08 - __main__ - INFO - [2025-12-19 16:57:08] Status: ERROR | Text: '' | Job: 0
2025-12-19 16:57:09 - __main__ - INFO - [2025-12-19 16:57:09] Status: ERROR | Text: '' | Job: 0
2025-12-19 16:57:10 - __main__ - INFO - [2025-12-19 16:57:10] Status: ERROR | Text: '' | Job: 0
2025-12-19 16:57:11 - __main__ - INFO - [2025-12-19 16:57:11] Status: ERROR | Text: '' | Job: 0
2025-12-19 16:57:12 - __main__ - INFO - [2025-12-19 16:57:12] Status: ERROR | Text: '' | Job: 0
2025-12-19 16:57:13 - __main__ - INFO - [2025-12-19 16:57:13] Status: ERROR | Text: '' | Job: 0
2025-12-19 16:57:14 - __main__ - INFO - [2025-12-19 16:57:14] Status: ERROR | Text: '' | Job: 0
2025-12-19 16:57:15 - __main__ - INFO - [2025-12-19 16:57:15] Status: ERROR | Text: '' | Job: 0
2025-12-19 16:57:16 - __main__ - INFO - [2025-12-19 16:57:16] Status: ERROR | Text: '' | Job: 0
2025-12-19 16:57:17 - __main__ - INFO - [2025-12-19 16:57:17] Status: ERROR | Text: '' | Job: 0
2025-12-19 16:57:18 - __main__ - INFO - [2025-12-19 16:57:18] Status: ERROR | Text: '' | Job: 0
2025-12-19 16:57:19 - __main__ - INFO - [2025-12-19 16:57:19] Status: ERROR | Text: '' | Job: 0
2025-12-19 16:57:20 - __main__ - INFO - [2025-12-19 16:57:20] Status: ERROR | Text: '' | Job: 0
2025-12-19 16:57:21 - __main__ - INFO - [2025-12-19 16:57:21] Status: ERROR | Text: '' | Job: 0
2025-12-19 16:57:22 - __main__ - INFO - [2025-12-19 16:57:22] Status: ERROR | Text: '' | Job: 0
2025-12-19 16:57:23 - __main__ - INFO - [2025-12-19 16:57:23] Status: ERROR | Text: '' | Job: 0
2025-12-19 16:57:24 - __main__ - INFO - [2025-12-19 16:57:24] Status: ERROR | Text: '' | Job: 0
2025-12-19 16:57:25 - __main__ - INFO - [2025-12-19 16:57:25] Status: ERROR | Text: '' | Job: 0
2025-12-19 16:57:26 - __main__ - INFO - [2025-12-19 16:57:26] Status: ERROR | Text: '' | Job: 0
2025-12-19 16:57:27 - __main__ - INFO - [2025-12-19 16:57:27] Status: ERROR | Text: '' | Job: 0
2025-12-19 16:57:28 - __main__ - INFO - [2025-12-19 16:57:28] Status: ERROR | Text: '' | Job: 0
2025-12-19 16:57:29 - __main__ - INFO - [2025-12-19 16:57:29] Status: ERROR | Text: '' | Job: 0
2025-12-19 16:57:30 - __main__ - INFO - [2025-12-19 16:57:30] Status: ERROR | Text: '' | Job: 0
2025-12-19 16:57:31 - __main__ - INFO - [2025-12-19 16:57:31] Status: ERROR | Text: '' | Job: 0
2025-12-19 16:57:32 - __main__ - INFO - [2025-12-19 16:57:32] Status: ERROR | Text: '' | Job: 0
2025-12-19 16:57:33 - __main__ - INFO - [2025-12-19 16:57:33] Status: ERROR | Text: '' | Job: 0
2025-12-19 16:57:34 - __main__ - INFO - [2025-12-19 16:57:34] Status: ERROR | Text: '' | Job: 0
2025-12-19 16:57:35 - __main__ - INFO - [2025-12-19 16:57:35] Status: ERROR | Text: '' | Job: 0
2025-12-19 16:57:36 - __main__ - INFO - [2025-12-19 16:57:36] Status: ERROR | Text: '' | Job: 0
2025-12-19 16:57:37 - __main__ - INFO - [2025-12-19 16:57:37] Status: ERROR | Text: '' | Job: 0
2025-12-19 16:57:38 - __main__ - INFO - [2025-12-19 16:57:38] Status: ERROR | Text: '' | Job: 0
2025-12-19 16:57:39 - __main__ - INFO - [2025-12-19 16:57:39] Status: ERROR | Text: '' | Job: 0
2025-12-19 16:57:40 - __main__ - INFO - [2025-12-19 16:57:40] Status: ERROR | Text: '' | Job: 0
2025-12-19 16:57:41 - __main__ - INFO - [2025-12-19 16:57:41] Status: ERROR | Text: '' | Job: 0
2025-12-19 16:57:42 - __main__ - INFO - [2025-12-19 16:57:42] Status: ERROR | Text: '' | Job: 0
2025-12-19 16:57:43 - __main__ - INFO - [2025-12-19 16:57:43] Status: ERROR | Text: '' | Job: 0
2025-12-19 16:57:44 - __main__ - INFO - [2025-12-19 16:57:44] Status: ERROR | Text: '' | Job: 0
2025-12-19 16:57:45 - __main__ - INFO - [2025-12-19 16:57:45] Status: ERROR | Text: '' | Job: 0
2025-12-19 16:57:46 - __main__ - INFO - [2025-12-19 16:57:46] Status: ERROR | Text: '' | Job: 0
2025-12-19 16:57:47 - __main__ - INFO - [2025-12-19 16:57:47] Status: ERROR | Text: '' | Job: 0
2025-12-19 16:57:48 - __main__ - INFO - [2025-12-19 16:57:48] Status: ERROR | Text: '' | Job: 0
2025-12-19 16:57:49 - __main__ - INFO - [2025-12-19 16:57:49] Status: ERROR | Text: '' | Job: 0
2025-12-19 16:57:50 - __main__ - INFO - [2025-12-19 16:57:50] Status: ERROR | Text: '' | Job: 0
2025-12-19 16:57:51 - __main__ - INFO - [2025-12-19 16:57:51] Status: ERROR | Text: '' | Job: 0
2025-12-19 16:57:52 - __main__ - INFO - [2025-12-19 16:57:52] Status: ERROR | Text: '' | Job: 0
2025-12-19 16:57:53 - __main__ - INFO - [2025-12-19 16:57:53] Status: ERROR | Text: '' | Job: 0
2025-12-19 16:57:54 - __main__ - INFO - [2025-12-19 16:57:54] Status: ERROR | Text: '' | Job: 0
2025-12-19 16:57:55 - __main__ - INFO - [2025-12-19 16:57:55] Status: ERROR | Text: '' | Job: 0
2025-12-19 16:57:56 - __main__ - INFO - [2025-12-19 16:57:56] Status: ERROR | Text: '' | Job: 0
2025-12-19 16:57:57 - __main__ - INFO - [2025-12-19 16:57:57] Status: ERROR | Text: '' | Job: 0
2025-12-19 16:57:58 - __main__ - INFO - [2025-12-19 16:57:58] Status: ERROR | Text: '' | Job: 0
2025-12-19 16:57:59 - __main__ - INFO - [2025-12-19 16:57:59] Status: ERROR | Text: '' | Job: 0
2025-12-19 16:58:00 - __main__ - INFO - [2025-12-19 16:58:00] Status: ERROR | Text: '' | Job: 0
2025-12-19 16:58:01 - __main__ - INFO - [2025-12-19 16:58:01] Status: ERROR | Text: '' | Job: 0
2025-12-19 16:58:02 - __main__ - INFO - [2025-12-19 16:58:02] Status: ERROR | Text: '' | Job: 0
2025-12-19 16:58:03 - __main__ - INFO - [2025-12-19 16:58:03] Status: ERROR | Text: '' | Job: 0
2025-12-19 16:58:04 - __main__ - INFO - [2025-12-19 16:58:04] Status: ERROR | Text: '' | Job: 0
2025-12-19 16:58:05 - __main__ - INFO - [2025-12-19 16:58:05] Status: ERROR | Text: '' | Job: 0
2025-12-19 16:58:06 - __main__ - INFO - [2025-12-19 16:58:06] Status: ERROR | Text: '' | Job: 0
2025-12-19 16:58:07 - __main__ - INFO - [2025-12-19 16:58:07] Status: ERROR | Text: '' | Job: 0
2025-12-19 16:58:08 - __main__ - INFO - [2025-12-19 16:58:08] Status: ERROR | Text: '' | Job: 0
2025-12-19 16:58:09 - __main__ - INFO - [2025-12-19 16:58:09] Status: ERROR | Text: '' | Job: 0
2025-12-19 16:58:10 - __main__ - INFO - [2025-12-19 16:58:10] Status: ERROR | Text: '' | Job: 0
2025-12-19 16:58:11 - __main__ - INFO - [2025-12-19 16:58:11] Status: ERROR | Text: '' | Job: 0
2025-12-19 16:58:12 - __main__ - INFO - [2025-12-19 16:58:12] Status: ERROR | Text: '' | Job: 0
2025-12-19 16:58:13 - __main__ - INFO - [2025-12-19 16:58:13] Status: ERROR | Text: '' | Job: 0
2025-12-19 16:58:14 - __main__ - INFO - [2025-12-19 16:58:14] Status: ERROR | Text: '' | Job: 0
2025-12-19 16:58:15 - __main__ - INFO - [2025-12-19 16:58:15] Status: ERROR | Text: '' | Job: 0
2025-12-19 16:58:16 - __main__ - INFO - [2025-12-19 16:58:16] Status: ERROR | Text: '' | Job: 0
2025-12-19 16:58:17 - __main__ - INFO - [2025-12-19 16:58:17] Status: ERROR | Text: '' | Job: 0
2025-12-19 16:58:18 - __main__ - INFO - [2025-12-19 16:58:18] Status: ERROR | Text: '' | Job: 0
2025-12-19 16:58:19 - __main__ - INFO - [2025-12-19 16:58:19] Status: ERROR | Text: '' | Job: 0
2025-12-19 16:58:20 - __main__ - INFO - [2025-12-19 16:58:20] Status: ERROR | Text: '' | Job: 0
2025-12-19 16:58:21 - __main__ - INFO - [2025-12-19 16:58:21] Status: ERROR | Text: '' | Job: 0
2025-12-19 16:58:23 - __main__ - INFO - [2025-12-19 16:58:23] Status: ERROR | Text: '' | Job: 0
2025-12-19 16:58:24 - __main__ - INFO - [2025-12-19 16:58:24] Status: ERROR | Text: '' | Job: 0
2025-12-19 16:58:25 - __main__ - INFO - [2025-12-19 16:58:25] Status: ERROR | Text: '' | Job: 0
2025-12-19 16:58:25 - __main__ - INFO - ============================================================
2025-12-19 16:58:25 - __main__ - INFO -   Keyence MD-X2000 Laser Marker Communication Script
2025-12-19 16:58:25 - __main__ - INFO - ============================================================
2025-12-19 16:58:25 - __main__ - INFO - ==================================================
2025-12-19 16:58:25 - __main__ - INFO - Starting continuous monitoring mode
2025-12-19 16:58:25 - __main__ - INFO - Poll interval: 1.0 seconds
2025-12-19 16:58:25 - __main__ - INFO - Press Ctrl+C to stop
2025-12-19 16:58:25 - __main__ - INFO - ==================================================
2025-12-19 16:58:25 - __main__ - INFO - Connecting to laser marker...
2025-12-19 16:58:25 - keyence_client - INFO - Connecting to Keyence MD-X2000 at 192.168.0.20:50002
2025-12-19 16:58:25 - keyence_client - INFO - Successfully connected to Keyence MD-X2000
2025-12-19 16:58:25 - __main__ - INFO - [2025-12-19 16:58:25] Status: ERROR | Text: '' | Job: 0
2025-12-19 16:58:26 - __main__ - INFO - [2025-12-19 16:58:26] Status: ERROR | Text: '' | Job: 0
2025-12-19 16:58:26 - __main__ - INFO - [2025-12-19 16:58:26] Status: ERROR | Text: '' | Job: 0
2025-12-19 16:58:27 - __main__ - INFO - [2025-12-19 16:58:27] Status: ERROR | Text: '' | Job: 0
2025-12-19 16:58:27 - __main__ - INFO - [2025-12-19 16:58:27] Status: ERROR | Text: '' | Job: 0
2025-12-19 16:58:28 - __main__ - INFO - [2025-12-19 16:58:28] Status: ERROR | Text: '' | Job: 0
2025-12-19 16:58:28 - __main__ - INFO - [2025-12-19 16:58:28] Status: ERROR | Text: '' | Job: 0
2025-12-19 16:58:29 - __main__ - INFO - [2025-12-19 16:58:29] Status: ERROR | Text: '' | Job: 0
2025-12-19 16:58:29 - __main__ - INFO - [2025-12-19 16:58:29] Status: ERROR | Text: '' | Job: 0
2025-12-19 16:58:30 - __main__ - INFO - [2025-12-19 16:58:30] Status: ERROR | Text: '' | Job: 0
2025-12-19 16:58:30 - __main__ - INFO - [2025-12-19 16:58:30] Status: ERROR | Text: '' | Job: 0
2025-12-19 16:58:31 - __main__ - INFO - [2025-12-19 16:58:31] Status: ERROR | Text: '' | Job: 0
2025-12-19 16:58:31 - __main__ - INFO - [2025-12-19 16:58:31] Status: ERROR | Text: '' | Job: 0
2025-12-19 16:58:32 - __main__ - INFO - [2025-12-19 16:58:32] Status: ERROR | Text: '' | Job: 0
2025-12-19 16:58:32 - __main__ - INFO - [2025-12-19 16:58:32] Status: ERROR | Text: '' | Job: 0
2025-12-19 16:58:33 - __main__ - INFO - [2025-12-19 16:58:33] Status: ERROR | Text: '' | Job: 0
2025-12-19 16:58:33 - __main__ - INFO - [2025-12-19 16:58:33] Status: ERROR | Text: '' | Job: 0
2025-12-19 16:58:34 - __main__ - INFO - [2025-12-19 16:58:34] Status: ERROR | Text: '' | Job: 0
2025-12-19 16:58:34 - __main__ - INFO - [2025-12-19 16:58:34] Status: ERROR | Text: '' | Job: 0
2025-12-19 16:58:35 - __main__ - INFO - [2025-12-19 16:58:35] Status: ERROR | Text: '' | Job: 0
2025-12-19 16:58:35 - __main__ - INFO - [2025-12-19 16:58:35] Status: ERROR | Text: '' | Job: 0
2025-12-19 16:58:36 - __main__ - INFO - [2025-12-19 16:58:36] Status: ERROR | Text: '' | Job: 0
2025-12-19 16:58:36 - __main__ - INFO - [2025-12-19 16:58:36] Status: ERROR | Text: '' | Job: 0
2025-12-19 16:58:37 - __main__ - INFO - [2025-12-19 16:58:37] Status: ERROR | Text: '' | Job: 0
2025-12-19 16:58:37 - __main__ - INFO - [2025-12-19 16:58:37] Status: ERROR | Text: '' | Job: 0
2025-12-19 16:58:38 - __main__ - INFO - [2025-12-19 16:58:38] Status: ERROR | Text: '' | Job: 0
2025-12-19 16:58:38 - __main__ - INFO - [2025-12-19 16:58:38] Status: ERROR | Text: '' | Job: 0
2025-12-19 16:58:39 - __main__ - INFO - [2025-12-19 16:58:39] Status: ERROR | Text: '' | Job: 0
2025-12-19 16:58:39 - __main__ - INFO - [2025-12-19 16:58:39] Status: ERROR | Text: '' | Job: 0
2025-12-19 16:58:40 - __main__ - INFO - [2025-12-19 16:58:40] Status: ERROR | Text: '' | Job: 0
2025-12-19 16:58:40 - __main__ - INFO - [2025-12-19 16:58:40] Status: ERROR | Text: '' | Job: 0
2025-12-19 16:58:41 - __main__ - INFO - [2025-12-19 16:58:41] Status: ERROR | Text: '' | Job: 0
2025-12-19 16:58:41 - __main__ - INFO - [2025-12-19 16:58:41] Status: ERROR | Text: '' | Job: 0
2025-12-19 16:58:42 - __main__ - INFO - [2025-12-19 16:58:42] Status: ERROR | Text: '' | Job: 0
2025-12-19 16:58:42 - __main__ - INFO - [2025-12-19 16:58:42] Status: ERROR | Text: '' | Job: 0
2025-12-19 16:58:43 - __main__ - INFO - [2025-12-19 16:58:43] Status: ERROR | Text: '' | Job: 0
2025-12-19 16:58:43 - __main__ - INFO - [2025-12-19 16:58:43] Status: ERROR | Text: '' | Job: 0
2025-12-19 16:58:44 - __main__ - INFO - [2025-12-19 16:58:44] Status: ERROR | Text: '' | Job: 0
2025-12-19 16:58:44 - __main__ - INFO - [2025-12-19 16:58:44] Status: ERROR | Text: '' | Job: 0
2025-12-19 16:58:45 - __main__ - INFO - [2025-12-19 16:58:45] Status: ERROR | Text: '' | Job: 0
2025-12-19 16:58:45 - __main__ - INFO - [2025-12-19 16:58:45] Status: ERROR | Text: '' | Job: 0
2025-12-19 16:58:46 - __main__ - INFO - [2025-12-19 16:58:46] Status: ERROR | Text: '' | Job: 0
2025-12-19 16:58:46 - __main__ - INFO - [2025-12-19 16:58:46] Status: ERROR | Text: '' | Job: 0
2025-12-19 16:58:47 - __main__ - INFO - [2025-12-19 16:58:47] Status: ERROR | Text: '' | Job: 0
2025-12-19 16:58:47 - __main__ - INFO - [2025-12-19 16:58:47] Status: ERROR | Text: '' | Job: 0
2025-12-19 16:58:48 - __main__ - INFO - [2025-12-19 16:58:48] Status: ERROR | Text: '' | Job: 0
2025-12-19 16:58:48 - __main__ - INFO - [2025-12-19 16:58:48] Status: ERROR | Text: '' | Job: 0
2025-12-19 16:58:49 - __main__ - INFO - [2025-12-19 16:58:49] Status: ERROR | Text: '' | Job: 0
2025-12-19 16:58:49 - __main__ - INFO - [2025-12-19 16:58:49] Status: ERROR | Text: '' | Job: 0
2025-12-19 16:58:50 - __main__ - INFO - [2025-12-19 16:58:50] Status: ERROR | Text: '' | Job: 0
2025-12-19 16:58:50 - __main__ - INFO - [2025-12-19 16:58:50] Status: ERROR | Text: '' | Job: 0
2025-12-19 16:58:51 - __main__ - INFO - [2025-12-19 16:58:51] Status: ERROR | Text: '' | Job: 0
2025-12-19 16:58:51 - __main__ - INFO - [2025-12-19 16:58:51] Status: ERROR | Text: '' | Job: 0
2025-12-19 16:58:52 - __main__ - INFO - [2025-12-19 16:58:52] Status: ERROR | Text: '' | Job: 0
2025-12-19 16:58:52 - __main__ - INFO - [2025-12-19 16:58:52] Status: ERROR | Text: '' | Job: 0
2025-12-19 16:58:53 - __main__ - INFO - [2025-12-19 16:58:53] Status: ERROR | Text: '' | Job: 0
2025-12-19 16:58:53 - __main__ - INFO - [2025-12-19 16:58:53] Status: ERROR | Text: '' | Job: 0
2025-12-19 16:58:54 - __main__ - INFO - [2025-12-19 16:58:54] Status: ERROR | Text: '' | Job: 0
2025-12-19 16:58:54 - __main__ - INFO - [2025-12-19 16:58:54] Status: ERROR | Text: '' | Job: 0
2025-12-19 16:58:55 - __main__ - INFO - [2025-12-19 16:58:55] Status: ERROR | Text: '' | Job: 0
2025-12-19 16:58:55 - __main__ - INFO - [2025-12-19 16:58:55] Status: ERROR | Text: '' | Job: 0
2025-12-19 16:58:56 - __main__ - INFO - [2025-12-19 16:58:56] Status: ERROR | Text: '' | Job: 0
2025-12-19 16:58:56 - __main__ - INFO - [2025-12-19 16:58:56] Status: ERROR | Text: '' | Job: 0
2025-12-19 16:58:57 - __main__ - INFO - [2025-12-19 16:58:57] Status: ERROR | Text: '' | Job: 0
2025-12-19 16:58:57 - __main__ - INFO - [2025-12-19 16:58:57] Status: ERROR | Text: '' | Job: 0
2025-12-19 16:58:58 - __main__ - INFO - [2025-12-19 16:58:58] Status: ERROR | Text: '' | Job: 0
2025-12-19 16:58:58 - __main__ - INFO - [2025-12-19 16:58:58] Status: ERROR | Text: '' | Job: 0
2025-12-19 16:58:59 - __main__ - INFO - [2025-12-19 16:58:59] Status: ERROR | Text: '' | Job: 0
2025-12-19 16:58:59 - __main__ - INFO - [2025-12-19 16:58:59] Status: ERROR | Text: '' | Job: 0
2025-12-19 16:59:00 - __main__ - INFO - [2025-12-19 16:59:00] Status: ERROR | Text: '' | Job: 0
2025-12-19 16:59:00 - __main__ - INFO - [2025-12-19 16:59:00] Status: ERROR | Text: '' | Job: 0
2025-12-19 16:59:01 - __main__ - INFO - [2025-12-19 16:59:01] Status: ERROR | Text: '' | Job: 0
2025-12-19 16:59:01 - __main__ - INFO - [2025-12-19 16:59:01] Status: ERROR | Text: '' | Job: 0
2025-12-19 16:59:02 - __main__ - INFO - [2025-12-19 16:59:02] Status: ERROR | Text: '' | Job: 0
2025-12-19 16:59:02 - __main__ - INFO - [2025-12-19 16:59:02] Status: ERROR | Text: '' | Job: 0
2025-12-19 16:59:03 - __main__ - INFO - [2025-12-19 16:59:03] Status: ERROR | Text: '' | Job: 0
2025-12-19 16:59:03 - __main__ - INFO - [2025-12-19 16:59:03] Status: ERROR | Text: '' | Job: 0
2025-12-19 16:59:04 - __main__ - INFO - [2025-12-19 16:59:04] Status: ERROR | Text: '' | Job: 0
2025-12-19 16:59:04 - __main__ - INFO - [2025-12-19 16:59:04] Status: ERROR | Text: '' | Job: 0
2025-12-19 16:59:05 - __main__ - INFO - [2025-12-19 16:59:05] Status: ERROR | Text: '' | Job: 0
2025-12-19 16:59:05 - __main__ - INFO - [2025-12-19 16:59:05] Status: ERROR | Text: '' | Job: 0
2025-12-19 16:59:06 - __main__ - INFO - [2025-12-19 16:59:06] Status: ERROR | Text: '' | Job: 0
2025-12-19 16:59:06 - __main__ - INFO - [2025-12-19 16:59:06] Status: ERROR | Text: '' | Job: 0
2025-12-19 16:59:07 - __main__ - INFO - [2025-12-19 16:59:07] Status: ERROR | Text: '' | Job: 0
2025-12-19 16:59:07 - __main__ - INFO - [2025-12-19 16:59:07] Status: ERROR | Text: '' | Job: 0
2025-12-19 16:59:08 - __main__ - INFO - [2025-12-19 16:59:08] Status: ERROR | Text: '' | Job: 0
2025-12-19 16:59:08 - __main__ - INFO - [2025-12-19 16:59:08] Status: ERROR | Text: '' | Job: 0
2025-12-19 16:59:09 - __main__ - INFO - [2025-12-19 16:59:09] Status: ERROR | Text: '' | Job: 0
2025-12-19 16:59:09 - __main__ - INFO - [2025-12-19 16:59:09] Status: ERROR | Text: '' | Job: 0
2025-12-19 16:59:10 - __main__ - INFO - [2025-12-19 16:59:10] Status: ERROR | Text: '' | Job: 0
2025-12-19 16:59:10 - __main__ - INFO - [2025-12-19 16:59:10] Status: ERROR | Text: '' | Job: 0
2025-12-19 16:59:11 - __main__ - INFO - [2025-12-19 16:59:11] Status: ERROR | Text: '' | Job: 0
2025-12-19 16:59:11 - __main__ - INFO - [2025-12-19 16:59:11] Status: ERROR | Text: '' | Job: 0
2025-12-19 16:59:12 - __main__ - INFO - [2025-12-19 16:59:12] Status: ERROR | Text: '' | Job: 0
2025-12-19 16:59:12 - __main__ - INFO - [2025-12-19 16:59:12] Status: ERROR | Text: '' | Job: 0
2025-12-19 16:59:13 - __main__ - INFO - [2025-12-19 16:59:13] Status: ERROR | Text: '' | Job: 0
2025-12-19 16:59:13 - __main__ - INFO - [2025-12-19 16:59:13] Status: ERROR | Text: '' | Job: 0
2025-12-19 16:59:14 - __main__ - INFO - [2025-12-19 16:59:14] Status: ERROR | Text: '' | Job: 0
2025-12-19 16:59:14 - __main__ - INFO - [2025-12-19 16:59:14] Status: ERROR | Text: '' | Job: 0
2025-12-19 16:59:15 - __main__ - INFO - [2025-12-19 16:59:15] Status: ERROR | Text: '' | Job: 0
2025-12-19 16:59:15 - __main__ - INFO - [2025-12-19 16:59:15] Status: ERROR | Text: '' | Job: 0
2025-12-19 16:59:16 - __main__ - INFO - [2025-12-19 16:59:16] Status: ERROR | Text: '' | Job: 0
2025-12-19 16:59:16 - __main__ - INFO - [2025-12-19 16:59:16] Status: ERROR | Text: '' | Job: 0
2025-12-19 16:59:17 - __main__ - INFO - [2025-12-19 16:59:17] Status: ERROR | Text: '' | Job: 0
2025-12-19 16:59:17 - __main__ - INFO - [2025-12-19 16:59:17] Status: ERROR | Text: '' | Job: 0
2025-12-19 16:59:18 - __main__ - INFO - [2025-12-19 16:59:18] Status: ERROR | Text: '' | Job: 0
2025-12-19 16:59:18 - __main__ - INFO - [2025-12-19 16:59:18] Status: ERROR | Text: '' | Job: 0
2025-12-19 16:59:19 - __main__ - INFO - [2025-12-19 16:59:19] Status: ERROR | Text: '' | Job: 0
2025-12-19 16:59:19 - __main__ - INFO - [2025-12-19 16:59:19] Status: ERROR | Text: '' | Job: 0
2025-12-19 16:59:20 - __main__ - INFO - [2025-12-19 16:59:20] Status: ERROR | Text: '' | Job: 0
2025-12-19 16:59:20 - __main__ - INFO - [2025-12-19 16:59:20] Status: ERROR | Text: '' | Job: 0
2025-12-19 16:59:21 - __main__ - INFO - [2025-12-19 16:59:21] Status: ERROR | Text: '' | Job: 0
2025-12-19 16:59:21 - __main__ - INFO - [2025-12-19 16:59:21] Status: ERROR | Text: '' | Job: 0
2025-12-19 16:59:22 - __main__ - INFO - [2025-12-19 16:59:22] Status: ERROR | Text: '' | Job: 0
2025-12-19 16:59:22 - __main__ - INFO - [2025-12-19 16:59:22] Status: ERROR | Text: '' | Job: 0
2025-12-19 16:59:23 - __main__ - INFO - [2025-12-19 16:59:23] Status: ERROR | Text: '' | Job: 0
2025-12-19 16:59:23 - __main__ - INFO - [2025-12-19 16:59:23] Status: ERROR | Text: '' | Job: 0
2025-12-19 16:59:24 - __main__ - INFO - [2025-12-19 16:59:24] Status: ERROR | Text: '' | Job: 0
2025-12-19 16:59:24 - __main__ - INFO - [2025-12-19 16:59:24] Status: ERROR | Text: '' | Job: 0
2025-12-19 16:59:25 - __main__ - INFO - [2025-12-19 16:59:25] Status: ERROR | Text: '' | Job: 0
2025-12-19 16:59:25 - __main__ - INFO - [2025-12-19 16:59:25] Status: ERROR | Text: '' | Job: 0
2025-12-19 16:59:26 - __main__ - INFO - [2025-12-19 16:59:26] Status: ERROR | Text: '' | Job: 0
2025-12-19 16:59:26 - __main__ - INFO - [2025-12-19 16:59:26] Status: ERROR | Text: '' | Job: 0
2025-12-19 16:59:27 - __main__ - INFO - [2025-12-19 16:59:27] Status: ERROR | Text: '' | Job: 0
2025-12-19 16:59:27 - __main__ - INFO - [2025-12-19 16:59:27] Status: ERROR | Text: '' | Job: 0
2025-12-19 16:59:28 - __main__ - INFO - [2025-12-19 16:59:28] Status: ERROR | Text: '' | Job: 0
2025-12-19 16:59:28 - __main__ - INFO - [2025-12-19 16:59:28] Status: ERROR | Text: '' | Job: 0
2025-12-19 16:59:29 - __main__ - INFO - [2025-12-19 16:59:29] Status: ERROR | Text: '' | Job: 0
2025-12-19 16:59:29 - __main__ - INFO - [2025-12-19 16:59:29] Status: ERROR | Text: '' | Job: 0
2025-12-19 16:59:30 - __main__ - INFO - [2025-12-19 16:59:30] Status: ERROR | Text: '' | Job: 0
2025-12-19 16:59:30 - __main__ - INFO - [2025-12-19 16:59:30] Status: ERROR | Text: '' | Job: 0
2025-12-19 16:59:31 - __main__ - INFO - [2025-12-19 16:59:31] Status: ERROR | Text: '' | Job: 0
2025-12-19 16:59:31 - __main__ - INFO - [2025-12-19 16:59:31] Status: ERROR | Text: '' | Job: 0
2025-12-19 16:59:32 - __main__ - INFO - [2025-12-19 16:59:32] Status: ERROR | Text: '' | Job: 0
2025-12-19 16:59:32 - __main__ - INFO - [2025-12-19 16:59:32] Status: ERROR | Text: '' | Job: 0
2025-12-19 16:59:33 - __main__ - INFO - [2025-12-19 16:59:33] Status: ERROR | Text: '' | Job: 0
2025-12-19 16:59:33 - __main__ - INFO - [2025-12-19 16:59:33] Status: ERROR | Text: '' | Job: 0
2025-12-19 16:59:34 - __main__ - INFO - [2025-12-19 16:59:34] Status: ERROR | Text: '' | Job: 0
2025-12-19 16:59:34 - __main__ - INFO - [2025-12-19 16:59:34] Status: ERROR | Text: '' | Job: 0
2025-12-19 16:59:35 - __main__ - INFO - [2025-12-19 16:59:35] Status: ERROR | Text: '' | Job: 0
2025-12-19 16:59:35 - __main__ - INFO - [2025-12-19 16:59:35] Status: ERROR | Text: '' | Job: 0
2025-12-19 16:59:36 - __main__ - INFO - [2025-12-19 16:59:36] Status: ERROR | Text: '' | Job: 0
2025-12-19 16:59:36 - __main__ - INFO - [2025-12-19 16:59:36] Status: ERROR | Text: '' | Job: 0
2025-12-19 16:59:37 - __main__ - INFO - [2025-12-19 16:59:37] Status: ERROR | Text: '' | Job: 0
2025-12-19 16:59:37 - __main__ - INFO - [2025-12-19 16:59:37] Status: ERROR | Text: '' | Job: 0
2025-12-19 16:59:38 - __main__ - INFO - [2025-12-19 16:59:38] Status: ERROR | Text: '' | Job: 0
2025-12-19 16:59:38 - __main__ - INFO - [2025-12-19 16:59:38] Status: ERROR | Text: '' | Job: 0
2025-12-19 16:59:39 - __main__ - INFO - [2025-12-19 16:59:39] Status: ERROR | Text: '' | Job: 0
2025-12-19 16:59:39 - __main__ - INFO - [2025-12-19 16:59:39] Status: ERROR | Text: '' | Job: 0
2025-12-19 16:59:40 - __main__ - INFO - [2025-12-19 16:59:40] Status: ERROR | Text: '' | Job: 0
2025-12-19 16:59:40 - __main__ - INFO - [2025-12-19 16:59:40] Status: ERROR | Text: '' | Job: 0
2025-12-19 16:59:41 - __main__ - INFO - [2025-12-19 16:59:41] Status: ERROR | Text: '' | Job: 0
2025-12-19 16:59:41 - __main__ - INFO - [2025-12-19 16:59:41] Status: ERROR | Text: '' | Job: 0
2025-12-19 16:59:42 - __main__ - INFO - [2025-12-19 16:59:42] Status: ERROR | Text: '' | Job: 0
2025-12-19 16:59:42 - __main__ - INFO - [2025-12-19 16:59:42] Status: ERROR | Text: '' | Job: 0
2025-12-19 16:59:43 - __main__ - INFO - [2025-12-19 16:59:43] Status: ERROR | Text: '' | Job: 0
2025-12-19 16:59:43 - __main__ - INFO - [2025-12-19 16:59:43] Status: ERROR | Text: '' | Job: 0
2025-12-19 16:59:44 - __main__ - INFO - [2025-12-19 16:59:44] Status: ERROR | Text: '' | Job: 0
2025-12-19 16:59:44 - __main__ - INFO - [2025-12-19 16:59:44] Status: ERROR | Text: '' | Job: 0
2025-12-19 16:59:45 - __main__ - INFO - [2025-12-19 16:59:45] Status: ERROR | Text: '' | Job: 0
2025-12-19 16:59:45 - __main__ - INFO - [2025-12-19 16:59:45] Status: ERROR | Text: '' | Job: 0
2025-12-19 16:59:46 - __main__ - INFO - [2025-12-19 16:59:46] Status: ERROR | Text: '' | Job: 0
2025-12-19 16:59:46 - __main__ - INFO - [2025-12-19 16:59:46] Status: ERROR | Text: '' | Job: 0
2025-12-19 16:59:47 - __main__ - INFO - [2025-12-19 16:59:47] Status: ERROR | Text: '' | Job: 0
2025-12-19 16:59:47 - __main__ - INFO - [2025-12-19 16:59:47] Status: ERROR | Text: '' | Job: 0
2025-12-19 16:59:48 - __main__ - INFO - [2025-12-19 16:59:48] Status: ERROR | Text: '' | Job: 0
2025-12-19 16:59:48 - __main__ - INFO - [2025-12-19 16:59:48] Status: ERROR | Text: '' | Job: 0
2025-12-19 16:59:49 - __main__ - INFO - [2025-12-19 16:59:49] Status: ERROR | Text: '' | Job: 0
2025-12-19 16:59:49 - __main__ - INFO - [2025-12-19 16:59:49] Status: ERROR | Text: '' | Job: 0
2025-12-19 16:59:50 - __main__ - INFO - [2025-12-19 16:59:50] Status: ERROR | Text: '' | Job: 0
2025-12-19 16:59:50 - __main__ - INFO - [2025-12-19 16:59:50] Status: ERROR | Text: '' | Job: 0
2025-12-19 16:59:51 - __main__ - INFO - [2025-12-19 16:59:51] Status: ERROR | Text: '' | Job: 0
2025-12-19 16:59:51 - __main__ - INFO - [2025-12-19 16:59:51] Status: ERROR | Text: '' | Job: 0
2025-12-19 16:59:52 - __main__ - INFO - [2025-12-19 16:59:52] Status: ERROR | Text: '' | Job: 0
2025-12-19 16:59:52 - __main__ - INFO - [2025-12-19 16:59:52] Status: ERROR | Text: '' | Job: 0
2025-12-19 16:59:53 - __main__ - INFO - [2025-12-19 16:59:53] Status: ERROR | Text: '' | Job: 0
2025-12-19 16:59:53 - __main__ - INFO - [2025-12-19 16:59:53] Status: ERROR | Text: '' | Job: 0
2025-12-19 16:59:54 - __main__ - INFO - [2025-12-19 16:59:54] Status: ERROR | Text: '' | Job: 0
2025-12-19 16:59:54 - __main__ - INFO - [2025-12-19 16:59:54] Status: ERROR | Text: '' | Job: 0
2025-12-19 16:59:55 - __main__ - INFO - [2025-12-19 16:59:55] Status: ERROR | Text: '' | Job: 0
2025-12-19 16:59:55 - __main__ - INFO - [2025-12-19 16:59:55] Status: ERROR | Text: '' | Job: 0
2025-12-19 16:59:56 - __main__ - INFO - [2025-12-19 16:59:56] Status: ERROR | Text: '' | Job: 0
2025-12-19 16:59:56 - __main__ - INFO - [2025-12-19 16:59:56] Status: ERROR | Text: '' | Job: 0
2025-12-19 16:59:57 - __main__ - INFO - [2025-12-19 16:59:57] Status: ERROR | Text: '' | Job: 0
2025-12-19 16:59:57 - __main__ - INFO - [2025-12-19 16:59:57] Status: ERROR | Text: '' | Job: 0
2025-12-19 16:59:58 - __main__ - INFO - [2025-12-19 16:59:58] Status: ERROR | Text: '' | Job: 0
2025-12-19 16:59:58 - __main__ - INFO - [2025-12-19 16:59:58] Status: ERROR | Text: '' | Job: 0
2025-12-19 16:59:59 - __main__ - INFO - [2025-12-19 16:59:59] Status: ERROR | Text: '' | Job: 0
2025-12-19 16:59:59 - __main__ - INFO - [2025-12-19 16:59:59] Status: ERROR | Text: '' | Job: 0
2025-12-19 17:00:00 - __main__ - INFO - [2025-12-19 17:00:00] Status: ERROR | Text: '' | Job: 0
2025-12-19 17:00:00 - __main__ - INFO - [2025-12-19 17:00:00] Status: ERROR | Text: '' | Job: 0
2025-12-19 17:00:01 - __main__ - INFO - [2025-12-19 17:00:01] Status: ERROR | Text: '' | Job: 0
2025-12-19 17:00:01 - __main__ - INFO - [2025-12-19 17:00:01] Status: ERROR | Text: '' | Job: 0
2025-12-19 17:00:02 - __main__ - INFO - [2025-12-19 17:00:02] Status: ERROR | Text: '' | Job: 0
2025-12-19 17:00:02 - __main__ - INFO - [2025-12-19 17:00:02] Status: ERROR | Text: '' | Job: 0
2025-12-19 17:00:03 - __main__ - INFO - [2025-12-19 17:00:03] Status: ERROR | Text: '' | Job: 0
2025-12-19 17:00:03 - __main__ - INFO - [2025-12-19 17:00:03] Status: ERROR | Text: '' | Job: 0
2025-12-19 17:00:04 - __main__ - INFO - [2025-12-19 17:00:04] Status: ERROR | Text: '' | Job: 0
2025-12-19 17:00:04 - __main__ - INFO - [2025-12-19 17:00:04] Status: ERROR | Text: '' | Job: 0
2025-12-19 17:00:05 - __main__ - INFO - [2025-12-19 17:00:05] Status: ERROR | Text: '' | Job: 0
2025-12-19 17:00:05 - __main__ - INFO - [2025-12-19 17:00:05] Status: ERROR | Text: '' | Job: 0
2025-12-19 17:00:06 - __main__ - INFO - [2025-12-19 17:00:06] Status: ERROR | Text: '' | Job: 0
2025-12-19 17:00:06 - __main__ - INFO - [2025-12-19 17:00:06] Status: ERROR | Text: '' | Job: 0
2025-12-19 17:00:07 - __main__ - INFO - [2025-12-19 17:00:07] Status: ERROR | Text: '' | Job: 0
2025-12-19 17:00:08 - __main__ - INFO - [2025-12-19 17:00:08] Status: ERROR | Text: '' | Job: 0
2025-12-19 17:00:08 - __main__ - INFO - [2025-12-19 17:00:08] Status: ERROR | Text: '' | Job: 0
2025-12-19 17:00:09 - __main__ - INFO - [2025-12-19 17:00:09] Status: ERROR | Text: '' | Job: 0
2025-12-19 17:00:09 - __main__ - INFO - [2025-12-19 17:00:09] Status: ERROR | Text: '' | Job: 0
2025-12-19 17:00:10 - __main__ - INFO - [2025-12-19 17:00:10] Status: ERROR | Text: '' | Job: 0
2025-12-19 17:00:10 - __main__ - INFO - [2025-12-19 17:00:10] Status: ERROR | Text: '' | Job: 0
2025-12-19 17:00:11 - __main__ - INFO - [2025-12-19 17:00:11] Status: ERROR | Text: '' | Job: 0
2025-12-19 17:00:11 - __main__ - INFO - [2025-12-19 17:00:11] Status: ERROR | Text: '' | Job: 0
2025-12-19 17:00:12 - __main__ - INFO - [2025-12-19 17:00:12] Status: ERROR | Text: '' | Job: 0
2025-12-19 17:00:12 - __main__ - INFO - [2025-12-19 17:00:12] Status: ERROR | Text: '' | Job: 0
2025-12-19 17:00:13 - __main__ - INFO - [2025-12-19 17:00:13] Status: ERROR | Text: '' | Job: 0
2025-12-19 17:00:13 - __main__ - INFO - [2025-12-19 17:00:13] Status: ERROR | Text: '' | Job: 0
2025-12-19 17:00:14 - __main__ - INFO - [2025-12-19 17:00:14] Status: ERROR | Text: '' | Job: 0
2025-12-19 17:00:14 - __main__ - INFO - [2025-12-19 17:00:14] Status: ERROR | Text: '' | Job: 0
2025-12-19 17:00:15 - __main__ - INFO - [2025-12-19 17:00:15] Status: ERROR | Text: '' | Job: 0
2025-12-19 17:00:15 - __main__ - INFO - [2025-12-19 17:00:15] Status: ERROR | Text: '' | Job: 0
2025-12-19 17:00:16 - __main__ - INFO - [2025-12-19 17:00:16] Status: ERROR | Text: '' | Job: 0
2025-12-19 17:00:16 - __main__ - INFO - [2025-12-19 17:00:16] Status: ERROR | Text: '' | Job: 0
2025-12-19 17:00:17 - __main__ - INFO - [2025-12-19 17:00:17] Status: ERROR | Text: '' | Job: 0
2025-12-19 17:00:17 - __main__ - INFO - [2025-12-19 17:00:17] Status: ERROR | Text: '' | Job: 0
2025-12-19 17:00:18 - __main__ - INFO - [2025-12-19 17:00:18] Status: ERROR | Text: '' | Job: 0
2025-12-19 17:00:18 - __main__ - INFO - [2025-12-19 17:00:18] Status: ERROR | Text: '' | Job: 0
2025-12-19 17:00:19 - __main__ - INFO - [2025-12-19 17:00:19] Status: ERROR | Text: '' | Job: 0
2025-12-19 17:00:19 - __main__ - INFO - [2025-12-19 17:00:19] Status: ERROR | Text: '' | Job: 0
2025-12-19 17:00:20 - __main__ - INFO - [2025-12-19 17:00:20] Status: ERROR | Text: '' | Job: 0
2025-12-19 17:00:20 - __main__ - INFO - [2025-12-19 17:00:20] Status: ERROR | Text: '' | Job: 0
2025-12-19 17:00:21 - __main__ - INFO - [2025-12-19 17:00:21] Status: ERROR | Text: '' | Job: 0
2025-12-19 17:00:21 - __main__ - INFO - [2025-12-19 17:00:21] Status: ERROR | Text: '' | Job: 0
2025-12-19 17:00:22 - __main__ - INFO - [2025-12-19 17:00:22] Status: ERROR | Text: '' | Job: 0
2025-12-19 17:00:22 - __main__ - INFO - [2025-12-19 17:00:22] Status: ERROR | Text: '' | Job: 0
2025-12-19 17:00:23 - __main__ - INFO - [2025-12-19 17:00:23] Status: ERROR | Text: '' | Job: 0
2025-12-19 17:00:23 - __main__ - INFO - [2025-12-19 17:00:23] Status: ERROR | Text: '' | Job: 0
2025-12-19 17:00:24 - __main__ - INFO - [2025-12-19 17:00:24] Status: ERROR | Text: '' | Job: 0
2025-12-19 17:00:24 - __main__ - INFO - [2025-12-19 17:00:24] Status: ERROR | Text: '' | Job: 0
2025-12-19 17:00:25 - __main__ - INFO - [2025-12-19 17:00:25] Status: ERROR | Text: '' | Job: 0
2025-12-19 17:00:25 - __main__ - INFO - [2025-12-19 17:00:25] Status: ERROR | Text: '' | Job: 0
2025-12-19 17:00:26 - __main__ - INFO - [2025-12-19 17:00:26] Status: ERROR | Text: '' | Job: 0
2025-12-19 17:00:26 - __main__ - INFO - [2025-12-19 17:00:26] Status: ERROR | Text: '' | Job: 0
2025-12-19 17:00:27 - __main__ - INFO - [2025-12-19 17:00:27] Status: ERROR | Text: '' | Job: 0
2025-12-19 17:00:27 - __main__ - INFO - [2025-12-19 17:00:27] Status: ERROR | Text: '' | Job: 0
2025-12-19 17:00:28 - __main__ - INFO - [2025-12-19 17:00:28] Status: ERROR | Text: '' | Job: 0
2025-12-19 17:00:28 - __main__ - INFO - [2025-12-19 17:00:28] Status: ERROR | Text: '' | Job: 0
2025-12-19 17:00:29 - __main__ - INFO - [2025-12-19 17:00:29] Status: ERROR | Text: '' | Job: 0
2025-12-19 17:00:29 - __main__ - INFO - [2025-12-19 17:00:29] Status: ERROR | Text: '' | Job: 0
2025-12-19 17:00:30 - __main__ - INFO - [2025-12-19 17:00:30] Status: ERROR | Text: '' | Job: 0
2025-12-19 17:00:30 - __main__ - INFO - [2025-12-19 17:00:30] Status: ERROR | Text: '' | Job: 0
2025-12-19 17:00:31 - __main__ - INFO - [2025-12-19 17:00:31] Status: ERROR | Text: '' | Job: 0
2025-12-19 17:00:31 - __main__ - INFO - [2025-12-19 17:00:31] Status: ERROR | Text: '' | Job: 0
2025-12-19 17:00:32 - __main__ - INFO - [2025-12-19 17:00:32] Status: ERROR | Text: '' | Job: 0
2025-12-19 17:00:32 - __main__ - INFO - [2025-12-19 17:00:32] Status: ERROR | Text: '' | Job: 0
2025-12-19 17:00:33 - __main__ - INFO - [2025-12-19 17:00:33] Status: ERROR | Text: '' | Job: 0
2025-12-19 17:00:33 - __main__ - INFO - [2025-12-19 17:00:33] Status: ERROR | Text: '' | Job: 0
2025-12-19 17:00:34 - __main__ - INFO - [2025-12-19 17:00:34] Status: ERROR | Text: '' | Job: 0
2025-12-19 17:00:34 - __main__ - INFO - [2025-12-19 17:00:34] Status: ERROR | Text: '' | Job: 0
2025-12-19 17:00:35 - __main__ - INFO - [2025-12-19 17:00:35] Status: ERROR | Text: '' | Job: 0
2025-12-19 17:00:35 - __main__ - INFO - [2025-12-19 17:00:35] Status: ERROR | Text: '' | Job: 0
2025-12-19 17:00:36 - __main__ - INFO - [2025-12-19 17:00:36] Status: ERROR | Text: '' | Job: 0
2025-12-19 17:00:36 - __main__ - INFO - [2025-12-19 17:00:36] Status: ERROR | Text: '' | Job: 0
2025-12-19 17:00:37 - __main__ - INFO - [2025-12-19 17:00:37] Status: ERROR | Text: '' | Job: 0
2025-12-19 17:00:37 - __main__ - INFO - [2025-12-19 17:00:37] Status: ERROR | Text: '' | Job: 0
2025-12-19 17:00:38 - __main__ - INFO - [2025-12-19 17:00:38] Status: ERROR | Text: '' | Job: 0
2025-12-19 17:00:38 - __main__ - INFO - [2025-12-19 17:00:38] Status: ERROR | Text: '' | Job: 0
2025-12-19 17:00:39 - __main__ - INFO - [2025-12-19 17:00:39] Status: ERROR | Text: '' | Job: 0
2025-12-19 17:00:39 - __main__ - INFO - [2025-12-19 17:00:39] Status: ERROR | Text: '' | Job: 0
2025-12-19 17:00:40 - __main__ - INFO - [2025-12-19 17:00:40] Status: ERROR | Text: '' | Job: 0
2025-12-19 17:00:40 - __main__ - INFO - [2025-12-19 17:00:40] Status: ERROR | Text: '' | Job: 0
2025-12-19 17:00:41 - __main__ - INFO - [2025-12-19 17:00:41] Status: ERROR | Text: '' | Job: 0
2025-12-19 17:00:41 - __main__ - INFO - [2025-12-19 17:00:41] Status: ERROR | Text: '' | Job: 0
2025-12-19 17:00:42 - __main__ - INFO - [2025-12-19 17:00:42] Status: ERROR | Text: '' | Job: 0
2025-12-19 17:00:42 - __main__ - INFO - [2025-12-19 17:00:42] Status: ERROR | Text: '' | Job: 0
2025-12-19 17:00:43 - __main__ - INFO - [2025-12-19 17:00:43] Status: ERROR | Text: '' | Job: 0
2025-12-19 17:00:43 - __main__ - INFO - [2025-12-19 17:00:43] Status: ERROR | Text: '' | Job: 0
2025-12-19 17:00:44 - __main__ - INFO - [2025-12-19 17:00:44] Status: ERROR | Text: '' | Job: 0
2025-12-19 17:00:44 - __main__ - INFO - [2025-12-19 17:00:44] Status: ERROR | Text: '' | Job: 0
2025-12-19 17:00:45 - __main__ - INFO - [2025-12-19 17:00:45] Status: ERROR | Text: '' | Job: 0
2025-12-19 17:00:45 - __main__ - INFO - [2025-12-19 17:00:45] Status: ERROR | Text: '' | Job: 0
2025-12-19 17:00:46 - __main__ - INFO - [2025-12-19 17:00:46] Status: ERROR | Text: '' | Job: 0
2025-12-19 17:00:46 - __main__ - INFO - [2025-12-19 17:00:46] Status: ERROR | Text: '' | Job: 0
2025-12-19 17:00:47 - __main__ - INFO - [2025-12-19 17:00:47] Status: ERROR | Text: '' | Job: 0
2025-12-19 17:00:47 - __main__ - INFO - [2025-12-19 17:00:47] Status: ERROR | Text: '' | Job: 0
2025-12-19 17:00:48 - __main__ - INFO - [2025-12-19 17:00:48] Status: ERROR | Text: '' | Job: 0
2025-12-19 17:00:48 - __main__ - INFO - [2025-12-19 17:00:48] Status: ERROR | Text: '' | Job: 0
2025-12-19 17:00:49 - __main__ - INFO - [2025-12-19 17:00:49] Status: ERROR | Text: '' | Job: 0
2025-12-19 17:00:49 - __main__ - INFO - [2025-12-19 17:00:49] Status: ERROR | Text: '' | Job: 0
2025-12-19 17:00:50 - __main__ - INFO - [2025-12-19 17:00:50] Status: ERROR | Text: '' | Job: 0
2025-12-19 17:00:50 - __main__ - INFO - [2025-12-19 17:00:50] Status: ERROR | Text: '' | Job: 0
2025-12-19 17:00:51 - __main__ - INFO - [2025-12-19 17:00:51] Status: ERROR | Text: '' | Job: 0
2025-12-19 17:00:51 - __main__ - INFO - [2025-12-19 17:00:51] Status: ERROR | Text: '' | Job: 0
2025-12-19 17:00:52 - __main__ - INFO - [2025-12-19 17:00:52] Status: ERROR | Text: '' | Job: 0
2025-12-19 17:00:52 - __main__ - INFO - [2025-12-19 17:00:52] Status: ERROR | Text: '' | Job: 0
2025-12-19 17:00:53 - __main__ - INFO - [2025-12-19 17:00:53] Status: ERROR | Text: '' | Job: 0
2025-12-19 17:00:54 - __main__ - INFO - [2025-12-19 17:00:54] Status: ERROR | Text: '' | Job: 0
2025-12-19 17:00:54 - __main__ - INFO - [2025-12-19 17:00:54] Status: ERROR | Text: '' | Job: 0
2025-12-19 17:00:55 - __main__ - INFO - [2025-12-19 17:00:55] Status: ERROR | Text: '' | Job: 0
2025-12-19 17:00:55 - __main__ - INFO - [2025-12-19 17:00:55] Status: ERROR | Text: '' | Job: 0
2025-12-19 17:00:56 - __main__ - INFO - [2025-12-19 17:00:56] Status: ERROR | Text: '' | Job: 0
2025-12-19 17:00:56 - __main__ - INFO - [2025-12-19 17:00:56] Status: ERROR | Text: '' | Job: 0
2025-12-19 17:00:57 - __main__ - INFO - [2025-12-19 17:00:57] Status: ERROR | Text: '' | Job: 0
2025-12-19 17:00:57 - __main__ - INFO - [2025-12-19 17:00:57] Status: ERROR | Text: '' | Job: 0
2025-12-19 17:00:58 - __main__ - INFO - [2025-12-19 17:00:58] Status: ERROR | Text: '' | Job: 0
2025-12-19 17:00:58 - __main__ - INFO - [2025-12-19 17:00:58] Status: ERROR | Text: '' | Job: 0
2025-12-19 17:00:59 - __main__ - INFO - [2025-12-19 17:00:59] Status: ERROR | Text: '' | Job: 0
2025-12-19 17:00:59 - __main__ - INFO - [2025-12-19 17:00:59] Status: ERROR | Text: '' | Job: 0
2025-12-19 17:01:00 - __main__ - INFO - [2025-12-19 17:01:00] Status: ERROR | Text: '' | Job: 0
2025-12-19 17:01:00 - __main__ - INFO - [2025-12-19 17:01:00] Status: ERROR | Text: '' | Job: 0
2025-12-19 17:01:01 - __main__ - INFO - [2025-12-19 17:01:01] Status: ERROR | Text: '' | Job: 0
2025-12-19 17:01:01 - __main__ - INFO - [2025-12-19 17:01:01] Status: ERROR | Text: '' | Job: 0
2025-12-19 17:01:02 - __main__ - INFO - [2025-12-19 17:01:02] Status: ERROR | Text: '' | Job: 0
2025-12-19 17:01:02 - __main__ - INFO - [2025-12-19 17:01:02] Status: ERROR | Text: '' | Job: 0
2025-12-19 17:01:03 - __main__ - INFO - [2025-12-19 17:01:03] Status: ERROR | Text: '' | Job: 0
2025-12-19 17:01:03 - __main__ - INFO - [2025-12-19 17:01:03] Status: ERROR | Text: '' | Job: 0
2025-12-19 17:01:04 - __main__ - INFO - [2025-12-19 17:01:04] Status: ERROR | Text: '' | Job: 0
2025-12-19 17:01:04 - __main__ - INFO - [2025-12-19 17:01:04] Status: ERROR | Text: '' | Job: 0
2025-12-19 17:01:05 - __main__ - INFO - [2025-12-19 17:01:05] Status: ERROR | Text: '' | Job: 0
2025-12-19 17:01:05 - __main__ - INFO - [2025-12-19 17:01:05] Status: ERROR | Text: '' | Job: 0
2025-12-19 17:01:06 - __main__ - INFO - [2025-12-19 17:01:06] Status: ERROR | Text: '' | Job: 0
2025-12-19 17:01:06 - __main__ - INFO - [2025-12-19 17:01:06] Status: ERROR | Text: '' | Job: 0
2025-12-19 17:01:07 - __main__ - INFO - [2025-12-19 17:01:07] Status: ERROR | Text: '' | Job: 0
2025-12-19 17:01:07 - __main__ - INFO - [2025-12-19 17:01:07] Status: ERROR | Text: '' | Job: 0
2025-12-19 17:01:08 - __main__ - INFO - [2025-12-19 17:01:08] Status: ERROR | Text: '' | Job: 0
2025-12-19 17:01:08 - __main__ - INFO - [2025-12-19 17:01:08] Status: ERROR | Text: '' | Job: 0
2025-12-19 17:01:09 - __main__ - INFO - [2025-12-19 17:01:09] Status: ERROR | Text: '' | Job: 0
2025-12-19 17:01:09 - __main__ - INFO - [2025-12-19 17:01:09] Status: ERROR | Text: '' | Job: 0
2025-12-19 17:01:10 - __main__ - INFO - [2025-12-19 17:01:10] Status: ERROR | Text: '' | Job: 0
2025-12-19 17:01:10 - __main__ - INFO - [2025-12-19 17:01:10] Status: ERROR | Text: '' | Job: 0
2025-12-19 17:01:11 - __main__ - INFO - [2025-12-19 17:01:11] Status: ERROR | Text: '' | Job: 0
2025-12-19 17:01:11 - __main__ - INFO - [2025-12-19 17:01:11] Status: ERROR | Text: '' | Job: 0
2025-12-19 17:01:12 - __main__ - INFO - [2025-12-19 17:01:12] Status: ERROR | Text: '' | Job: 0
2025-12-19 17:01:12 - __main__ - INFO - [2025-12-19 17:01:12] Status: ERROR | Text: '' | Job: 0
2025-12-19 17:01:13 - __main__ - INFO - [2025-12-19 17:01:13] Status: ERROR | Text: '' | Job: 0
2025-12-19 17:01:13 - __main__ - INFO - [2025-12-19 17:01:13] Status: ERROR | Text: '' | Job: 0
2025-12-19 17:01:14 - __main__ - INFO - [2025-12-19 17:01:14] Status: ERROR | Text: '' | Job: 0
2025-12-19 17:01:14 - __main__ - INFO - [2025-12-19 17:01:14] Status: ERROR | Text: '' | Job: 0
2025-12-19 17:01:15 - __main__ - INFO - [2025-12-19 17:01:15] Status: ERROR | Text: '' | Job: 0
2025-12-19 17:01:15 - __main__ - INFO - [2025-12-19 17:01:15] Status: ERROR | Text: '' | Job: 0
2025-12-19 17:01:16 - __main__ - INFO - [2025-12-19 17:01:16] Status: ERROR | Text: '' | Job: 0
2025-12-19 17:01:16 - __main__ - INFO - [2025-12-19 17:01:16] Status: ERROR | Text: '' | Job: 0
2025-12-19 17:01:17 - __main__ - INFO - [2025-12-19 17:01:17] Status: ERROR | Text: '' | Job: 0
2025-12-19 17:01:17 - __main__ - INFO - [2025-12-19 17:01:17] Status: ERROR | Text: '' | Job: 0
2025-12-19 17:01:18 - __main__ - INFO - [2025-12-19 17:01:18] Status: ERROR | Text: '' | Job: 0
2025-12-19 17:01:18 - __main__ - INFO - [2025-12-19 17:01:18] Status: ERROR | Text: '' | Job: 0
2025-12-19 17:01:19 - __main__ - INFO - [2025-12-19 17:01:19] Status: ERROR | Text: '' | Job: 0
2025-12-19 17:01:19 - __main__ - INFO - [2025-12-19 17:01:19] Status: ERROR | Text: '' | Job: 0
2025-12-19 17:01:20 - __main__ - INFO - [2025-12-19 17:01:20] Status: ERROR | Text: '' | Job: 0
2025-12-19 17:01:20 - __main__ - INFO - [2025-12-19 17:01:20] Status: ERROR | Text: '' | Job: 0
2025-12-19 17:01:21 - __main__ - INFO - [2025-12-19 17:01:21] Status: ERROR | Text: '' | Job: 0
2025-12-19 17:01:21 - __main__ - INFO - [2025-12-19 17:01:21] Status: ERROR | Text: '' | Job: 0
2025-12-19 17:01:22 - __main__ - INFO - [2025-12-19 17:01:22] Status: ERROR | Text: '' | Job: 0
2025-12-19 17:01:22 - __main__ - INFO - [2025-12-19 17:01:22] Status: ERROR | Text: '' | Job: 0
2025-12-19 17:01:23 - __main__ - INFO - [2025-12-19 17:01:23] Status: ERROR | Text: '' | Job: 0
2025-12-19 17:01:23 - __main__ - INFO - [2025-12-19 17:01:23] Status: ERROR | Text: '' | Job: 0
2025-12-19 17:01:24 - __main__ - INFO - [2025-12-19 17:01:24] Status: ERROR | Text: '' | Job: 0
2025-12-19 17:01:24 - __main__ - INFO - [2025-12-19 17:01:24] Status: ERROR | Text: '' | Job: 0
2025-12-19 17:01:25 - __main__ - INFO - [2025-12-19 17:01:25] Status: ERROR | Text: '' | Job: 0
2025-12-19 17:01:25 - __main__ - INFO - [2025-12-19 17:01:25] Status: ERROR | Text: '' | Job: 0
2025-12-19 17:01:26 - __main__ - INFO - [2025-12-19 17:01:26] Status: ERROR | Text: '' | Job: 0
2025-12-19 17:01:26 - __main__ - INFO - [2025-12-19 17:01:26] Status: ERROR | Text: '' | Job: 0
2025-12-19 17:01:27 - __main__ - INFO - [2025-12-19 17:01:27] Status: ERROR | Text: '' | Job: 0
2025-12-19 17:01:27 - __main__ - INFO - [2025-12-19 17:01:27] Status: ERROR | Text: '' | Job: 0
2025-12-19 17:01:28 - __main__ - INFO - [2025-12-19 17:01:28] Status: ERROR | Text: '' | Job: 0
2025-12-19 17:01:28 - __main__ - INFO - [2025-12-19 17:01:28] Status: ERROR | Text: '' | Job: 0
2025-12-19 17:01:29 - __main__ - INFO - [2025-12-19 17:01:29] Status: ERROR | Text: '' | Job: 0
2025-12-19 17:01:29 - __main__ - INFO - [2025-12-19 17:01:29] Status: ERROR | Text: '' | Job: 0
2025-12-19 17:01:30 - __main__ - INFO - [2025-12-19 17:01:30] Status: ERROR | Text: '' | Job: 0
2025-12-19 17:01:30 - __main__ - INFO - [2025-12-19 17:01:30] Status: ERROR | Text: '' | Job: 0
2025-12-19 17:01:31 - __main__ - INFO - [2025-12-19 17:01:31] Status: ERROR | Text: '' | Job: 0
2025-12-19 17:01:31 - __main__ - INFO - [2025-12-19 17:01:31] Status: ERROR | Text: '' | Job: 0
2025-12-19 17:01:32 - __main__ - INFO - [2025-12-19 17:01:32] Status: ERROR | Text: '' | Job: 0
2025-12-19 17:01:32 - __main__ - INFO - [2025-12-19 17:01:32] Status: ERROR | Text: '' | Job: 0
2025-12-19 17:01:33 - __main__ - INFO - [2025-12-19 17:01:33] Status: ERROR | Text: '' | Job: 0
2025-12-19 17:01:33 - __main__ - INFO - [2025-12-19 17:01:33] Status: ERROR | Text: '' | Job: 0
2025-12-19 17:01:34 - __main__ - INFO - [2025-12-19 17:01:34] Status: ERROR | Text: '' | Job: 0
2025-12-19 17:01:34 - __main__ - INFO - [2025-12-19 17:01:34] Status: ERROR | Text: '' | Job: 0
2025-12-19 17:01:35 - __main__ - INFO - [2025-12-19 17:01:35] Status: ERROR | Text: '' | Job: 0
2025-12-19 17:01:35 - __main__ - INFO - [2025-12-19 17:01:35] Status: ERROR | Text: '' | Job: 0
2025-12-19 17:01:36 - __main__ - INFO - [2025-12-19 17:01:36] Status: ERROR | Text: '' | Job: 0
2025-12-19 17:01:36 - __main__ - INFO - [2025-12-19 17:01:36] Status: ERROR | Text: '' | Job: 0
2025-12-19 17:01:37 - __main__ - INFO - [2025-12-19 17:01:37] Status: ERROR | Text: '' | Job: 0
2025-12-19 17:01:37 - __main__ - INFO - [2025-12-19 17:01:37] Status: ERROR | Text: '' | Job: 0
2025-12-19 17:01:38 - __main__ - INFO - [2025-12-19 17:01:38] Status: ERROR | Text: '' | Job: 0
2025-12-19 17:01:38 - __main__ - INFO - [2025-12-19 17:01:38] Status: ERROR | Text: '' | Job: 0
2025-12-19 17:01:39 - __main__ - INFO - [2025-12-19 17:01:39] Status: ERROR | Text: '' | Job: 0
2025-12-19 17:01:39 - __main__ - INFO - [2025-12-19 17:01:39] Status: ERROR | Text: '' | Job: 0
2025-12-19 17:01:40 - __main__ - INFO - [2025-12-19 17:01:40] Status: ERROR | Text: '' | Job: 0
2025-12-19 17:01:40 - __main__ - INFO - [2025-12-19 17:01:40] Status: ERROR | Text: '' | Job: 0
2025-12-19 17:01:41 - __main__ - INFO - [2025-12-19 17:01:41] Status: ERROR | Text: '' | Job: 0
2025-12-19 17:01:41 - __main__ - INFO - [2025-12-19 17:01:41] Status: ERROR | Text: '' | Job: 0
2025-12-19 17:01:42 - __main__ - INFO - [2025-12-19 17:01:42] Status: ERROR | Text: '' | Job: 0
2025-12-19 17:01:42 - __main__ - INFO - [2025-12-19 17:01:42] Status: ERROR | Text: '' | Job: 0
2025-12-19 17:01:43 - __main__ - INFO - [2025-12-19 17:01:43] Status: ERROR | Text: '' | Job: 0
2025-12-19 17:01:43 - __main__ - INFO - [2025-12-19 17:01:43] Status: ERROR | Text: '' | Job: 0
2025-12-19 17:01:44 - __main__ - INFO - [2025-12-19 17:01:44] Status: ERROR | Text: '' | Job: 0
2025-12-19 17:01:44 - __main__ - INFO - [2025-12-19 17:01:44] Status: ERROR | Text: '' | Job: 0
2025-12-19 17:01:45 - __main__ - INFO - [2025-12-19 17:01:45] Status: ERROR | Text: '' | Job: 0
2025-12-19 17:01:45 - __main__ - INFO - [2025-12-19 17:01:45] Status: ERROR | Text: '' | Job: 0
2025-12-19 17:01:46 - __main__ - INFO - [2025-12-19 17:01:46] Status: ERROR | Text: '' | Job: 0
2025-12-19 17:01:46 - __main__ - INFO - [2025-12-19 17:01:46] Status: ERROR | Text: '' | Job: 0
2025-12-19 17:01:47 - __main__ - INFO - [2025-12-19 17:01:47] Status: ERROR | Text: '' | Job: 0
2025-12-19 17:01:47 - __main__ - INFO - [2025-12-19 17:01:47] Status: ERROR | Text: '' | Job: 0
2025-12-19 17:01:48 - __main__ - INFO - [2025-12-19 17:01:48] Status: ERROR | Text: '' | Job: 0
2025-12-19 17:01:48 - __main__ - INFO - [2025-12-19 17:01:48] Status: ERROR | Text: '' | Job: 0
2025-12-19 17:01:49 - __main__ - INFO - [2025-12-19 17:01:49] Status: ERROR | Text: '' | Job: 0
2025-12-19 17:01:49 - __main__ - INFO - [2025-12-19 17:01:49] Status: ERROR | Text: '' | Job: 0
2025-12-19 17:01:50 - __main__ - INFO - [2025-12-19 17:01:50] Status: ERROR | Text: '' | Job: 0
2025-12-19 17:01:50 - __main__ - INFO - [2025-12-19 17:01:50] Status: ERROR | Text: '' | Job: 0
2025-12-19 17:01:51 - __main__ - INFO - [2025-12-19 17:01:51] Status: ERROR | Text: '' | Job: 0
2025-12-19 17:01:51 - __main__ - INFO - [2025-12-19 17:01:51] Status: ERROR | Text: '' | Job: 0
2025-12-19 17:01:52 - __main__ - INFO - [2025-12-19 17:01:52] Status: ERROR | Text: '' | Job: 0
2025-12-19 17:01:52 - __main__ - INFO - [2025-12-19 17:01:52] Status: ERROR | Text: '' | Job: 0
2025-12-19 17:01:53 - __main__ - INFO - [2025-12-19 17:01:53] Status: ERROR | Text: '' | Job: 0
2025-12-19 17:01:53 - __main__ - INFO - [2025-12-19 17:01:53] Status: ERROR | Text: '' | Job: 0
2025-12-19 17:01:54 - __main__ - INFO - [2025-12-19 17:01:54] Status: ERROR | Text: '' | Job: 0
2025-12-19 17:01:54 - __main__ - INFO - [2025-12-19 17:01:54] Status: ERROR | Text: '' | Job: 0
2025-12-19 17:01:55 - __main__ - INFO - [2025-12-19 17:01:55] Status: ERROR | Text: '' | Job: 0
2025-12-19 17:01:55 - __main__ - INFO - [2025-12-19 17:01:55] Status: ERROR | Text: '' | Job: 0
2025-12-19 17:01:56 - __main__ - INFO - [2025-12-19 17:01:56] Status: ERROR | Text: '' | Job: 0
2025-12-19 17:01:56 - __main__ - INFO - [2025-12-19 17:01:56] Status: ERROR | Text: '' | Job: 0
2025-12-19 17:01:57 - __main__ - INFO - [2025-12-19 17:01:57] Status: ERROR | Text: '' | Job: 0
2025-12-19 17:01:57 - __main__ - INFO - [2025-12-19 17:01:57] Status: ERROR | Text: '' | Job: 0
2025-12-19 17:01:58 - __main__ - INFO - [2025-12-19 17:01:58] Status: ERROR | Text: '' | Job: 0
2025-12-19 17:01:58 - __main__ - INFO - [2025-12-19 17:01:58] Status: ERROR | Text: '' | Job: 0
2025-12-19 17:01:59 - __main__ - INFO - [2025-12-19 17:01:59] Status: ERROR | Text: '' | Job: 0
2025-12-19 17:01:59 - __main__ - INFO - [2025-12-19 17:01:59] Status: ERROR | Text: '' | Job: 0
2025-12-19 17:02:00 - __main__ - INFO - [2025-12-19 17:02:00] Status: ERROR | Text: '' | Job: 0
2025-12-19 17:02:00 - __main__ - INFO - [2025-12-19 17:02:00] Status: ERROR | Text: '' | Job: 0
2025-12-19 17:02:01 - __main__ - INFO - [2025-12-19 17:02:01] Status: ERROR | Text: '' | Job: 0
2025-12-19 17:02:01 - __main__ - INFO - [2025-12-19 17:02:01] Status: ERROR | Text: '' | Job: 0
2025-12-19 17:02:02 - __main__ - INFO - [2025-12-19 17:02:02] Status: ERROR | Text: '' | Job: 0
2025-12-19 17:02:02 - __main__ - INFO - [2025-12-19 17:02:02] Status: ERROR | Text: '' | Job: 0
2025-12-19 17:02:03 - __main__ - INFO - [2025-12-19 17:02:03] Status: ERROR | Text: '' | Job: 0
2025-12-19 17:02:03 - __main__ - INFO - [2025-12-19 17:02:03] Status: ERROR | Text: '' | Job: 0
2025-12-19 17:02:04 - __main__ - INFO - [2025-12-19 17:02:04] Status: ERROR | Text: '' | Job: 0
2025-12-19 17:02:04 - __main__ - INFO - [2025-12-19 17:02:04] Status: ERROR | Text: '' | Job: 0
2025-12-19 17:02:05 - __main__ - INFO - [2025-12-19 17:02:05] Status: ERROR | Text: '' | Job: 0
2025-12-19 17:02:05 - __main__ - INFO - [2025-12-19 17:02:05] Status: ERROR | Text: '' | Job: 0
2025-12-19 17:02:06 - __main__ - INFO - [2025-12-19 17:02:06] Status: ERROR | Text: '' | Job: 0
2025-12-19 17:02:06 - __main__ - INFO - [2025-12-19 17:02:06] Status: ERROR | Text: '' | Job: 0
2025-12-19 17:02:07 - __main__ - INFO - [2025-12-19 17:02:07] Status: ERROR | Text: '' | Job: 0
2025-12-19 17:02:07 - __main__ - INFO - [2025-12-19 17:02:07] Status: ERROR | Text: '' | Job: 0
2025-12-19 17:02:08 - __main__ - INFO - [2025-12-19 17:02:08] Status: ERROR | Text: '' | Job: 0
2025-12-19 17:02:08 - __main__ - INFO - [2025-12-19 17:02:08] Status: ERROR | Text: '' | Job: 0
2025-12-19 17:02:09 - __main__ - INFO - [2025-12-19 17:02:09] Status: ERROR | Text: '' | Job: 0
2025-12-19 17:02:09 - __main__ - INFO - [2025-12-19 17:02:09] Status: ERROR | Text: '' | Job: 0
2025-12-19 17:02:10 - __main__ - INFO - [2025-12-19 17:02:10] Status: ERROR | Text: '' | Job: 0
2025-12-19 17:02:10 - __main__ - INFO - [2025-12-19 17:02:10] Status: ERROR | Text: '' | Job: 0
2025-12-19 17:02:11 - __main__ - INFO - [2025-12-19 17:02:11] Status: ERROR | Text: '' | Job: 0
2025-12-19 17:02:11 - __main__ - INFO - [2025-12-19 17:02:11] Status: ERROR | Text: '' | Job: 0
2025-12-19 17:02:12 - __main__ - INFO - [2025-12-19 17:02:12] Status: ERROR | Text: '' | Job: 0
2025-12-19 17:02:12 - __main__ - INFO - [2025-12-19 17:02:12] Status: ERROR | Text: '' | Job: 0
2025-12-19 17:02:13 - __main__ - INFO - [2025-12-19 17:02:13] Status: ERROR | Text: '' | Job: 0
2025-12-19 17:02:13 - __main__ - INFO - [2025-12-19 17:02:13] Status: ERROR | Text: '' | Job: 0
2025-12-19 17:02:14 - __main__ - INFO - [2025-12-19 17:02:14] Status: ERROR | Text: '' | Job: 0
2025-12-19 17:02:14 - __main__ - INFO - [2025-12-19 17:02:14] Status: ERROR | Text: '' | Job: 0
2025-12-19 17:02:15 - __main__ - INFO - [2025-12-19 17:02:15] Status: ERROR | Text: '' | Job: 0
2025-12-19 17:02:15 - __main__ - INFO - [2025-12-19 17:02:15] Status: ERROR | Text: '' | Job: 0
2025-12-19 17:02:16 - __main__ - INFO - [2025-12-19 17:02:16] Status: ERROR | Text: '' | Job: 0
2025-12-19 17:02:16 - __main__ - INFO - [2025-12-19 17:02:16] Status: ERROR | Text: '' | Job: 0
2025-12-19 17:02:17 - __main__ - INFO - [2025-12-19 17:02:17] Status: ERROR | Text: '' | Job: 0
2025-12-19 17:02:17 - __main__ - INFO - [2025-12-19 17:02:17] Status: ERROR | Text: '' | Job: 0
2025-12-19 17:02:18 - __main__ - INFO - [2025-12-19 17:02:18] Status: ERROR | Text: '' | Job: 0
2025-12-19 17:02:18 - __main__ - INFO - [2025-12-19 17:02:18] Status: ERROR | Text: '' | Job: 0
2025-12-19 17:02:19 - __main__ - INFO - [2025-12-19 17:02:19] Status: ERROR | Text: '' | Job: 0
2025-12-19 17:02:19 - __main__ - INFO - [2025-12-19 17:02:19] Status: ERROR | Text: '' | Job: 0
2025-12-19 17:02:20 - __main__ - INFO - [2025-12-19 17:02:20] Status: ERROR | Text: '' | Job: 0
2025-12-19 17:02:20 - __main__ - INFO - [2025-12-19 17:02:20] Status: ERROR | Text: '' | Job: 0
2025-12-19 17:02:21 - __main__ - INFO - [2025-12-19 17:02:21] Status: ERROR | Text: '' | Job: 0
2025-12-19 17:02:21 - __main__ - INFO - [2025-12-19 17:02:21] Status: ERROR | Text: '' | Job: 0
2025-12-19 17:02:22 - __main__ - INFO - [2025-12-19 17:02:22] Status: ERROR | Text: '' | Job: 0
2025-12-19 17:02:23 - __main__ - INFO - [2025-12-19 17:02:23] Status: ERROR | Text: '' | Job: 0
2025-12-19 17:02:23 - __main__ - INFO - [2025-12-19 17:02:23] Status: ERROR | Text: '' | Job: 0
2025-12-19 17:02:24 - __main__ - INFO - [2025-12-19 17:02:24] Status: ERROR | Text: '' | Job: 0
2025-12-19 17:02:24 - __main__ - INFO - [2025-12-19 17:02:24] Status: ERROR | Text: '' | Job: 0
2025-12-19 17:02:25 - __main__ - INFO - [2025-12-19 17:02:25] Status: ERROR | Text: '' | Job: 0
2025-12-19 17:02:25 - __main__ - INFO - [2025-12-19 17:02:25] Status: ERROR | Text: '' | Job: 0
2025-12-19 17:02:26 - __main__ - INFO - [2025-12-19 17:02:26] Status: ERROR | Text: '' | Job: 0
2025-12-19 17:02:26 - __main__ - INFO - [2025-12-19 17:02:26] Status: ERROR | Text: '' | Job: 0
2025-12-19 17:02:27 - __main__ - INFO - [2025-12-19 17:02:27] Status: ERROR | Text: '' | Job: 0
2025-12-19 17:02:27 - __main__ - INFO - [2025-12-19 17:02:27] Status: ERROR | Text: '' | Job: 0
2025-12-19 17:02:28 - __main__ - INFO - [2025-12-19 17:02:28] Status: ERROR | Text: '' | Job: 0
2025-12-19 17:02:28 - __main__ - INFO - [2025-12-19 17:02:28] Status: ERROR | Text: '' | Job: 0
2025-12-19 17:02:29 - __main__ - INFO - [2025-12-19 17:02:29] Status: ERROR | Text: '' | Job: 0
2025-12-19 17:02:29 - __main__ - INFO - [2025-12-19 17:02:29] Status: ERROR | Text: '' | Job: 0
2025-12-19 17:02:30 - __main__ - INFO - [2025-12-19 17:02:30] Status: ERROR | Text: '' | Job: 0
2025-12-19 17:02:30 - __main__ - INFO - [2025-12-19 17:02:30] Status: ERROR | Text: '' | Job: 0
2025-12-19 17:02:31 - __main__ - INFO - [2025-12-19 17:02:31] Status: ERROR | Text: '' | Job: 0
2025-12-19 17:02:31 - __main__ - INFO - [2025-12-19 17:02:31] Status: ERROR | Text: '' | Job: 0
2025-12-19 17:02:32 - __main__ - INFO - [2025-12-19 17:02:32] Status: ERROR | Text: '' | Job: 0
2025-12-19 17:02:32 - __main__ - INFO - [2025-12-19 17:02:32] Status: ERROR | Text: '' | Job: 0
2025-12-19 17:02:33 - __main__ - INFO - [2025-12-19 17:02:33] Status: ERROR | Text: '' | Job: 0
2025-12-19 17:02:33 - __main__ - INFO - [2025-12-19 17:02:33] Status: ERROR | Text: '' | Job: 0
2025-12-19 17:02:34 - __main__ - INFO - [2025-12-19 17:02:34] Status: ERROR | Text: '' | Job: 0
2025-12-19 17:02:34 - __main__ - INFO - [2025-12-19 17:02:34] Status: ERROR | Text: '' | Job: 0
2025-12-19 17:02:35 - __main__ - INFO - [2025-12-19 17:02:35] Status: ERROR | Text: '' | Job: 0
2025-12-19 17:02:35 - __main__ - INFO - [2025-12-19 17:02:35] Status: ERROR | Text: '' | Job: 0
2025-12-19 17:02:36 - __main__ - INFO - [2025-12-19 17:02:36] Status: ERROR | Text: '' | Job: 0
2025-12-19 17:02:36 - __main__ - INFO - [2025-12-19 17:02:36] Status: ERROR | Text: '' | Job: 0
2025-12-19 17:02:37 - __main__ - INFO - [2025-12-19 17:02:37] Status: ERROR | Text: '' | Job: 0
2025-12-19 17:02:37 - __main__ - INFO - [2025-12-19 17:02:37] Status: ERROR | Text: '' | Job: 0
2025-12-19 17:02:38 - __main__ - INFO - [2025-12-19 17:02:38] Status: ERROR | Text: '' | Job: 0
2025-12-19 17:02:38 - __main__ - INFO - [2025-12-19 17:02:38] Status: ERROR | Text: '' | Job: 0
2025-12-19 17:02:39 - __main__ - INFO - [2025-12-19 17:02:39] Status: ERROR | Text: '' | Job: 0
2025-12-19 17:02:39 - __main__ - INFO - [2025-12-19 17:02:39] Status: ERROR | Text: '' | Job: 0
2025-12-19 17:02:40 - __main__ - INFO - [2025-12-19 17:02:40] Status: ERROR | Text: '' | Job: 0
2025-12-19 17:02:40 - __main__ - INFO - [2025-12-19 17:02:40] Status: ERROR | Text: '' | Job: 0
2025-12-19 17:02:41 - __main__ - INFO - [2025-12-19 17:02:41] Status: ERROR | Text: '' | Job: 0
2025-12-19 17:02:41 - __main__ - INFO - [2025-12-19 17:02:41] Status: ERROR | Text: '' | Job: 0
2025-12-19 17:02:42 - __main__ - INFO - [2025-12-19 17:02:42] Status: ERROR | Text: '' | Job: 0
2025-12-19 17:02:42 - __main__ - INFO - [2025-12-19 17:02:42] Status: ERROR | Text: '' | Job: 0
2025-12-19 17:02:43 - __main__ - INFO - [2025-12-19 17:02:43] Status: ERROR | Text: '' | Job: 0
2025-12-19 17:02:43 - __main__ - INFO - [2025-12-19 17:02:43] Status: ERROR | Text: '' | Job: 0
2025-12-19 17:02:44 - __main__ - INFO - [2025-12-19 17:02:44] Status: ERROR | Text: '' | Job: 0
2025-12-19 17:02:44 - __main__ - INFO - [2025-12-19 17:02:44] Status: ERROR | Text: '' | Job: 0
2025-12-19 17:02:45 - __main__ - INFO - [2025-12-19 17:02:45] Status: ERROR | Text: '' | Job: 0
2025-12-19 17:02:45 - __main__ - INFO - [2025-12-19 17:02:45] Status: ERROR | Text: '' | Job: 0
2025-12-19 17:02:46 - __main__ - INFO - [2025-12-19 17:02:46] Status: ERROR | Text: '' | Job: 0
2025-12-19 17:02:46 - __main__ - INFO - [2025-12-19 17:02:46] Status: ERROR | Text: '' | Job: 0
2025-12-19 17:02:47 - __main__ - INFO - [2025-12-19 17:02:47] Status: ERROR | Text: '' | Job: 0
2025-12-19 17:02:47 - __main__ - INFO - [2025-12-19 17:02:47] Status: ERROR | Text: '' | Job: 0
2025-12-19 17:02:48 - __main__ - INFO - [2025-12-19 17:02:48] Status: ERROR | Text: '' | Job: 0
2025-12-19 17:02:48 - __main__ - INFO - [2025-12-19 17:02:48] Status: ERROR | Text: '' | Job: 0
2025-12-19 17:02:49 - __main__ - INFO - [2025-12-19 17:02:49] Status: ERROR | Text: '' | Job: 0
2025-12-19 17:02:49 - __main__ - INFO - [2025-12-19 17:02:49] Status: ERROR | Text: '' | Job: 0
2025-12-19 17:02:50 - __main__ - INFO - [2025-12-19 17:02:50] Status: ERROR | Text: '' | Job: 0
2025-12-19 17:02:50 - __main__ - INFO - [2025-12-19 17:02:50] Status: ERROR | Text: '' | Job: 0
2025-12-19 17:02:51 - __main__ - INFO - [2025-12-19 17:02:51] Status: ERROR | Text: '' | Job: 0
2025-12-19 17:02:51 - __main__ - INFO - [2025-12-19 17:02:51] Status: ERROR | Text: '' | Job: 0
2025-12-19 17:02:52 - __main__ - INFO - [2025-12-19 17:02:52] Status: ERROR | Text: '' | Job: 0
2025-12-19 17:02:52 - __main__ - INFO - [2025-12-19 17:02:52] Status: ERROR | Text: '' | Job: 0
2025-12-19 17:02:53 - __main__ - INFO - [2025-12-19 17:02:53] Status: ERROR | Text: '' | Job: 0
2025-12-19 17:02:53 - __main__ - INFO - [2025-12-19 17:02:53] Status: ERROR | Text: '' | Job: 0
2025-12-19 17:02:54 - __main__ - INFO - [2025-12-19 17:02:54] Status: ERROR | Text: '' | Job: 0
2025-12-19 17:02:54 - __main__ - INFO - [2025-12-19 17:02:54] Status: ERROR | Text: '' | Job: 0
2025-12-19 17:02:55 - __main__ - INFO - [2025-12-19 17:02:55] Status: ERROR | Text: '' | Job: 0
2025-12-19 17:02:55 - __main__ - INFO - [2025-12-19 17:02:55] Status: ERROR | Text: '' | Job: 0
2025-12-19 17:02:56 - __main__ - INFO - [2025-12-19 17:02:56] Status: ERROR | Text: '' | Job: 0
2025-12-19 17:02:56 - __main__ - INFO - [2025-12-19 17:02:56] Status: ERROR | Text: '' | Job: 0
2025-12-19 17:02:57 - __main__ - INFO - [2025-12-19 17:02:57] Status: ERROR | Text: '' | Job: 0
2025-12-19 17:02:57 - __main__ - INFO - [2025-12-19 17:02:57] Status: ERROR | Text: '' | Job: 0
2025-12-19 17:02:58 - __main__ - INFO - [2025-12-19 17:02:58] Status: ERROR | Text: '' | Job: 0
2025-12-19 17:02:58 - __main__ - INFO - [2025-12-19 17:02:58] Status: ERROR | Text: '' | Job: 0
2025-12-19 17:02:59 - __main__ - INFO - [2025-12-19 17:02:59] Status: ERROR | Text: '' | Job: 0
2025-12-19 17:02:59 - __main__ - INFO - [2025-12-19 17:02:59] Status: ERROR | Text: '' | Job: 0
2025-12-19 17:03:00 - __main__ - INFO - [2025-12-19 17:03:00] Status: ERROR | Text: '' | Job: 0
2025-12-19 17:03:00 - __main__ - INFO - [2025-12-19 17:03:00] Status: ERROR | Text: '' | Job: 0
2025-12-19 17:03:01 - __main__ - INFO - [2025-12-19 17:03:01] Status: ERROR | Text: '' | Job: 0
2025-12-19 17:03:01 - __main__ - INFO - [2025-12-19 17:03:01] Status: ERROR | Text: '' | Job: 0
2025-12-19 17:03:02 - __main__ - INFO - [2025-12-19 17:03:02] Status: ERROR | Text: '' | Job: 0
2025-12-19 17:03:02 - __main__ - INFO - [2025-12-19 17:03:02] Status: ERROR | Text: '' | Job: 0
2025-12-19 17:03:03 - __main__ - INFO - [2025-12-19 17:03:03] Status: ERROR | Text: '' | Job: 0
2025-12-19 17:03:03 - __main__ - INFO - [2025-12-19 17:03:03] Status: ERROR | Text: '' | Job: 0
2025-12-19 17:03:04 - __main__ - INFO - [2025-12-19 17:03:04] Status: ERROR | Text: '' | Job: 0
2025-12-19 17:03:04 - __main__ - INFO - [2025-12-19 17:03:04] Status: ERROR | Text: '' | Job: 0
2025-12-19 17:03:05 - __main__ - INFO - [2025-12-19 17:03:05] Status: ERROR | Text: '' | Job: 0
2025-12-19 17:03:05 - __main__ - INFO - [2025-12-19 17:03:05] Status: ERROR | Text: '' | Job: 0
2025-12-19 17:03:06 - __main__ - INFO - [2025-12-19 17:03:06] Status: ERROR | Text: '' | Job: 0
2025-12-19 17:03:06 - __main__ - INFO - [2025-12-19 17:03:06] Status: ERROR | Text: '' | Job: 0
2025-12-19 17:03:07 - __main__ - INFO - [2025-12-19 17:03:07] Status: ERROR | Text: '' | Job: 0
2025-12-19 17:03:07 - __main__ - INFO - [2025-12-19 17:03:07] Status: ERROR | Text: '' | Job: 0
2025-12-19 17:03:08 - __main__ - INFO - [2025-12-19 17:03:08] Status: ERROR | Text: '' | Job: 0
2025-12-19 17:03:08 - __main__ - INFO - [2025-12-19 17:03:08] Status: ERROR | Text: '' | Job: 0
2025-12-19 17:03:09 - __main__ - INFO - [2025-12-19 17:03:09] Status: ERROR | Text: '' | Job: 0
2025-12-19 17:03:09 - __main__ - INFO - [2025-12-19 17:03:09] Status: ERROR | Text: '' | Job: 0
2025-12-19 17:03:10 - __main__ - INFO - [2025-12-19 17:03:10] Status: ERROR | Text: '' | Job: 0
2025-12-19 17:03:10 - __main__ - INFO - [2025-12-19 17:03:10] Status: ERROR | Text: '' | Job: 0
2025-12-19 17:03:11 - __main__ - INFO - [2025-12-19 17:03:11] Status: ERROR | Text: '' | Job: 0
2025-12-19 17:03:11 - __main__ - INFO - [2025-12-19 17:03:11] Status: ERROR | Text: '' | Job: 0
2025-12-19 17:03:12 - __main__ - INFO - [2025-12-19 17:03:12] Status: ERROR | Text: '' | Job: 0
2025-12-19 17:03:12 - __main__ - INFO - [2025-12-19 17:03:12] Status: ERROR | Text: '' | Job: 0
2025-12-19 17:03:13 - __main__ - INFO - [2025-12-19 17:03:13] Status: ERROR | Text: '' | Job: 0
2025-12-19 17:03:13 - __main__ - INFO - [2025-12-19 17:03:13] Status: ERROR | Text: '' | Job: 0
2025-12-19 17:03:14 - __main__ - INFO - [2025-12-19 17:03:14] Status: ERROR | Text: '' | Job: 0
2025-12-19 17:03:14 - __main__ - INFO - [2025-12-19 17:03:14] Status: ERROR | Text: '' | Job: 0
2025-12-19 17:03:15 - __main__ - INFO - [2025-12-19 17:03:15] Status: ERROR | Text: '' | Job: 0
2025-12-19 17:03:16 - __main__ - INFO - [2025-12-19 17:03:16] Status: ERROR | Text: '' | Job: 0
2025-12-19 17:03:16 - __main__ - INFO - [2025-12-19 17:03:16] Status: ERROR | Text: '' | Job: 0
2025-12-19 17:03:17 - __main__ - INFO - [2025-12-19 17:03:17] Status: ERROR | Text: '' | Job: 0
2025-12-19 17:03:17 - __main__ - INFO - [2025-12-19 17:03:17] Status: ERROR | Text: '' | Job: 0
2025-12-19 17:03:18 - __main__ - INFO - [2025-12-19 17:03:18] Status: ERROR | Text: '' | Job: 0
2025-12-19 17:03:18 - __main__ - INFO - [2025-12-19 17:03:18] Status: ERROR | Text: '' | Job: 0
2025-12-19 17:03:19 - __main__ - INFO - [2025-12-19 17:03:19] Status: ERROR | Text: '' | Job: 0
2025-12-19 17:03:19 - __main__ - INFO - [2025-12-19 17:03:19] Status: ERROR | Text: '' | Job: 0
2025-12-19 17:03:20 - __main__ - INFO - [2025-12-19 17:03:20] Status: ERROR | Text: '' | Job: 0
2025-12-19 17:03:20 - __main__ - INFO - [2025-12-19 17:03:20] Status: ERROR | Text: '' | Job: 0
2025-12-19 17:03:21 - __main__ - INFO - [2025-12-19 17:03:21] Status: ERROR | Text: '' | Job: 0
2025-12-19 17:03:21 - __main__ - INFO - [2025-12-19 17:03:21] Status: ERROR | Text: '' | Job: 0
2025-12-19 17:03:22 - __main__ - INFO - [2025-12-19 17:03:22] Status: ERROR | Text: '' | Job: 0
2025-12-19 17:03:22 - __main__ - INFO - [2025-12-19 17:03:22] Status: ERROR | Text: '' | Job: 0
2025-12-19 17:03:23 - __main__ - INFO - [2025-12-19 17:03:23] Status: ERROR | Text: '' | Job: 0
2025-12-19 17:03:23 - __main__ - INFO - [2025-12-19 17:03:23] Status: ERROR | Text: '' | Job: 0
2025-12-19 17:03:24 - __main__ - INFO - [2025-12-19 17:03:24] Status: ERROR | Text: '' | Job: 0
2025-12-19 17:03:24 - __main__ - INFO - [2025-12-19 17:03:24] Status: ERROR | Text: '' | Job: 0
2025-12-19 17:03:25 - __main__ - INFO - [2025-12-19 17:03:25] Status: ERROR | Text: '' | Job: 0
2025-12-19 17:03:25 - __main__ - INFO - [2025-12-19 17:03:25] Status: ERROR | Text: '' | Job: 0
2025-12-19 17:03:26 - __main__ - INFO - [2025-12-19 17:03:26] Status: ERROR | Text: '' | Job: 0
2025-12-19 17:03:26 - __main__ - INFO - [2025-12-19 17:03:26] Status: ERROR | Text: '' | Job: 0
2025-12-19 17:03:27 - __main__ - INFO - [2025-12-19 17:03:27] Status: ERROR | Text: '' | Job: 0
2025-12-19 17:03:27 - __main__ - INFO - [2025-12-19 17:03:27] Status: ERROR | Text: '' | Job: 0
2025-12-19 17:03:28 - __main__ - INFO - [2025-12-19 17:03:28] Status: ERROR | Text: '' | Job: 0
2025-12-19 17:03:28 - __main__ - INFO - [2025-12-19 17:03:28] Status: ERROR | Text: '' | Job: 0
2025-12-19 17:03:29 - __main__ - INFO - [2025-12-19 17:03:29] Status: ERROR | Text: '' | Job: 0
2025-12-19 17:03:29 - __main__ - INFO - [2025-12-19 17:03:29] Status: ERROR | Text: '' | Job: 0
2025-12-19 17:03:30 - __main__ - INFO - [2025-12-19 17:03:30] Status: ERROR | Text: '' | Job: 0
2025-12-19 17:03:30 - __main__ - INFO - [2025-12-19 17:03:30] Status: ERROR | Text: '' | Job: 0
2025-12-19 17:03:31 - __main__ - INFO - [2025-12-19 17:03:31] Status: ERROR | Text: '' | Job: 0
2025-12-19 17:03:31 - __main__ - INFO - [2025-12-19 17:03:31] Status: ERROR | Text: '' | Job: 0
2025-12-19 17:03:32 - __main__ - INFO - [2025-12-19 17:03:32] Status: ERROR | Text: '' | Job: 0
2025-12-19 17:03:32 - __main__ - INFO - [2025-12-19 17:03:32] Status: ERROR | Text: '' | Job: 0
2025-12-19 17:03:33 - __main__ - INFO - [2025-12-19 17:03:33] Status: ERROR | Text: '' | Job: 0
2025-12-19 17:03:33 - __main__ - INFO - [2025-12-19 17:03:33] Status: ERROR | Text: '' | Job: 0
2025-12-19 17:03:34 - __main__ - INFO - [2025-12-19 17:03:34] Status: ERROR | Text: '' | Job: 0
2025-12-19 17:03:34 - __main__ - INFO - [2025-12-19 17:03:34] Status: ERROR | Text: '' | Job: 0
2025-12-19 17:03:35 - __main__ - INFO - [2025-12-19 17:03:35] Status: ERROR | Text: '' | Job: 0
2025-12-19 17:03:35 - __main__ - INFO - [2025-12-19 17:03:35] Status: ERROR | Text: '' | Job: 0
2025-12-19 17:03:36 - __main__ - INFO - [2025-12-19 17:03:36] Status: ERROR | Text: '' | Job: 0
2025-12-19 17:03:36 - __main__ - INFO - [2025-12-19 17:03:36] Status: ERROR | Text: '' | Job: 0
2025-12-19 17:03:37 - __main__ - INFO - [2025-12-19 17:03:37] Status: ERROR | Text: '' | Job: 0
2025-12-19 17:03:37 - __main__ - INFO - [2025-12-19 17:03:37] Status: ERROR | Text: '' | Job: 0
2025-12-19 17:03:38 - __main__ - INFO - [2025-12-19 17:03:38] Status: ERROR | Text: '' | Job: 0
2025-12-19 17:03:38 - __main__ - INFO - [2025-12-19 17:03:38] Status: ERROR | Text: '' | Job: 0
2025-12-19 17:03:39 - __main__ - INFO - [2025-12-19 17:03:39] Status: ERROR | Text: '' | Job: 0
2025-12-19 17:03:39 - __main__ - INFO - [2025-12-19 17:03:39] Status: ERROR | Text: '' | Job: 0
2025-12-19 17:03:40 - __main__ - INFO - [2025-12-19 17:03:40] Status: ERROR | Text: '' | Job: 0
2025-12-19 17:03:40 - __main__ - INFO - [2025-12-19 17:03:40] Status: ERROR | Text: '' | Job: 0
2025-12-19 17:03:41 - __main__ - INFO - [2025-12-19 17:03:41] Status: ERROR | Text: '' | Job: 0
2025-12-19 17:03:41 - __main__ - INFO - [2025-12-19 17:03:41] Status: ERROR | Text: '' | Job: 0
2025-12-19 17:03:42 - __main__ - INFO - [2025-12-19 17:03:42] Status: ERROR | Text: '' | Job: 0
2025-12-19 17:03:42 - __main__ - INFO - [2025-12-19 17:03:42] Status: ERROR | Text: '' | Job: 0
2025-12-19 17:03:43 - __main__ - INFO - [2025-12-19 17:03:43] Status: ERROR | Text: '' | Job: 0
2025-12-19 17:03:43 - __main__ - INFO - [2025-12-19 17:03:43] Status: ERROR | Text: '' | Job: 0
2025-12-19 17:03:44 - __main__ - INFO - [2025-12-19 17:03:44] Status: ERROR | Text: '' | Job: 0
2025-12-19 17:03:44 - __main__ - INFO - [2025-12-19 17:03:44] Status: ERROR | Text: '' | Job: 0
2025-12-19 17:03:45 - __main__ - INFO - [2025-12-19 17:03:45] Status: ERROR | Text: '' | Job: 0
2025-12-19 17:03:45 - __main__ - INFO - [2025-12-19 17:03:45] Status: ERROR | Text: '' | Job: 0
2025-12-19 17:03:46 - __main__ - INFO - [2025-12-19 17:03:46] Status: ERROR | Text: '' | Job: 0
2025-12-19 17:03:46 - __main__ - INFO - [2025-12-19 17:03:46] Status: ERROR | Text: '' | Job: 0
2025-12-19 17:03:47 - __main__ - INFO - [2025-12-19 17:03:47] Status: ERROR | Text: '' | Job: 0
2025-12-19 17:03:47 - __main__ - INFO - [2025-12-19 17:03:47] Status: ERROR | Text: '' | Job: 0
2025-12-19 17:03:48 - __main__ - INFO - [2025-12-19 17:03:48] Status: ERROR | Text: '' | Job: 0
2025-12-19 17:03:48 - __main__ - INFO - [2025-12-19 17:03:48] Status: ERROR | Text: '' | Job: 0
2025-12-19 17:03:49 - __main__ - INFO - [2025-12-19 17:03:49] Status: ERROR | Text: '' | Job: 0
2025-12-19 17:03:49 - __main__ - INFO - [2025-12-19 17:03:49] Status: ERROR | Text: '' | Job: 0
2025-12-19 17:03:50 - __main__ - INFO - [2025-12-19 17:03:50] Status: ERROR | Text: '' | Job: 0
2025-12-19 17:03:50 - __main__ - INFO - [2025-12-19 17:03:50] Status: ERROR | Text: '' | Job: 0
2025-12-19 17:03:51 - __main__ - INFO - [2025-12-19 17:03:51] Status: ERROR | Text: '' | Job: 0
2025-12-19 17:03:51 - __main__ - INFO - [2025-12-19 17:03:51] Status: ERROR | Text: '' | Job: 0
2025-12-19 17:03:52 - __main__ - INFO - [2025-12-19 17:03:52] Status: ERROR | Text: '' | Job: 0
2025-12-19 17:03:52 - __main__ - INFO - [2025-12-19 17:03:52] Status: ERROR | Text: '' | Job: 0
2025-12-19 17:03:53 - __main__ - INFO - [2025-12-19 17:03:53] Status: ERROR | Text: '' | Job: 0
2025-12-19 17:03:53 - __main__ - INFO - [2025-12-19 17:03:53] Status: ERROR | Text: '' | Job: 0
2025-12-19 17:03:54 - __main__ - INFO - [2025-12-19 17:03:54] Status: ERROR | Text: '' | Job: 0
2025-12-19 17:03:54 - __main__ - INFO - [2025-12-19 17:03:54] Status: ERROR | Text: '' | Job: 0
2025-12-19 17:03:55 - __main__ - INFO - [2025-12-19 17:03:55] Status: ERROR | Text: '' | Job: 0
2025-12-19 17:03:55 - __main__ - INFO - [2025-12-19 17:03:55] Status: ERROR | Text: '' | Job: 0
2025-12-19 17:03:56 - __main__ - INFO - [2025-12-19 17:03:56] Status: ERROR | Text: '' | Job: 0
2025-12-19 17:03:56 - __main__ - INFO - [2025-12-19 17:03:56] Status: ERROR | Text: '' | Job: 0
2025-12-19 17:03:57 - __main__ - INFO - [2025-12-19 17:03:57] Status: ERROR | Text: '' | Job: 0
2025-12-19 17:03:57 - __main__ - INFO - [2025-12-19 17:03:57] Status: ERROR | Text: '' | Job: 0
2025-12-19 17:03:58 - __main__ - INFO - [2025-12-19 17:03:58] Status: ERROR | Text: '' | Job: 0
2025-12-19 17:03:58 - __main__ - INFO - [2025-12-19 17:03:58] Status: ERROR | Text: '' | Job: 0
2025-12-19 17:03:59 - __main__ - INFO - [2025-12-19 17:03:59] Status: ERROR | Text: '' | Job: 0
2025-12-19 17:03:59 - __main__ - INFO - [2025-12-19 17:03:59] Status: ERROR | Text: '' | Job: 0
2025-12-19 17:04:00 - __main__ - INFO - [2025-12-19 17:04:00] Status: ERROR | Text: '' | Job: 0
2025-12-19 17:04:00 - __main__ - INFO - [2025-12-19 17:04:00] Status: ERROR | Text: '' | Job: 0
2025-12-19 17:04:01 - __main__ - INFO - [2025-12-19 17:04:01] Status: ERROR | Text: '' | Job: 0
2025-12-19 17:04:01 - __main__ - INFO - [2025-12-19 17:04:01] Status: ERROR | Text: '' | Job: 0
2025-12-19 17:04:02 - __main__ - INFO - [2025-12-19 17:04:02] Status: ERROR | Text: '' | Job: 0
2025-12-19 17:04:02 - __main__ - INFO - [2025-12-19 17:04:02] Status: ERROR | Text: '' | Job: 0
2025-12-19 17:04:03 - __main__ - INFO - [2025-12-19 17:04:03] Status: ERROR | Text: '' | Job: 0
2025-12-19 17:04:03 - __main__ - INFO - [2025-12-19 17:04:03] Status: ERROR | Text: '' | Job: 0
2025-12-19 17:04:04 - __main__ - INFO - [2025-12-19 17:04:04] Status: ERROR | Text: '' | Job: 0
2025-12-19 17:04:04 - __main__ - INFO - [2025-12-19 17:04:04] Status: ERROR | Text: '' | Job: 0
2025-12-19 17:04:05 - __main__ - INFO - [2025-12-19 17:04:05] Status: ERROR | Text: '' | Job: 0
2025-12-19 17:04:05 - __main__ - INFO - [2025-12-19 17:04:05] Status: ERROR | Text: '' | Job: 0
2025-12-19 17:04:06 - __main__ - INFO - [2025-12-19 17:04:06] Status: ERROR | Text: '' | Job: 0
2025-12-19 17:04:06 - __main__ - INFO - [2025-12-19 17:04:06] Status: ERROR | Text: '' | Job: 0
2025-12-19 17:04:07 - __main__ - INFO - [2025-12-19 17:04:07] Status: ERROR | Text: '' | Job: 0
2025-12-19 17:04:07 - __main__ - INFO - [2025-12-19 17:04:07] Status: ERROR | Text: '' | Job: 0
2025-12-19 17:04:08 - __main__ - INFO - [2025-12-19 17:04:08] Status: ERROR | Text: '' | Job: 0
2025-12-19 17:04:08 - __main__ - INFO - [2025-12-19 17:04:08] Status: ERROR | Text: '' | Job: 0
2025-12-19 17:04:09 - __main__ - INFO - [2025-12-19 17:04:09] Status: ERROR | Text: '' | Job: 0
2025-12-19 17:04:09 - __main__ - INFO - [2025-12-19 17:04:09] Status: ERROR | Text: '' | Job: 0
2025-12-19 17:04:10 - __main__ - INFO - [2025-12-19 17:04:10] Status: ERROR | Text: '' | Job: 0
2025-12-19 17:04:10 - __main__ - INFO - [2025-12-19 17:04:10] Status: ERROR | Text: '' | Job: 0
2025-12-19 17:04:11 - __main__ - INFO - [2025-12-19 17:04:11] Status: ERROR | Text: '' | Job: 0
2025-12-19 17:04:11 - __main__ - INFO - [2025-12-19 17:04:11] Status: ERROR | Text: '' | Job: 0
2025-12-19 17:04:12 - __main__ - INFO - [2025-12-19 17:04:12] Status: ERROR | Text: '' | Job: 0
2025-12-19 17:04:12 - __main__ - INFO - [2025-12-19 17:04:12] Status: ERROR | Text: '' | Job: 0
2025-12-19 17:04:13 - __main__ - INFO - [2025-12-19 17:04:13] Status: ERROR | Text: '' | Job: 0
2025-12-19 17:04:13 - __main__ - INFO - [2025-12-19 17:04:13] Status: ERROR | Text: '' | Job: 0
2025-12-19 17:04:14 - __main__ - INFO - [2025-12-19 17:04:14] Status: ERROR | Text: '' | Job: 0
2025-12-19 17:04:14 - __main__ - INFO - [2025-12-19 17:04:14] Status: ERROR | Text: '' | Job: 0
2025-12-19 17:04:15 - __main__ - INFO - [2025-12-19 17:04:15] Status: ERROR | Text: '' | Job: 0
2025-12-19 17:04:15 - __main__ - INFO - [2025-12-19 17:04:15] Status: ERROR | Text: '' | Job: 0
2025-12-19 17:04:16 - __main__ - INFO - [2025-12-19 17:04:16] Status: ERROR | Text: '' | Job: 0
2025-12-19 17:04:16 - __main__ - INFO - [2025-12-19 17:04:16] Status: ERROR | Text: '' | Job: 0
2025-12-19 17:04:17 - __main__ - INFO - [2025-12-19 17:04:17] Status: ERROR | Text: '' | Job: 0
2025-12-19 17:04:17 - __main__ - INFO - [2025-12-19 17:04:17] Status: ERROR | Text: '' | Job: 0
2025-12-19 17:04:18 - __main__ - INFO - [2025-12-19 17:04:18] Status: ERROR | Text: '' | Job: 0
2025-12-19 17:04:18 - __main__ - INFO - [2025-12-19 17:04:18] Status: ERROR | Text: '' | Job: 0
2025-12-19 17:04:19 - __main__ - INFO - [2025-12-19 17:04:19] Status: ERROR | Text: '' | Job: 0
2025-12-19 17:04:19 - __main__ - INFO - [2025-12-19 17:04:19] Status: ERROR | Text: '' | Job: 0
2025-12-19 17:04:20 - __main__ - INFO - [2025-12-19 17:04:20] Status: ERROR | Text: '' | Job: 0
2025-12-19 17:04:20 - __main__ - INFO - [2025-12-19 17:04:20] Status: ERROR | Text: '' | Job: 0
2025-12-19 17:04:21 - __main__ - INFO - [2025-12-19 17:04:21] Status: ERROR | Text: '' | Job: 0
2025-12-19 17:04:21 - __main__ - INFO - [2025-12-19 17:04:21] Status: ERROR | Text: '' | Job: 0
2025-12-19 17:04:22 - __main__ - INFO - [2025-12-19 17:04:22] Status: ERROR | Text: '' | Job: 0
2025-12-19 17:04:22 - __main__ - INFO - [2025-12-19 17:04:22] Status: ERROR | Text: '' | Job: 0
2025-12-19 17:04:23 - __main__ - INFO - [2025-12-19 17:04:23] Status: ERROR | Text: '' | Job: 0
2025-12-19 17:04:23 - __main__ - INFO - [2025-12-19 17:04:23] Status: ERROR | Text: '' | Job: 0
2025-12-19 17:04:24 - __main__ - INFO - [2025-12-19 17:04:24] Status: ERROR | Text: '' | Job: 0
2025-12-19 17:04:24 - __main__ - INFO - [2025-12-19 17:04:24] Status: ERROR | Text: '' | Job: 0
2025-12-19 17:04:25 - __main__ - INFO - [2025-12-19 17:04:25] Status: ERROR | Text: '' | Job: 0
2025-12-19 17:04:25 - __main__ - INFO - [2025-12-19 17:04:25] Status: ERROR | Text: '' | Job: 0
2025-12-19 17:04:26 - __main__ - INFO - [2025-12-19 17:04:26] Status: ERROR | Text: '' | Job: 0
2025-12-19 17:04:26 - __main__ - INFO - [2025-12-19 17:04:26] Status: ERROR | Text: '' | Job: 0
2025-12-19 17:04:27 - __main__ - INFO - [2025-12-19 17:04:27] Status: ERROR | Text: '' | Job: 0
2025-12-19 17:04:27 - __main__ - INFO - [2025-12-19 17:04:27] Status: ERROR | Text: '' | Job: 0
2025-12-19 17:04:28 - __main__ - INFO - [2025-12-19 17:04:28] Status: ERROR | Text: '' | Job: 0
2025-12-19 17:04:28 - __main__ - INFO - [2025-12-19 17:04:28] Status: ERROR | Text: '' | Job: 0
2025-12-19 17:04:29 - __main__ - INFO - [2025-12-19 17:04:29] Status: ERROR | Text: '' | Job: 0
2025-12-19 17:04:29 - __main__ - INFO - [2025-12-19 17:04:29] Status: ERROR | Text: '' | Job: 0
2025-12-19 17:04:30 - __main__ - INFO - [2025-12-19 17:04:30] Status: ERROR | Text: '' | Job: 0
2025-12-19 17:04:30 - __main__ - INFO - [2025-12-19 17:04:30] Status: ERROR | Text: '' | Job: 0
2025-12-19 17:04:31 - __main__ - INFO - [2025-12-19 17:04:31] Status: ERROR | Text: '' | Job: 0
2025-12-19 17:04:31 - __main__ - INFO - [2025-12-19 17:04:31] Status: ERROR | Text: '' | Job: 0
2025-12-19 17:04:32 - __main__ - INFO - [2025-12-19 17:04:32] Status: ERROR | Text: '' | Job: 0
2025-12-19 17:04:32 - __main__ - INFO - [2025-12-19 17:04:32] Status: ERROR | Text: '' | Job: 0
2025-12-19 17:04:33 - __main__ - INFO - [2025-12-19 17:04:33] Status: ERROR | Text: '' | Job: 0
2025-12-19 17:04:33 - __main__ - INFO - [2025-12-19 17:04:33] Status: ERROR | Text: '' | Job: 0
2025-12-19 17:04:34 - __main__ - INFO - [2025-12-19 17:04:34] Status: ERROR | Text: '' | Job: 0
2025-12-19 17:04:34 - __main__ - INFO - [2025-12-19 17:04:34] Status: ERROR | Text: '' | Job: 0
2025-12-19 17:04:35 - __main__ - INFO - [2025-12-19 17:04:35] Status: ERROR | Text: '' | Job: 0
2025-12-19 17:04:35 - __main__ - INFO - [2025-12-19 17:04:35] Status: ERROR | Text: '' | Job: 0
2025-12-19 17:04:36 - __main__ - INFO - [2025-12-19 17:04:36] Status: ERROR | Text: '' | Job: 0
2025-12-19 17:04:36 - __main__ - INFO - [2025-12-19 17:04:36] Status: ERROR | Text: '' | Job: 0
2025-12-19 17:04:37 - __main__ - INFO - [2025-12-19 17:04:37] Status: ERROR | Text: '' | Job: 0
2025-12-19 17:04:37 - __main__ - INFO - [2025-12-19 17:04:37] Status: ERROR | Text: '' | Job: 0
2025-12-19 17:04:38 - __main__ - INFO - [2025-12-19 17:04:38] Status: ERROR | Text: '' | Job: 0
2025-12-19 17:04:38 - __main__ - INFO - [2025-12-19 17:04:38] Status: ERROR | Text: '' | Job: 0
2025-12-19 17:04:39 - __main__ - INFO - [2025-12-19 17:04:39] Status: ERROR | Text: '' | Job: 0
2025-12-19 17:04:40 - __main__ - INFO - [2025-12-19 17:04:40] Status: ERROR | Text: '' | Job: 0
2025-12-19 17:04:41 - __main__ - INFO - [2025-12-19 17:04:41] Status: ERROR | Text: '' | Job: 0
2025-12-19 17:04:41 - __main__ - INFO - [2025-12-19 17:04:41] Status: ERROR | Text: '' | Job: 0
2025-12-19 17:04:42 - __main__ - INFO - [2025-12-19 17:04:42] Status: ERROR | Text: '' | Job: 0
2025-12-19 17:04:42 - __main__ - INFO - [2025-12-19 17:04:42] Status: ERROR | Text: '' | Job: 0
2025-12-19 17:04:43 - __main__ - INFO - [2025-12-19 17:04:43] Status: ERROR | Text: '' | Job: 0
2025-12-19 17:04:43 - __main__ - INFO - [2025-12-19 17:04:43] Status: ERROR | Text: '' | Job: 0
2025-12-19 17:04:44 - __main__ - INFO - [2025-12-19 17:04:44] Status: ERROR | Text: '' | Job: 0
2025-12-19 17:04:44 - __main__ - INFO - [2025-12-19 17:04:44] Status: ERROR | Text: '' | Job: 0
2025-12-19 17:04:45 - __main__ - INFO - [2025-12-19 17:04:45] Status: ERROR | Text: '' | Job: 0
2025-12-19 17:04:45 - __main__ - INFO - [2025-12-19 17:04:45] Status: ERROR | Text: '' | Job: 0
2025-12-19 17:04:46 - __main__ - INFO - [2025-12-19 17:04:46] Status: ERROR | Text: '' | Job: 0
2025-12-19 17:04:46 - __main__ - INFO - [2025-12-19 17:04:46] Status: ERROR | Text: '' | Job: 0
2025-12-19 17:04:47 - __main__ - INFO - [2025-12-19 17:04:47] Status: ERROR | Text: '' | Job: 0
2025-12-19 17:04:47 - __main__ - INFO - [2025-12-19 17:04:47] Status: ERROR | Text: '' | Job: 0
2025-12-19 17:04:49 - __main__ - INFO - [2025-12-19 17:04:49] Status: ERROR | Text: '' | Job: 0
2025-12-19 17:04:49 - __main__ - INFO - [2025-12-19 17:04:49] Status: ERROR | Text: '' | Job: 0
2025-12-19 17:04:50 - __main__ - INFO - [2025-12-19 17:04:50] Status: ERROR | Text: '' | Job: 0
2025-12-19 17:04:50 - __main__ - INFO - [2025-12-19 17:04:50] Status: ERROR | Text: '' | Job: 0
2025-12-19 17:04:51 - __main__ - INFO - [2025-12-19 17:04:51] Status: ERROR | Text: '' | Job: 0
2025-12-19 17:04:51 - __main__ - INFO - [2025-12-19 17:04:51] Status: ERROR | Text: '' | Job: 0
2025-12-19 17:04:52 - __main__ - INFO - [2025-12-19 17:04:52] Status: ERROR | Text: '' | Job: 0
2025-12-19 17:04:52 - __main__ - INFO - [2025-12-19 17:04:52] Status: ERROR | Text: '' | Job: 0
2025-12-19 17:04:53 - __main__ - INFO - [2025-12-19 17:04:53] Status: ERROR | Text: '' | Job: 0
2025-12-19 17:04:53 - __main__ - INFO - [2025-12-19 17:04:53] Status: ERROR | Text: '' | Job: 0
2025-12-19 17:04:54 - __main__ - INFO - [2025-12-19 17:04:54] Status: ERROR | Text: '' | Job: 0
2025-12-19 17:04:54 - __main__ - INFO - [2025-12-19 17:04:54] Status: ERROR | Text: '' | Job: 0
2025-12-19 17:04:55 - __main__ - INFO - [2025-12-19 17:04:55] Status: ERROR | Text: '' | Job: 0
2025-12-19 17:04:55 - __main__ - INFO - [2025-12-19 17:04:55] Status: ERROR | Text: '' | Job: 0
2025-12-19 17:04:56 - __main__ - INFO - [2025-12-19 17:04:56] Status: ERROR | Text: '' | Job: 0
2025-12-19 17:04:56 - __main__ - INFO - [2025-12-19 17:04:56] Status: ERROR | Text: '' | Job: 0
2025-12-19 17:04:57 - __main__ - INFO - [2025-12-19 17:04:57] Status: ERROR | Text: '' | Job: 0
2025-12-19 17:04:57 - __main__ - INFO - [2025-12-19 17:04:57] Status: ERROR | Text: '' | Job: 0
2025-12-19 17:04:58 - __main__ - INFO - [2025-12-19 17:04:58] Status: ERROR | Text: '' | Job: 0
2025-12-19 17:04:58 - __main__ - INFO - [2025-12-19 17:04:58] Status: ERROR | Text: '' | Job: 0
2025-12-19 17:04:59 - __main__ - INFO - [2025-12-19 17:04:59] Status: ERROR | Text: '' | Job: 0
2025-12-19 17:04:59 - __main__ - INFO - [2025-12-19 17:04:59] Status: ERROR | Text: '' | Job: 0
2025-12-19 17:05:00 - __main__ - INFO - [2025-12-19 17:05:00] Status: ERROR | Text: '' | Job: 0
2025-12-19 17:05:00 - __main__ - INFO - [2025-12-19 17:05:00] Status: ERROR | Text: '' | Job: 0
2025-12-19 17:05:01 - __main__ - INFO - [2025-12-19 17:05:01] Status: ERROR | Text: '' | Job: 0
2025-12-19 17:05:01 - __main__ - INFO - [2025-12-19 17:05:01] Status: ERROR | Text: '' | Job: 0
2025-12-19 17:05:02 - __main__ - INFO - [2025-12-19 17:05:02] Status: ERROR | Text: '' | Job: 0
2025-12-19 17:05:02 - __main__ - INFO - [2025-12-19 17:05:02] Status: ERROR | Text: '' | Job: 0
2025-12-19 17:05:03 - __main__ - INFO - [2025-12-19 17:05:03] Status: ERROR | Text: '' | Job: 0
2025-12-19 17:05:03 - __main__ - INFO - [2025-12-19 17:05:03] Status: ERROR | Text: '' | Job: 0
2025-12-19 17:05:04 - __main__ - INFO - [2025-12-19 17:05:04] Status: ERROR | Text: '' | Job: 0
2025-12-19 17:05:04 - __main__ - INFO - [2025-12-19 17:05:04] Status: ERROR | Text: '' | Job: 0
2025-12-19 17:05:05 - __main__ - INFO - [2025-12-19 17:05:05] Status: ERROR | Text: '' | Job: 0
2025-12-19 17:05:05 - __main__ - INFO - [2025-12-19 17:05:05] Status: ERROR | Text: '' | Job: 0
2025-12-19 17:05:06 - __main__ - INFO - [2025-12-19 17:05:06] Status: ERROR | Text: '' | Job: 0
2025-12-19 17:05:06 - __main__ - INFO - [2025-12-19 17:05:06] Status: ERROR | Text: '' | Job: 0
2025-12-19 17:05:07 - __main__ - INFO - [2025-12-19 17:05:07] Status: ERROR | Text: '' | Job: 0
2025-12-19 17:05:07 - __main__ - INFO - [2025-12-19 17:05:07] Status: ERROR | Text: '' | Job: 0
2025-12-19 17:05:08 - __main__ - INFO - [2025-12-19 17:05:08] Status: ERROR | Text: '' | Job: 0
2025-12-19 17:05:08 - __main__ - INFO - [2025-12-19 17:05:08] Status: ERROR | Text: '' | Job: 0
2025-12-19 17:05:09 - __main__ - INFO - [2025-12-19 17:05:09] Status: ERROR | Text: '' | Job: 0
2025-12-19 17:05:09 - __main__ - INFO - [2025-12-19 17:05:09] Status: ERROR | Text: '' | Job: 0
2025-12-19 17:05:10 - __main__ - INFO - [2025-12-19 17:05:10] Status: ERROR | Text: '' | Job: 0
2025-12-19 17:05:10 - __main__ - INFO - [2025-12-19 17:05:10] Status: ERROR | Text: '' | Job: 0
2025-12-19 17:05:11 - __main__ - INFO - [2025-12-19 17:05:11] Status: ERROR | Text: '' | Job: 0
2025-12-19 17:05:11 - __main__ - INFO - [2025-12-19 17:05:11] Status: ERROR | Text: '' | Job: 0
2025-12-19 17:05:12 - __main__ - INFO - [2025-12-19 17:05:12] Status: ERROR | Text: '' | Job: 0
2025-12-19 17:05:12 - __main__ - INFO - [2025-12-19 17:05:12] Status: ERROR | Text: '' | Job: 0
2025-12-19 17:05:13 - __main__ - INFO - [2025-12-19 17:05:13] Status: ERROR | Text: '' | Job: 0
2025-12-19 17:05:13 - __main__ - INFO - [2025-12-19 17:05:13] Status: ERROR | Text: '' | Job: 0
2025-12-19 17:05:14 - __main__ - INFO - [2025-12-19 17:05:14] Status: ERROR | Text: '' | Job: 0
2025-12-19 17:05:14 - __main__ - INFO - [2025-12-19 17:05:14] Status: ERROR | Text: '' | Job: 0
2025-12-19 17:05:15 - __main__ - INFO - [2025-12-19 17:05:15] Status: ERROR | Text: '' | Job: 0
2025-12-19 17:05:15 - __main__ - INFO - [2025-12-19 17:05:15] Status: ERROR | Text: '' | Job: 0
2025-12-19 17:05:16 - __main__ - INFO - [2025-12-19 17:05:16] Status: ERROR | Text: '' | Job: 0
2025-12-19 17:05:16 - __main__ - INFO - [2025-12-19 17:05:16] Status: ERROR | Text: '' | Job: 0
2025-12-19 17:05:17 - __main__ - INFO - [2025-12-19 17:05:17] Status: ERROR | Text: '' | Job: 0
2025-12-19 17:05:17 - __main__ - INFO - [2025-12-19 17:05:17] Status: ERROR | Text: '' | Job: 0
2025-12-19 17:05:18 - __main__ - INFO - [2025-12-19 17:05:18] Status: ERROR | Text: '' | Job: 0
2025-12-19 17:05:18 - __main__ - INFO - [2025-12-19 17:05:18] Status: ERROR | Text: '' | Job: 0
2025-12-19 17:05:19 - __main__ - INFO - [2025-12-19 17:05:19] Status: ERROR | Text: '' | Job: 0
2025-12-19 17:05:19 - __main__ - INFO - [2025-12-19 17:05:19] Status: ERROR | Text: '' | Job: 0
2025-12-19 17:05:20 - __main__ - INFO - [2025-12-19 17:05:20] Status: ERROR | Text: '' | Job: 0
2025-12-19 17:05:20 - __main__ - INFO - [2025-12-19 17:05:20] Status: ERROR | Text: '' | Job: 0
2025-12-19 17:05:21 - __main__ - INFO - [2025-12-19 17:05:21] Status: ERROR | Text: '' | Job: 0
2025-12-19 17:05:21 - __main__ - INFO - [2025-12-19 17:05:21] Status: ERROR | Text: '' | Job: 0
2025-12-19 17:05:22 - __main__ - INFO - [2025-12-19 17:05:22] Status: ERROR | Text: '' | Job: 0
2025-12-19 17:05:22 - __main__ - INFO - [2025-12-19 17:05:22] Status: ERROR | Text: '' | Job: 0
2025-12-19 17:05:23 - __main__ - INFO - [2025-12-19 17:05:23] Status: ERROR | Text: '' | Job: 0
2025-12-19 17:05:23 - __main__ - INFO - [2025-12-19 17:05:23] Status: ERROR | Text: '' | Job: 0
2025-12-19 17:05:24 - __main__ - INFO - [2025-12-19 17:05:24] Status: ERROR | Text: '' | Job: 0
2025-12-19 17:05:24 - __main__ - INFO - [2025-12-19 17:05:24] Status: ERROR | Text: '' | Job: 0
2025-12-19 17:05:25 - __main__ - INFO - [2025-12-19 17:05:25] Status: ERROR | Text: '' | Job: 0
2025-12-19 17:05:25 - __main__ - INFO - [2025-12-19 17:05:25] Status: ERROR | Text: '' | Job: 0
2025-12-19 17:05:26 - __main__ - INFO - [2025-12-19 17:05:26] Status: ERROR | Text: '' | Job: 0
2025-12-19 17:05:26 - __main__ - INFO - [2025-12-19 17:05:26] Status: ERROR | Text: '' | Job: 0
2025-12-19 17:05:27 - __main__ - INFO - [2025-12-19 17:05:27] Status: ERROR | Text: '' | Job: 0
2025-12-19 17:05:27 - __main__ - INFO - [2025-12-19 17:05:27] Status: ERROR | Text: '' | Job: 0
2025-12-19 17:05:28 - __main__ - INFO - [2025-12-19 17:05:28] Status: ERROR | Text: '' | Job: 0
2025-12-19 17:05:28 - __main__ - INFO - [2025-12-19 17:05:28] Status: ERROR | Text: '' | Job: 0
2025-12-19 17:05:29 - __main__ - INFO - [2025-12-19 17:05:29] Status: ERROR | Text: '' | Job: 0
2025-12-19 17:05:29 - __main__ - INFO - [2025-12-19 17:05:29] Status: ERROR | Text: '' | Job: 0
2025-12-19 17:05:30 - __main__ - INFO - [2025-12-19 17:05:30] Status: ERROR | Text: '' | Job: 0
2025-12-19 17:05:30 - __main__ - INFO - [2025-12-19 17:05:30] Status: ERROR | Text: '' | Job: 0
2025-12-19 17:05:31 - __main__ - INFO - [2025-12-19 17:05:31] Status: ERROR | Text: '' | Job: 0
2025-12-19 17:05:31 - __main__ - INFO - [2025-12-19 17:05:31] Status: ERROR | Text: '' | Job: 0
2025-12-19 17:05:32 - __main__ - INFO - [2025-12-19 17:05:32] Status: ERROR | Text: '' | Job: 0
2025-12-19 17:05:32 - __main__ - INFO - [2025-12-19 17:05:32] Status: ERROR | Text: '' | Job: 0
2025-12-19 17:05:33 - __main__ - INFO - [2025-12-19 17:05:33] Status: ERROR | Text: '' | Job: 0
2025-12-19 17:05:33 - __main__ - INFO - [2025-12-19 17:05:33] Status: ERROR | Text: '' | Job: 0
2025-12-19 17:05:34 - __main__ - INFO - [2025-12-19 17:05:34] Status: ERROR | Text: '' | Job: 0
2025-12-19 17:05:34 - __main__ - INFO - [2025-12-19 17:05:34] Status: ERROR | Text: '' | Job: 0
2025-12-19 17:05:35 - __main__ - INFO - [2025-12-19 17:05:35] Status: ERROR | Text: '' | Job: 0
2025-12-19 17:05:35 - __main__ - INFO - [2025-12-19 17:05:35] Status: ERROR | Text: '' | Job: 0
2025-12-19 17:05:36 - __main__ - INFO - [2025-12-19 17:05:36] Status: ERROR | Text: '' | Job: 0
2025-12-19 17:05:36 - __main__ - INFO - [2025-12-19 17:05:36] Status: ERROR | Text: '' | Job: 0
2025-12-19 17:05:37 - __main__ - INFO - [2025-12-19 17:05:37] Status: ERROR | Text: '' | Job: 0
2025-12-19 17:05:37 - __main__ - INFO - [2025-12-19 17:05:37] Status: ERROR | Text: '' | Job: 0
2025-12-19 17:05:38 - __main__ - INFO - [2025-12-19 17:05:38] Status: ERROR | Text: '' | Job: 0
2025-12-19 17:05:38 - __main__ - INFO - [2025-12-19 17:05:38] Status: ERROR | Text: '' | Job: 0
2025-12-19 17:05:39 - __main__ - INFO - [2025-12-19 17:05:39] Status: ERROR | Text: '' | Job: 0
2025-12-19 17:05:39 - __main__ - INFO - [2025-12-19 17:05:39] Status: ERROR | Text: '' | Job: 0
2025-12-19 17:05:40 - __main__ - INFO - [2025-12-19 17:05:40] Status: ERROR | Text: '' | Job: 0
2025-12-19 17:05:40 - __main__ - INFO - [2025-12-19 17:05:40] Status: ERROR | Text: '' | Job: 0
2025-12-19 17:05:41 - __main__ - INFO - [2025-12-19 17:05:41] Status: ERROR | Text: '' | Job: 0
2025-12-19 17:05:41 - __main__ - INFO - [2025-12-19 17:05:41] Status: ERROR | Text: '' | Job: 0
2025-12-19 17:05:42 - __main__ - INFO - [2025-12-19 17:05:42] Status: ERROR | Text: '' | Job: 0
2025-12-19 17:05:42 - __main__ - INFO - [2025-12-19 17:05:42] Status: ERROR | Text: '' | Job: 0
2025-12-19 17:05:43 - __main__ - INFO - [2025-12-19 17:05:43] Status: ERROR | Text: '' | Job: 0
2025-12-19 17:05:43 - __main__ - INFO - [2025-12-19 17:05:43] Status: ERROR | Text: '' | Job: 0
2025-12-19 17:05:44 - __main__ - INFO - [2025-12-19 17:05:44] Status: ERROR | Text: '' | Job: 0
2025-12-19 17:05:44 - __main__ - INFO - [2025-12-19 17:05:44] Status: ERROR | Text: '' | Job: 0
2025-12-19 17:05:45 - __main__ - INFO - [2025-12-19 17:05:45] Status: ERROR | Text: '' | Job: 0
2025-12-19 17:05:45 - __main__ - INFO - [2025-12-19 17:05:45] Status: ERROR | Text: '' | Job: 0
2025-12-19 17:05:46 - __main__ - INFO - [2025-12-19 17:05:46] Status: ERROR | Text: '' | Job: 0
2025-12-19 17:05:46 - __main__ - INFO - [2025-12-19 17:05:46] Status: ERROR | Text: '' | Job: 0
2025-12-19 17:05:47 - __main__ - INFO - [2025-12-19 17:05:47] Status: ERROR | Text: '' | Job: 0
2025-12-19 17:05:47 - __main__ - INFO - [2025-12-19 17:05:47] Status: ERROR | Text: '' | Job: 0
2025-12-19 17:05:48 - __main__ - INFO - [2025-12-19 17:05:48] Status: ERROR | Text: '' | Job: 0
2025-12-19 17:05:48 - __main__ - INFO - [2025-12-19 17:05:48] Status: ERROR | Text: '' | Job: 0
2025-12-19 17:05:49 - __main__ - INFO - [2025-12-19 17:05:49] Status: ERROR | Text: '' | Job: 0
2025-12-19 17:05:49 - __main__ - INFO - [2025-12-19 17:05:49] Status: ERROR | Text: '' | Job: 0
2025-12-19 17:05:50 - __main__ - INFO - [2025-12-19 17:05:50] Status: ERROR | Text: '' | Job: 0
2025-12-19 17:05:50 - __main__ - INFO - [2025-12-19 17:05:50] Status: ERROR | Text: '' | Job: 0
2025-12-19 17:05:51 - __main__ - INFO - [2025-12-19 17:05:51] Status: ERROR | Text: '' | Job: 0
2025-12-19 17:05:51 - __main__ - INFO - [2025-12-19 17:05:51] Status: ERROR | Text: '' | Job: 0
2025-12-19 17:05:52 - __main__ - INFO - [2025-12-19 17:05:52] Status: ERROR | Text: '' | Job: 0
2025-12-19 17:05:52 - __main__ - INFO - [2025-12-19 17:05:52] Status: ERROR | Text: '' | Job: 0
2025-12-19 17:05:53 - __main__ - INFO - [2025-12-19 17:05:53] Status: ERROR | Text: '' | Job: 0
2025-12-19 17:05:53 - __main__ - INFO - [2025-12-19 17:05:53] Status: ERROR | Text: '' | Job: 0
2025-12-19 17:05:54 - __main__ - INFO - [2025-12-19 17:05:54] Status: ERROR | Text: '' | Job: 0
2025-12-19 17:05:54 - __main__ - INFO - [2025-12-19 17:05:54] Status: ERROR | Text: '' | Job: 0
2025-12-19 17:05:55 - __main__ - INFO - [2025-12-19 17:05:55] Status: ERROR | Text: '' | Job: 0
2025-12-19 17:05:55 - __main__ - INFO - [2025-12-19 17:05:55] Status: ERROR | Text: '' | Job: 0
2025-12-19 17:05:56 - __main__ - INFO - [2025-12-19 17:05:56] Status: ERROR | Text: '' | Job: 0
2025-12-19 17:05:56 - __main__ - INFO - [2025-12-19 17:05:56] Status: ERROR | Text: '' | Job: 0
2025-12-19 17:05:57 - __main__ - INFO - [2025-12-19 17:05:57] Status: ERROR | Text: '' | Job: 0
2025-12-19 17:05:57 - __main__ - INFO - [2025-12-19 17:05:57] Status: ERROR | Text: '' | Job: 0
2025-12-19 17:05:58 - __main__ - INFO - [2025-12-19 17:05:58] Status: ERROR | Text: '' | Job: 0
2025-12-19 17:05:58 - __main__ - INFO - [2025-12-19 17:05:58] Status: ERROR | Text: '' | Job: 0
2025-12-19 17:05:59 - __main__ - INFO - [2025-12-19 17:05:59] Status: ERROR | Text: '' | Job: 0
2025-12-19 17:05:59 - __main__ - INFO - [2025-12-19 17:05:59] Status: ERROR | Text: '' | Job: 0
2025-12-19 17:06:00 - __main__ - INFO - [2025-12-19 17:06:00] Status: ERROR | Text: '' | Job: 0
2025-12-19 17:06:00 - __main__ - INFO - [2025-12-19 17:06:00] Status: ERROR | Text: '' | Job: 0
2025-12-19 17:06:01 - __main__ - INFO - [2025-12-19 17:06:01] Status: ERROR | Text: '' | Job: 0
2025-12-19 17:06:01 - __main__ - INFO - [2025-12-19 17:06:01] Status: ERROR | Text: '' | Job: 0
2025-12-19 17:06:02 - __main__ - INFO - [2025-12-19 17:06:02] Status: ERROR | Text: '' | Job: 0
2025-12-19 17:06:02 - __main__ - INFO - [2025-12-19 17:06:02] Status: ERROR | Text: '' | Job: 0
2025-12-19 17:06:03 - __main__ - INFO - [2025-12-19 17:06:03] Status: ERROR | Text: '' | Job: 0
2025-12-19 17:06:03 - __main__ - INFO - [2025-12-19 17:06:03] Status: ERROR | Text: '' | Job: 0
2025-12-19 17:06:04 - __main__ - INFO - [2025-12-19 17:06:04] Status: ERROR | Text: '' | Job: 0
2025-12-19 17:06:04 - __main__ - INFO - [2025-12-19 17:06:04] Status: ERROR | Text: '' | Job: 0
2025-12-19 17:06:05 - __main__ - INFO - [2025-12-19 17:06:05] Status: ERROR | Text: '' | Job: 0
2025-12-19 17:06:05 - __main__ - INFO - [2025-12-19 17:06:05] Status: ERROR | Text: '' | Job: 0
2025-12-19 17:06:06 - __main__ - INFO - [2025-12-19 17:06:06] Status: ERROR | Text: '' | Job: 0
2025-12-19 17:06:06 - __main__ - INFO - [2025-12-19 17:06:06] Status: ERROR | Text: '' | Job: 0
2025-12-19 17:06:07 - __main__ - INFO - [2025-12-19 17:06:07] Status: ERROR | Text: '' | Job: 0
2025-12-19 17:06:07 - __main__ - INFO - [2025-12-19 17:06:07] Status: ERROR | Text: '' | Job: 0
2025-12-19 17:06:08 - __main__ - INFO - [2025-12-19 17:06:08] Status: ERROR | Text: '' | Job: 0
2025-12-19 17:06:08 - __main__ - INFO - [2025-12-19 17:06:08] Status: ERROR | Text: '' | Job: 0
2025-12-19 17:06:09 - __main__ - INFO - [2025-12-19 17:06:09] Status: ERROR | Text: '' | Job: 0
2025-12-19 17:06:09 - __main__ - INFO - [2025-12-19 17:06:09] Status: ERROR | Text: '' | Job: 0
2025-12-19 17:06:10 - __main__ - INFO - [2025-12-19 17:06:10] Status: ERROR | Text: '' | Job: 0
2025-12-19 17:06:10 - __main__ - INFO - [2025-12-19 17:06:10] Status: ERROR | Text: '' | Job: 0
2025-12-19 17:06:11 - __main__ - INFO - [2025-12-19 17:06:11] Status: ERROR | Text: '' | Job: 0
2025-12-19 17:06:11 - __main__ - INFO - [2025-12-19 17:06:11] Status: ERROR | Text: '' | Job: 0
2025-12-19 17:06:12 - __main__ - INFO - [2025-12-19 17:06:12] Status: ERROR | Text: '' | Job: 0
2025-12-19 17:06:12 - __main__ - INFO - [2025-12-19 17:06:12] Status: ERROR | Text: '' | Job: 0
2025-12-19 17:06:13 - __main__ - INFO - [2025-12-19 17:06:13] Status: ERROR | Text: '' | Job: 0
2025-12-19 17:06:13 - __main__ - INFO - [2025-12-19 17:06:13] Status: ERROR | Text: '' | Job: 0
2025-12-19 17:06:14 - __main__ - INFO - [2025-12-19 17:06:14] Status: ERROR | Text: '' | Job: 0
2025-12-19 17:06:14 - __main__ - INFO - [2025-12-19 17:06:14] Status: ERROR | Text: '' | Job: 0
2025-12-19 17:06:15 - __main__ - INFO - [2025-12-19 17:06:15] Status: ERROR | Text: '' | Job: 0
2025-12-19 17:06:15 - __main__ - INFO - [2025-12-19 17:06:15] Status: ERROR | Text: '' | Job: 0
2025-12-19 17:06:16 - __main__ - INFO - [2025-12-19 17:06:16] Status: ERROR | Text: '' | Job: 0
2025-12-19 17:06:16 - __main__ - INFO - [2025-12-19 17:06:16] Status: ERROR | Text: '' | Job: 0
2025-12-19 17:06:17 - __main__ - INFO - [2025-12-19 17:06:17] Status: ERROR | Text: '' | Job: 0
2025-12-19 17:06:17 - __main__ - INFO - [2025-12-19 17:06:17] Status: ERROR | Text: '' | Job: 0
2025-12-19 17:06:18 - __main__ - INFO - [2025-12-19 17:06:18] Status: ERROR | Text: '' | Job: 0
2025-12-19 17:06:18 - __main__ - INFO - [2025-12-19 17:06:18] Status: ERROR | Text: '' | Job: 0
2025-12-19 17:06:19 - __main__ - INFO - [2025-12-19 17:06:19] Status: ERROR | Text: '' | Job: 0
2025-12-19 17:06:19 - __main__ - INFO - [2025-12-19 17:06:19] Status: ERROR | Text: '' | Job: 0
2025-12-19 17:06:20 - __main__ - INFO - [2025-12-19 17:06:20] Status: ERROR | Text: '' | Job: 0
2025-12-19 17:06:20 - __main__ - INFO - [2025-12-19 17:06:20] Status: ERROR | Text: '' | Job: 0
2025-12-19 17:06:21 - __main__ - INFO - [2025-12-19 17:06:21] Status: ERROR | Text: '' | Job: 0
2025-12-19 17:06:21 - __main__ - INFO - [2025-12-19 17:06:21] Status: ERROR | Text: '' | Job: 0
2025-12-19 17:06:22 - __main__ - INFO - [2025-12-19 17:06:22] Status: ERROR | Text: '' | Job: 0
2025-12-19 17:06:22 - __main__ - INFO - [2025-12-19 17:06:22] Status: ERROR | Text: '' | Job: 0
2025-12-19 17:06:23 - __main__ - INFO - [2025-12-19 17:06:23] Status: ERROR | Text: '' | Job: 0
2025-12-19 17:06:23 - __main__ - INFO - [2025-12-19 17:06:23] Status: ERROR | Text: '' | Job: 0
2025-12-19 17:06:24 - __main__ - INFO - [2025-12-19 17:06:24] Status: ERROR | Text: '' | Job: 0
2025-12-19 17:06:24 - __main__ - INFO - [2025-12-19 17:06:24] Status: ERROR | Text: '' | Job: 0
2025-12-19 17:06:25 - __main__ - INFO - [2025-12-19 17:06:25] Status: ERROR | Text: '' | Job: 0
2025-12-19 17:06:25 - __main__ - INFO - [2025-12-19 17:06:25] Status: ERROR | Text: '' | Job: 0
2025-12-19 17:06:26 - __main__ - INFO - [2025-12-19 17:06:26] Status: ERROR | Text: '' | Job: 0
2025-12-19 17:06:26 - __main__ - INFO - [2025-12-19 17:06:26] Status: ERROR | Text: '' | Job: 0
2025-12-19 17:06:27 - __main__ - INFO - [2025-12-19 17:06:27] Status: ERROR | Text: '' | Job: 0
2025-12-19 17:06:27 - __main__ - INFO - [2025-12-19 17:06:27] Status: ERROR | Text: '' | Job: 0
2025-12-19 17:06:28 - __main__ - INFO - [2025-12-19 17:06:28] Status: ERROR | Text: '' | Job: 0
2025-12-19 17:06:28 - __main__ - INFO - [2025-12-19 17:06:28] Status: ERROR | Text: '' | Job: 0
2025-12-19 17:06:29 - __main__ - INFO - [2025-12-19 17:06:29] Status: ERROR | Text: '' | Job: 0
2025-12-19 17:06:29 - __main__ - INFO - [2025-12-19 17:06:29] Status: ERROR | Text: '' | Job: 0
2025-12-19 17:06:30 - __main__ - INFO - [2025-12-19 17:06:30] Status: ERROR | Text: '' | Job: 0
2025-12-19 17:06:30 - __main__ - INFO - [2025-12-19 17:06:30] Status: ERROR | Text: '' | Job: 0
2025-12-19 17:06:31 - __main__ - INFO - [2025-12-19 17:06:31] Status: ERROR | Text: '' | Job: 0
2025-12-19 17:06:31 - __main__ - INFO - [2025-12-19 17:06:31] Status: ERROR | Text: '' | Job: 0
2025-12-19 17:06:32 - __main__ - INFO - [2025-12-19 17:06:32] Status: ERROR | Text: '' | Job: 0
2025-12-19 17:06:32 - __main__ - INFO - [2025-12-19 17:06:32] Status: ERROR | Text: '' | Job: 0
2025-12-19 17:06:33 - __main__ - INFO - [2025-12-19 17:06:33] Status: ERROR | Text: '' | Job: 0
2025-12-19 17:06:33 - __main__ - INFO - [2025-12-19 17:06:33] Status: ERROR | Text: '' | Job: 0
2025-12-19 17:06:34 - __main__ - INFO - [2025-12-19 17:06:34] Status: ERROR | Text: '' | Job: 0
2025-12-19 17:06:34 - __main__ - INFO - [2025-12-19 17:06:34] Status: ERROR | Text: '' | Job: 0
2025-12-19 17:06:35 - __main__ - INFO - [2025-12-19 17:06:35] Status: ERROR | Text: '' | Job: 0
2025-12-19 17:06:35 - __main__ - INFO - [2025-12-19 17:06:35] Status: ERROR | Text: '' | Job: 0
2025-12-19 17:06:36 - __main__ - INFO - [2025-12-19 17:06:36] Status: ERROR | Text: '' | Job: 0
2025-12-19 17:06:36 - __main__ - INFO - [2025-12-19 17:06:36] Status: ERROR | Text: '' | Job: 0
2025-12-19 17:06:37 - __main__ - INFO - [2025-12-19 17:06:37] Status: ERROR | Text: '' | Job: 0
2025-12-19 17:06:37 - __main__ - INFO - [2025-12-19 17:06:37] Status: ERROR | Text: '' | Job: 0
2025-12-19 17:06:38 - __main__ - INFO - [2025-12-19 17:06:38] Status: ERROR | Text: '' | Job: 0
2025-12-19 17:06:38 - __main__ - INFO - [2025-12-19 17:06:38] Status: ERROR | Text: '' | Job: 0
2025-12-19 17:06:39 - __main__ - INFO - [2025-12-19 17:06:39] Status: ERROR | Text: '' | Job: 0
2025-12-19 17:06:39 - __main__ - INFO - [2025-12-19 17:06:39] Status: ERROR | Text: '' | Job: 0
2025-12-19 17:06:40 - __main__ - INFO - [2025-12-19 17:06:40] Status: ERROR | Text: '' | Job: 0
2025-12-19 17:06:40 - __main__ - INFO - [2025-12-19 17:06:40] Status: ERROR | Text: '' | Job: 0
2025-12-19 17:06:41 - __main__ - INFO - [2025-12-19 17:06:41] Status: ERROR | Text: '' | Job: 0
2025-12-19 17:06:42 - __main__ - INFO - [2025-12-19 17:06:42] Status: ERROR | Text: '' | Job: 0
2025-12-19 17:06:42 - __main__ - INFO - [2025-12-19 17:06:42] Status: ERROR | Text: '' | Job: 0
2025-12-19 17:06:43 - __main__ - INFO - [2025-12-19 17:06:43] Status: ERROR | Text: '' | Job: 0
2025-12-19 17:06:43 - __main__ - INFO - [2025-12-19 17:06:43] Status: ERROR | Text: '' | Job: 0
2025-12-19 17:06:44 - __main__ - INFO - [2025-12-19 17:06:44] Status: ERROR | Text: '' | Job: 0
2025-12-19 17:06:44 - __main__ - INFO - [2025-12-19 17:06:44] Status: ERROR | Text: '' | Job: 0
2025-12-19 17:06:45 - __main__ - INFO - [2025-12-19 17:06:45] Status: ERROR | Text: '' | Job: 0
2025-12-19 17:06:45 - __main__ - INFO - [2025-12-19 17:06:45] Status: ERROR | Text: '' | Job: 0
2025-12-19 17:06:46 - __main__ - INFO - [2025-12-19 17:06:46] Status: ERROR | Text: '' | Job: 0
2025-12-19 17:06:46 - __main__ - INFO - [2025-12-19 17:06:46] Status: ERROR | Text: '' | Job: 0
2025-12-19 17:06:47 - __main__ - INFO - [2025-12-19 17:06:47] Status: ERROR | Text: '' | Job: 0
2025-12-19 17:06:47 - __main__ - INFO - [2025-12-19 17:06:47] Status: ERROR | Text: '' | Job: 0
2025-12-19 17:06:48 - __main__ - INFO - [2025-12-19 17:06:48] Status: ERROR | Text: '' | Job: 0
2025-12-19 17:06:48 - __main__ - INFO - [2025-12-19 17:06:48] Status: ERROR | Text: '' | Job: 0
2025-12-19 17:06:49 - __main__ - INFO - [2025-12-19 17:06:49] Status: ERROR | Text: '' | Job: 0
2025-12-19 17:06:49 - __main__ - INFO - [2025-12-19 17:06:49] Status: ERROR | Text: '' | Job: 0
2025-12-19 17:06:50 - __main__ - INFO - [2025-12-19 17:06:50] Status: ERROR | Text: '' | Job: 0
2025-12-19 17:06:50 - __main__ - INFO - [2025-12-19 17:06:50] Status: ERROR | Text: '' | Job: 0
2025-12-19 17:06:51 - __main__ - INFO - [2025-12-19 17:06:51] Status: ERROR | Text: '' | Job: 0
2025-12-19 17:06:51 - __main__ - INFO - [2025-12-19 17:06:51] Status: ERROR | Text: '' | Job: 0
2025-12-19 17:06:52 - __main__ - INFO - [2025-12-19 17:06:52] Status: ERROR | Text: '' | Job: 0
2025-12-19 17:06:52 - __main__ - INFO - [2025-12-19 17:06:52] Status: ERROR | Text: '' | Job: 0
2025-12-19 17:06:53 - __main__ - INFO - [2025-12-19 17:06:53] Status: ERROR | Text: '' | Job: 0
2025-12-19 17:06:53 - __main__ - INFO - [2025-12-19 17:06:53] Status: ERROR | Text: '' | Job: 0
2025-12-19 17:06:54 - __main__ - INFO - [2025-12-19 17:06:54] Status: ERROR | Text: '' | Job: 0
2025-12-19 17:06:54 - __main__ - INFO - [2025-12-19 17:06:54] Status: ERROR | Text: '' | Job: 0
2025-12-19 17:06:55 - __main__ - INFO - [2025-12-19 17:06:55] Status: ERROR | Text: '' | Job: 0
2025-12-19 17:06:56 - __main__ - INFO - [2025-12-19 17:06:56] Status: ERROR | Text: '' | Job: 0
2025-12-19 17:06:56 - __main__ - INFO - [2025-12-19 17:06:56] Status: ERROR | Text: '' | Job: 0
2025-12-19 17:06:57 - __main__ - INFO - [2025-12-19 17:06:57] Status: ERROR | Text: '' | Job: 0
2025-12-19 17:06:57 - __main__ - INFO - [2025-12-19 17:06:57] Status: ERROR | Text: '' | Job: 0
2025-12-19 17:06:58 - __main__ - INFO - [2025-12-19 17:06:58] Status: ERROR | Text: '' | Job: 0
2025-12-19 17:06:58 - __main__ - INFO - [2025-12-19 17:06:58] Status: ERROR | Text: '' | Job: 0
2025-12-19 17:06:59 - __main__ - INFO - [2025-12-19 17:06:59] Status: ERROR | Text: '' | Job: 0
2025-12-19 17:06:59 - __main__ - INFO - [2025-12-19 17:06:59] Status: ERROR | Text: '' | Job: 0
2025-12-19 17:07:00 - __main__ - INFO - [2025-12-19 17:07:00] Status: ERROR | Text: '' | Job: 0
2025-12-19 17:07:00 - __main__ - INFO - [2025-12-19 17:07:00] Status: ERROR | Text: '' | Job: 0
2025-12-19 17:07:01 - __main__ - INFO - [2025-12-19 17:07:01] Status: ERROR | Text: '' | Job: 0
2025-12-19 17:07:01 - __main__ - INFO - [2025-12-19 17:07:01] Status: ERROR | Text: '' | Job: 0
2025-12-19 17:07:02 - __main__ - INFO - [2025-12-19 17:07:02] Status: ERROR | Text: '' | Job: 0
2025-12-19 17:07:02 - __main__ - INFO - [2025-12-19 17:07:02] Status: ERROR | Text: '' | Job: 0
2025-12-19 17:07:03 - __main__ - INFO - [2025-12-19 17:07:03] Status: ERROR | Text: '' | Job: 0
2025-12-19 17:07:03 - __main__ - INFO - [2025-12-19 17:07:03] Status: ERROR | Text: '' | Job: 0
2025-12-19 17:07:04 - __main__ - INFO - [2025-12-19 17:07:04] Status: ERROR | Text: '' | Job: 0
2025-12-19 17:07:04 - __main__ - INFO - [2025-12-19 17:07:04] Status: ERROR | Text: '' | Job: 0
2025-12-19 17:07:05 - __main__ - INFO - [2025-12-19 17:07:05] Status: ERROR | Text: '' | Job: 0
2025-12-19 17:07:05 - __main__ - INFO - [2025-12-19 17:07:05] Status: ERROR | Text: '' | Job: 0
2025-12-19 17:07:06 - __main__ - INFO - [2025-12-19 17:07:06] Status: ERROR | Text: '' | Job: 0
2025-12-19 17:07:06 - __main__ - INFO - [2025-12-19 17:07:06] Status: ERROR | Text: '' | Job: 0
2025-12-19 17:07:07 - __main__ - INFO - [2025-12-19 17:07:07] Status: ERROR | Text: '' | Job: 0
2025-12-19 17:07:07 - __main__ - INFO - [2025-12-19 17:07:07] Status: ERROR | Text: '' | Job: 0
2025-12-19 17:07:08 - __main__ - INFO - [2025-12-19 17:07:08] Status: ERROR | Text: '' | Job: 0
2025-12-19 17:07:08 - __main__ - INFO - [2025-12-19 17:07:08] Status: ERROR | Text: '' | Job: 0
2025-12-19 17:07:09 - __main__ - INFO - [2025-12-19 17:07:09] Status: ERROR | Text: '' | Job: 0
2025-12-19 17:07:09 - __main__ - INFO - [2025-12-19 17:07:09] Status: ERROR | Text: '' | Job: 0
2025-12-19 17:07:10 - __main__ - INFO - [2025-12-19 17:07:10] Status: ERROR | Text: '' | Job: 0
2025-12-19 17:07:10 - __main__ - INFO - [2025-12-19 17:07:10] Status: ERROR | Text: '' | Job: 0
2025-12-19 17:07:11 - __main__ - INFO - [2025-12-19 17:07:11] Status: ERROR | Text: '' | Job: 0
2025-12-19 17:07:11 - __main__ - INFO - [2025-12-19 17:07:11] Status: ERROR | Text: '' | Job: 0
2025-12-19 17:07:12 - __main__ - INFO - [2025-12-19 17:07:12] Status: ERROR | Text: '' | Job: 0
2025-12-19 17:07:12 - __main__ - INFO - [2025-12-19 17:07:12] Status: ERROR | Text: '' | Job: 0
2025-12-19 17:07:13 - __main__ - INFO - [2025-12-19 17:07:13] Status: ERROR | Text: '' | Job: 0
2025-12-19 17:07:13 - __main__ - INFO - [2025-12-19 17:07:13] Status: ERROR | Text: '' | Job: 0
2025-12-19 17:07:14 - __main__ - INFO - [2025-12-19 17:07:14] Status: ERROR | Text: '' | Job: 0
2025-12-19 17:07:14 - __main__ - INFO - [2025-12-19 17:07:14] Status: ERROR | Text: '' | Job: 0
2025-12-19 17:07:15 - __main__ - INFO - [2025-12-19 17:07:15] Status: ERROR | Text: '' | Job: 0
2025-12-19 17:07:15 - __main__ - INFO - [2025-12-19 17:07:15] Status: ERROR | Text: '' | Job: 0
2025-12-19 17:07:16 - __main__ - INFO - [2025-12-19 17:07:16] Status: ERROR | Text: '' | Job: 0
2025-12-19 17:07:16 - __main__ - INFO - [2025-12-19 17:07:16] Status: ERROR | Text: '' | Job: 0
2025-12-19 17:07:17 - __main__ - INFO - [2025-12-19 17:07:17] Status: ERROR | Text: '' | Job: 0
2025-12-19 17:07:17 - __main__ - INFO - [2025-12-19 17:07:17] Status: ERROR | Text: '' | Job: 0
2025-12-19 17:07:18 - __main__ - INFO - [2025-12-19 17:07:18] Status: ERROR | Text: '' | Job: 0
2025-12-19 17:07:18 - __main__ - INFO - [2025-12-19 17:07:18] Status: ERROR | Text: '' | Job: 0
2025-12-19 17:07:19 - __main__ - INFO - [2025-12-19 17:07:19] Status: ERROR | Text: '' | Job: 0
2025-12-19 17:07:19 - __main__ - INFO - [2025-12-19 17:07:19] Status: ERROR | Text: '' | Job: 0
2025-12-19 17:07:20 - __main__ - INFO - [2025-12-19 17:07:20] Status: ERROR | Text: '' | Job: 0
2025-12-19 17:07:20 - __main__ - INFO - [2025-12-19 17:07:20] Status: ERROR | Text: '' | Job: 0
2025-12-19 17:07:21 - __main__ - INFO - [2025-12-19 17:07:21] Status: ERROR | Text: '' | Job: 0
2025-12-19 17:07:21 - __main__ - INFO - [2025-12-19 17:07:21] Status: ERROR | Text: '' | Job: 0
2025-12-19 17:07:22 - __main__ - INFO - [2025-12-19 17:07:22] Status: ERROR | Text: '' | Job: 0
2025-12-19 17:07:22 - __main__ - INFO - [2025-12-19 17:07:22] Status: ERROR | Text: '' | Job: 0
2025-12-19 17:07:23 - __main__ - INFO - [2025-12-19 17:07:23] Status: ERROR | Text: '' | Job: 0
2025-12-19 17:07:23 - __main__ - INFO - [2025-12-19 17:07:23] Status: ERROR | Text: '' | Job: 0
2025-12-19 17:07:24 - __main__ - INFO - [2025-12-19 17:07:24] Status: ERROR | Text: '' | Job: 0
2025-12-19 17:07:24 - __main__ - INFO - [2025-12-19 17:07:24] Status: ERROR | Text: '' | Job: 0
2025-12-19 17:07:25 - __main__ - INFO - [2025-12-19 17:07:25] Status: ERROR | Text: '' | Job: 0
2025-12-19 17:07:25 - __main__ - INFO - [2025-12-19 17:07:25] Status: ERROR | Text: '' | Job: 0
2025-12-19 17:07:26 - __main__ - INFO - [2025-12-19 17:07:26] Status: ERROR | Text: '' | Job: 0
2025-12-19 17:07:26 - __main__ - INFO - [2025-12-19 17:07:26] Status: ERROR | Text: '' | Job: 0
2025-12-19 17:07:27 - __main__ - INFO - [2025-12-19 17:07:27] Status: ERROR | Text: '' | Job: 0
2025-12-19 17:07:27 - __main__ - INFO - [2025-12-19 17:07:27] Status: ERROR | Text: '' | Job: 0
2025-12-19 17:07:28 - __main__ - INFO - [2025-12-19 17:07:28] Status: ERROR | Text: '' | Job: 0
2025-12-19 17:07:28 - __main__ - INFO - [2025-12-19 17:07:28] Status: ERROR | Text: '' | Job: 0
2025-12-19 17:07:29 - __main__ - INFO - [2025-12-19 17:07:29] Status: ERROR | Text: '' | Job: 0
2025-12-19 17:07:29 - __main__ - INFO - [2025-12-19 17:07:29] Status: ERROR | Text: '' | Job: 0
2025-12-19 17:07:30 - __main__ - INFO - [2025-12-19 17:07:30] Status: ERROR | Text: '' | Job: 0
2025-12-19 17:07:30 - __main__ - INFO - [2025-12-19 17:07:30] Status: ERROR | Text: '' | Job: 0
2025-12-19 17:07:31 - __main__ - INFO - [2025-12-19 17:07:31] Status: ERROR | Text: '' | Job: 0
2025-12-19 17:07:31 - __main__ - INFO - [2025-12-19 17:07:31] Status: ERROR | Text: '' | Job: 0
2025-12-19 17:07:32 - __main__ - INFO - [2025-12-19 17:07:32] Status: ERROR | Text: '' | Job: 0
2025-12-19 17:07:32 - __main__ - INFO - [2025-12-19 17:07:32] Status: ERROR | Text: '' | Job: 0
2025-12-19 17:07:33 - __main__ - INFO - [2025-12-19 17:07:33] Status: ERROR | Text: '' | Job: 0
2025-12-19 17:07:33 - __main__ - INFO - [2025-12-19 17:07:33] Status: ERROR | Text: '' | Job: 0
2025-12-19 17:07:34 - __main__ - INFO - [2025-12-19 17:07:34] Status: ERROR | Text: '' | Job: 0
2025-12-19 17:07:34 - __main__ - INFO - [2025-12-19 17:07:34] Status: ERROR | Text: '' | Job: 0
2025-12-19 17:07:35 - __main__ - INFO - [2025-12-19 17:07:35] Status: ERROR | Text: '' | Job: 0
2025-12-19 17:07:35 - __main__ - INFO - [2025-12-19 17:07:35] Status: ERROR | Text: '' | Job: 0
2025-12-19 17:07:36 - __main__ - INFO - [2025-12-19 17:07:36] Status: ERROR | Text: '' | Job: 0
2025-12-19 17:07:36 - __main__ - INFO - [2025-12-19 17:07:36] Status: ERROR | Text: '' | Job: 0
2025-12-19 17:07:37 - __main__ - INFO - [2025-12-19 17:07:37] Status: ERROR | Text: '' | Job: 0
2025-12-19 17:07:37 - __main__ - INFO - [2025-12-19 17:07:37] Status: ERROR | Text: '' | Job: 0
2025-12-19 17:07:38 - __main__ - INFO - [2025-12-19 17:07:38] Status: ERROR | Text: '' | Job: 0
2025-12-19 17:07:38 - __main__ - INFO - [2025-12-19 17:07:38] Status: ERROR | Text: '' | Job: 0
2025-12-19 17:07:39 - __main__ - INFO - [2025-12-19 17:07:39] Status: ERROR | Text: '' | Job: 0
2025-12-19 17:07:39 - __main__ - INFO - [2025-12-19 17:07:39] Status: ERROR | Text: '' | Job: 0
2025-12-19 17:07:40 - __main__ - INFO - [2025-12-19 17:07:40] Status: ERROR | Text: '' | Job: 0
2025-12-19 17:07:40 - __main__ - INFO - [2025-12-19 17:07:40] Status: ERROR | Text: '' | Job: 0
2025-12-19 17:07:41 - __main__ - INFO - [2025-12-19 17:07:41] Status: ERROR | Text: '' | Job: 0
2025-12-19 17:07:41 - __main__ - INFO - [2025-12-19 17:07:41] Status: ERROR | Text: '' | Job: 0
2025-12-19 17:07:42 - __main__ - INFO - [2025-12-19 17:07:42] Status: ERROR | Text: '' | Job: 0
2025-12-19 17:07:42 - __main__ - INFO - [2025-12-19 17:07:42] Status: ERROR | Text: '' | Job: 0
2025-12-19 17:07:43 - __main__ - INFO - [2025-12-19 17:07:43] Status: ERROR | Text: '' | Job: 0
2025-12-19 17:07:43 - __main__ - INFO - [2025-12-19 17:07:43] Status: ERROR | Text: '' | Job: 0
2025-12-19 17:07:44 - __main__ - INFO - [2025-12-19 17:07:44] Status: ERROR | Text: '' | Job: 0
2025-12-19 17:07:44 - __main__ - INFO - [2025-12-19 17:07:44] Status: ERROR | Text: '' | Job: 0
2025-12-19 17:07:45 - __main__ - INFO - [2025-12-19 17:07:45] Status: ERROR | Text: '' | Job: 0
2025-12-19 17:07:45 - __main__ - INFO - [2025-12-19 17:07:45] Status: ERROR | Text: '' | Job: 0
2025-12-19 17:07:46 - __main__ - INFO - [2025-12-19 17:07:46] Status: ERROR | Text: '' | Job: 0
2025-12-19 17:07:46 - __main__ - INFO - [2025-12-19 17:07:46] Status: ERROR | Text: '' | Job: 0
2025-12-19 17:07:47 - __main__ - INFO - [2025-12-19 17:07:47] Status: ERROR | Text: '' | Job: 0
2025-12-19 17:07:47 - __main__ - INFO - [2025-12-19 17:07:47] Status: ERROR | Text: '' | Job: 0
2025-12-19 17:07:48 - __main__ - INFO - [2025-12-19 17:07:48] Status: ERROR | Text: '' | Job: 0
2025-12-19 17:07:49 - __main__ - INFO - [2025-12-19 17:07:49] Status: ERROR | Text: '' | Job: 0
2025-12-19 17:07:49 - __main__ - INFO - [2025-12-19 17:07:49] Status: ERROR | Text: '' | Job: 0
2025-12-19 17:07:50 - __main__ - INFO - [2025-12-19 17:07:50] Status: ERROR | Text: '' | Job: 0
2025-12-19 17:07:51 - __main__ - INFO - [2025-12-19 17:07:51] Status: ERROR | Text: '' | Job: 0
2025-12-19 17:07:51 - __main__ - INFO - [2025-12-19 17:07:51] Status: ERROR | Text: '' | Job: 0
2025-12-19 17:07:52 - __main__ - INFO - [2025-12-19 17:07:52] Status: ERROR | Text: '' | Job: 0
2025-12-19 17:07:52 - __main__ - INFO - [2025-12-19 17:07:52] Status: ERROR | Text: '' | Job: 0
2025-12-19 17:07:53 - __main__ - INFO - [2025-12-19 17:07:53] Status: ERROR | Text: '' | Job: 0
2025-12-19 17:07:53 - __main__ - INFO - [2025-12-19 17:07:53] Status: ERROR | Text: '' | Job: 0
2025-12-19 17:07:54 - __main__ - INFO - [2025-12-19 17:07:54] Status: ERROR | Text: '' | Job: 0
2025-12-19 17:07:54 - __main__ - INFO - [2025-12-19 17:07:54] Status: ERROR | Text: '' | Job: 0
2025-12-19 17:07:55 - __main__ - INFO - [2025-12-19 17:07:55] Status: ERROR | Text: '' | Job: 0
2025-12-19 17:07:55 - __main__ - INFO - [2025-12-19 17:07:55] Status: ERROR | Text: '' | Job: 0
2025-12-19 17:07:56 - __main__ - INFO - [2025-12-19 17:07:56] Status: ERROR | Text: '' | Job: 0
2025-12-19 17:07:56 - __main__ - INFO - [2025-12-19 17:07:56] Status: ERROR | Text: '' | Job: 0
2025-12-19 17:07:57 - __main__ - INFO - [2025-12-19 17:07:57] Status: ERROR | Text: '' | Job: 0
2025-12-19 17:07:57 - __main__ - INFO - [2025-12-19 17:07:57] Status: ERROR | Text: '' | Job: 0
2025-12-19 17:07:58 - __main__ - INFO - [2025-12-19 17:07:58] Status: ERROR | Text: '' | Job: 0
2025-12-19 17:07:58 - __main__ - INFO - [2025-12-19 17:07:58] Status: ERROR | Text: '' | Job: 0
2025-12-19 17:07:59 - __main__ - INFO - [2025-12-19 17:07:59] Status: ERROR | Text: '' | Job: 0
2025-12-19 17:07:59 - __main__ - INFO - [2025-12-19 17:07:59] Status: ERROR | Text: '' | Job: 0
2025-12-19 17:08:00 - __main__ - INFO - [2025-12-19 17:08:00] Status: ERROR | Text: '' | Job: 0
2025-12-19 17:08:00 - __main__ - INFO - [2025-12-19 17:08:00] Status: ERROR | Text: '' | Job: 0
2025-12-19 17:08:01 - __main__ - INFO - [2025-12-19 17:08:01] Status: ERROR | Text: '' | Job: 0
2025-12-19 17:08:01 - __main__ - INFO - [2025-12-19 17:08:01] Status: ERROR | Text: '' | Job: 0
2025-12-19 17:08:02 - __main__ - INFO - [2025-12-19 17:08:02] Status: ERROR | Text: '' | Job: 0
2025-12-19 17:08:02 - __main__ - INFO - [2025-12-19 17:08:02] Status: ERROR | Text: '' | Job: 0
2025-12-19 17:08:03 - __main__ - INFO - [2025-12-19 17:08:03] Status: ERROR | Text: '' | Job: 0
2025-12-19 17:08:03 - __main__ - INFO - [2025-12-19 17:08:03] Status: ERROR | Text: '' | Job: 0
2025-12-19 17:08:04 - __main__ - INFO - [2025-12-19 17:08:04] Status: ERROR | Text: '' | Job: 0
2025-12-19 17:08:04 - __main__ - INFO - [2025-12-19 17:08:04] Status: ERROR | Text: '' | Job: 0
2025-12-19 17:08:05 - __main__ - INFO - [2025-12-19 17:08:05] Status: ERROR | Text: '' | Job: 0
2025-12-19 17:08:05 - __main__ - INFO - [2025-12-19 17:08:05] Status: ERROR | Text: '' | Job: 0
2025-12-19 17:08:06 - __main__ - INFO - [2025-12-19 17:08:06] Status: ERROR | Text: '' | Job: 0
2025-12-19 17:08:06 - __main__ - INFO - [2025-12-19 17:08:06] Status: ERROR | Text: '' | Job: 0
2025-12-19 17:08:07 - __main__ - INFO - [2025-12-19 17:08:07] Status: ERROR | Text: '' | Job: 0
2025-12-19 17:08:07 - __main__ - INFO - [2025-12-19 17:08:07] Status: ERROR | Text: '' | Job: 0
2025-12-19 17:08:08 - __main__ - INFO - [2025-12-19 17:08:08] Status: ERROR | Text: '' | Job: 0
2025-12-19 17:08:08 - __main__ - INFO - [2025-12-19 17:08:08] Status: ERROR | Text: '' | Job: 0
2025-12-19 17:08:09 - __main__ - INFO - [2025-12-19 17:08:09] Status: ERROR | Text: '' | Job: 0
2025-12-19 17:08:09 - __main__ - INFO - [2025-12-19 17:08:09] Status: ERROR | Text: '' | Job: 0
2025-12-19 17:08:10 - __main__ - INFO - [2025-12-19 17:08:10] Status: ERROR | Text: '' | Job: 0
2025-12-19 17:08:10 - __main__ - INFO - [2025-12-19 17:08:10] Status: ERROR | Text: '' | Job: 0
2025-12-19 17:08:11 - __main__ - INFO - [2025-12-19 17:08:11] Status: ERROR | Text: '' | Job: 0
2025-12-19 17:08:11 - __main__ - INFO - [2025-12-19 17:08:11] Status: ERROR | Text: '' | Job: 0
2025-12-19 17:08:12 - __main__ - INFO - [2025-12-19 17:08:12] Status: ERROR | Text: '' | Job: 0
2025-12-19 17:08:12 - __main__ - INFO - [2025-12-19 17:08:12] Status: ERROR | Text: '' | Job: 0
2025-12-19 17:08:13 - __main__ - INFO - [2025-12-19 17:08:13] Status: ERROR | Text: '' | Job: 0
2025-12-19 17:08:13 - __main__ - INFO - [2025-12-19 17:08:13] Status: ERROR | Text: '' | Job: 0
2025-12-19 17:08:14 - __main__ - INFO - [2025-12-19 17:08:14] Status: ERROR | Text: '' | Job: 0
2025-12-19 17:08:14 - __main__ - INFO - [2025-12-19 17:08:14] Status: ERROR | Text: '' | Job: 0
2025-12-19 17:08:15 - __main__ - INFO - [2025-12-19 17:08:15] Status: ERROR | Text: '' | Job: 0
2025-12-19 17:08:15 - __main__ - INFO - [2025-12-19 17:08:15] Status: ERROR | Text: '' | Job: 0
2025-12-19 17:08:16 - __main__ - INFO - [2025-12-19 17:08:16] Status: ERROR | Text: '' | Job: 0
2025-12-19 17:08:16 - __main__ - INFO - [2025-12-19 17:08:16] Status: ERROR | Text: '' | Job: 0
2025-12-19 17:08:17 - __main__ - INFO - [2025-12-19 17:08:17] Status: ERROR | Text: '' | Job: 0
2025-12-19 17:08:17 - __main__ - INFO - [2025-12-19 17:08:17] Status: ERROR | Text: '' | Job: 0
2025-12-19 17:08:18 - __main__ - INFO - [2025-12-19 17:08:18] Status: ERROR | Text: '' | Job: 0
2025-12-19 17:08:18 - __main__ - INFO - [2025-12-19 17:08:18] Status: ERROR | Text: '' | Job: 0
2025-12-19 17:08:19 - __main__ - INFO - [2025-12-19 17:08:19] Status: ERROR | Text: '' | Job: 0
2025-12-19 17:08:19 - __main__ - INFO - [2025-12-19 17:08:19] Status: ERROR | Text: '' | Job: 0
2025-12-19 17:08:20 - __main__ - INFO - [2025-12-19 17:08:20] Status: ERROR | Text: '' | Job: 0
2025-12-19 17:08:20 - __main__ - INFO - [2025-12-19 17:08:20] Status: ERROR | Text: '' | Job: 0
2025-12-19 17:08:21 - __main__ - INFO - [2025-12-19 17:08:21] Status: ERROR | Text: '' | Job: 0
2025-12-19 17:08:21 - __main__ - INFO - [2025-12-19 17:08:21] Status: ERROR | Text: '' | Job: 0
2025-12-19 17:08:22 - __main__ - INFO - [2025-12-19 17:08:22] Status: ERROR | Text: '' | Job: 0
2025-12-19 17:08:22 - __main__ - INFO - [2025-12-19 17:08:22] Status: ERROR | Text: '' | Job: 0
2025-12-19 17:08:23 - __main__ - INFO - [2025-12-19 17:08:23] Status: ERROR | Text: '' | Job: 0
2025-12-19 17:08:23 - __main__ - INFO - [2025-12-19 17:08:23] Status: ERROR | Text: '' | Job: 0
2025-12-19 17:08:24 - __main__ - INFO - [2025-12-19 17:08:24] Status: ERROR | Text: '' | Job: 0
2025-12-19 17:08:24 - __main__ - INFO - [2025-12-19 17:08:24] Status: ERROR | Text: '' | Job: 0
2025-12-19 17:08:25 - __main__ - INFO - [2025-12-19 17:08:25] Status: ERROR | Text: '' | Job: 0
2025-12-19 17:08:25 - __main__ - INFO - [2025-12-19 17:08:25] Status: ERROR | Text: '' | Job: 0
2025-12-19 17:08:26 - __main__ - INFO - [2025-12-19 17:08:26] Status: ERROR | Text: '' | Job: 0
2025-12-19 17:08:26 - __main__ - INFO - [2025-12-19 17:08:26] Status: ERROR | Text: '' | Job: 0
2025-12-19 17:08:27 - __main__ - INFO - [2025-12-19 17:08:27] Status: ERROR | Text: '' | Job: 0
2025-12-19 17:08:27 - __main__ - INFO - [2025-12-19 17:08:27] Status: ERROR | Text: '' | Job: 0
2025-12-19 17:08:28 - __main__ - INFO - [2025-12-19 17:08:28] Status: ERROR | Text: '' | Job: 0
2025-12-19 17:08:28 - __main__ - INFO - [2025-12-19 17:08:28] Status: ERROR | Text: '' | Job: 0
2025-12-19 17:08:29 - __main__ - INFO - [2025-12-19 17:08:29] Status: ERROR | Text: '' | Job: 0
2025-12-19 17:08:29 - __main__ - INFO - [2025-12-19 17:08:29] Status: ERROR | Text: '' | Job: 0
2025-12-19 17:08:30 - __main__ - INFO - [2025-12-19 17:08:30] Status: ERROR | Text: '' | Job: 0
2025-12-19 17:08:30 - __main__ - INFO - [2025-12-19 17:08:30] Status: ERROR | Text: '' | Job: 0
2025-12-19 17:08:31 - __main__ - INFO - [2025-12-19 17:08:31] Status: ERROR | Text: '' | Job: 0
2025-12-19 17:08:31 - __main__ - INFO - [2025-12-19 17:08:31] Status: ERROR | Text: '' | Job: 0
2025-12-19 17:08:32 - __main__ - INFO - [2025-12-19 17:08:32] Status: ERROR | Text: '' | Job: 0
2025-12-19 17:08:32 - __main__ - INFO - [2025-12-19 17:08:32] Status: ERROR | Text: '' | Job: 0
2025-12-19 17:08:33 - __main__ - INFO - [2025-12-19 17:08:33] Status: ERROR | Text: '' | Job: 0
2025-12-19 17:08:33 - __main__ - INFO - [2025-12-19 17:08:33] Status: ERROR | Text: '' | Job: 0
2025-12-19 17:08:34 - __main__ - INFO - [2025-12-19 17:08:34] Status: ERROR | Text: '' | Job: 0
2025-12-19 17:08:34 - __main__ - INFO - [2025-12-19 17:08:34] Status: ERROR | Text: '' | Job: 0
2025-12-19 17:08:35 - __main__ - INFO - [2025-12-19 17:08:35] Status: ERROR | Text: '' | Job: 0
2025-12-19 17:08:35 - __main__ - INFO - [2025-12-19 17:08:35] Status: ERROR | Text: '' | Job: 0
2025-12-19 17:08:36 - __main__ - INFO - [2025-12-19 17:08:36] Status: ERROR | Text: '' | Job: 0
2025-12-19 17:08:36 - __main__ - INFO - [2025-12-19 17:08:36] Status: ERROR | Text: '' | Job: 0
2025-12-19 17:08:37 - __main__ - INFO - [2025-12-19 17:08:37] Status: ERROR | Text: '' | Job: 0
2025-12-19 17:08:37 - __main__ - INFO - [2025-12-19 17:08:37] Status: ERROR | Text: '' | Job: 0
2025-12-19 17:08:38 - __main__ - INFO - [2025-12-19 17:08:38] Status: ERROR | Text: '' | Job: 0
2025-12-19 17:08:38 - __main__ - INFO - [2025-12-19 17:08:38] Status: ERROR | Text: '' | Job: 0
2025-12-19 17:08:39 - __main__ - INFO - [2025-12-19 17:08:39] Status: ERROR | Text: '' | Job: 0
2025-12-19 17:08:39 - __main__ - INFO - [2025-12-19 17:08:39] Status: ERROR | Text: '' | Job: 0
2025-12-19 17:08:40 - __main__ - INFO - [2025-12-19 17:08:40] Status: ERROR | Text: '' | Job: 0
2025-12-19 17:08:40 - __main__ - INFO - [2025-12-19 17:08:40] Status: ERROR | Text: '' | Job: 0
2025-12-19 17:08:41 - __main__ - INFO - [2025-12-19 17:08:41] Status: ERROR | Text: '' | Job: 0
2025-12-19 17:08:41 - __main__ - INFO - [2025-12-19 17:08:41] Status: ERROR | Text: '' | Job: 0
2025-12-19 17:08:42 - __main__ - INFO - [2025-12-19 17:08:42] Status: ERROR | Text: '' | Job: 0
2025-12-19 17:08:42 - __main__ - INFO - [2025-12-19 17:08:42] Status: ERROR | Text: '' | Job: 0
2025-12-19 17:08:43 - __main__ - INFO - [2025-12-19 17:08:43] Status: ERROR | Text: '' | Job: 0
2025-12-19 17:08:43 - __main__ - INFO - [2025-12-19 17:08:43] Status: ERROR | Text: '' | Job: 0
2025-12-19 17:08:44 - __main__ - INFO - [2025-12-19 17:08:44] Status: ERROR | Text: '' | Job: 0
2025-12-19 17:08:44 - __main__ - INFO - [2025-12-19 17:08:44] Status: ERROR | Text: '' | Job: 0
2025-12-19 17:08:45 - __main__ - INFO - [2025-12-19 17:08:45] Status: ERROR | Text: '' | Job: 0
2025-12-19 17:08:45 - __main__ - INFO - [2025-12-19 17:08:45] Status: ERROR | Text: '' | Job: 0
2025-12-19 17:08:46 - __main__ - INFO - [2025-12-19 17:08:46] Status: ERROR | Text: '' | Job: 0
2025-12-19 17:08:46 - __main__ - INFO - [2025-12-19 17:08:46] Status: ERROR | Text: '' | Job: 0
2025-12-19 17:08:47 - __main__ - INFO - [2025-12-19 17:08:47] Status: ERROR | Text: '' | Job: 0
2025-12-19 17:08:47 - __main__ - INFO - [2025-12-19 17:08:47] Status: ERROR | Text: '' | Job: 0
2025-12-19 17:08:48 - __main__ - INFO - [2025-12-19 17:08:48] Status: ERROR | Text: '' | Job: 0
2025-12-19 17:08:48 - __main__ - INFO - [2025-12-19 17:08:48] Status: ERROR | Text: '' | Job: 0
2025-12-19 17:08:49 - __main__ - INFO - [2025-12-19 17:08:49] Status: ERROR | Text: '' | Job: 0
2025-12-19 17:08:49 - __main__ - INFO - [2025-12-19 17:08:49] Status: ERROR | Text: '' | Job: 0
2025-12-19 17:08:50 - __main__ - INFO - [2025-12-19 17:08:50] Status: ERROR | Text: '' | Job: 0
2025-12-19 17:08:50 - __main__ - INFO - [2025-12-19 17:08:50] Status: ERROR | Text: '' | Job: 0
2025-12-19 17:08:51 - __main__ - INFO - [2025-12-19 17:08:51] Status: ERROR | Text: '' | Job: 0
2025-12-19 17:08:51 - __main__ - INFO - [2025-12-19 17:08:51] Status: ERROR | Text: '' | Job: 0
2025-12-19 17:08:52 - __main__ - INFO - [2025-12-19 17:08:52] Status: ERROR | Text: '' | Job: 0
2025-12-19 17:08:52 - __main__ - INFO - [2025-12-19 17:08:52] Status: ERROR | Text: '' | Job: 0
2025-12-19 17:08:53 - __main__ - INFO - [2025-12-19 17:08:53] Status: ERROR | Text: '' | Job: 0
2025-12-19 17:08:53 - __main__ - INFO - [2025-12-19 17:08:53] Status: ERROR | Text: '' | Job: 0
2025-12-19 17:08:54 - __main__ - INFO - [2025-12-19 17:08:54] Status: ERROR | Text: '' | Job: 0
2025-12-19 17:08:54 - __main__ - INFO - [2025-12-19 17:08:54] Status: ERROR | Text: '' | Job: 0
2025-12-19 17:08:55 - __main__ - INFO - [2025-12-19 17:08:55] Status: ERROR | Text: '' | Job: 0
2025-12-19 17:08:55 - __main__ - INFO - [2025-12-19 17:08:55] Status: ERROR | Text: '' | Job: 0
2025-12-19 17:08:56 - __main__ - INFO - [2025-12-19 17:08:56] Status: ERROR | Text: '' | Job: 0
2025-12-19 17:08:56 - __main__ - INFO - [2025-12-19 17:08:56] Status: ERROR | Text: '' | Job: 0
2025-12-19 17:08:57 - __main__ - INFO - [2025-12-19 17:08:57] Status: ERROR | Text: '' | Job: 0
2025-12-19 17:08:57 - __main__ - INFO - [2025-12-19 17:08:57] Status: ERROR | Text: '' | Job: 0
2025-12-19 17:08:58 - __main__ - INFO - [2025-12-19 17:08:58] Status: ERROR | Text: '' | Job: 0
2025-12-19 17:08:58 - __main__ - INFO - [2025-12-19 17:08:58] Status: ERROR | Text: '' | Job: 0
2025-12-19 17:08:59 - __main__ - INFO - [2025-12-19 17:08:59] Status: ERROR | Text: '' | Job: 0
2025-12-19 17:08:59 - __main__ - INFO - [2025-12-19 17:08:59] Status: ERROR | Text: '' | Job: 0
2025-12-19 17:09:00 - __main__ - INFO - [2025-12-19 17:09:00] Status: ERROR | Text: '' | Job: 0
2025-12-19 17:09:00 - __main__ - INFO - [2025-12-19 17:09:00] Status: ERROR | Text: '' | Job: 0
2025-12-19 17:09:01 - __main__ - INFO - [2025-12-19 17:09:01] Status: ERROR | Text: '' | Job: 0
2025-12-19 17:09:01 - __main__ - INFO - [2025-12-19 17:09:01] Status: ERROR | Text: '' | Job: 0
2025-12-19 17:09:02 - __main__ - INFO - [2025-12-19 17:09:02] Status: ERROR | Text: '' | Job: 0
2025-12-19 17:09:02 - __main__ - INFO - [2025-12-19 17:09:02] Status: ERROR | Text: '' | Job: 0
2025-12-19 17:09:03 - __main__ - INFO - [2025-12-19 17:09:03] Status: ERROR | Text: '' | Job: 0
2025-12-19 17:09:03 - __main__ - INFO - [2025-12-19 17:09:03] Status: ERROR | Text: '' | Job: 0
2025-12-19 17:09:04 - __main__ - INFO - [2025-12-19 17:09:04] Status: ERROR | Text: '' | Job: 0
2025-12-19 17:09:04 - __main__ - INFO - [2025-12-19 17:09:04] Status: ERROR | Text: '' | Job: 0
2025-12-19 17:09:05 - __main__ - INFO - [2025-12-19 17:09:05] Status: ERROR | Text: '' | Job: 0
2025-12-19 17:09:05 - __main__ - INFO - [2025-12-19 17:09:05] Status: ERROR | Text: '' | Job: 0
2025-12-19 17:09:06 - __main__ - INFO - [2025-12-19 17:09:06] Status: ERROR | Text: '' | Job: 0
2025-12-19 17:09:06 - __main__ - INFO - [2025-12-19 17:09:06] Status: ERROR | Text: '' | Job: 0
2025-12-19 17:09:07 - __main__ - INFO - [2025-12-19 17:09:07] Status: ERROR | Text: '' | Job: 0
2025-12-19 17:09:07 - __main__ - INFO - [2025-12-19 17:09:07] Status: ERROR | Text: '' | Job: 0
2025-12-19 17:09:08 - __main__ - INFO - [2025-12-19 17:09:08] Status: ERROR | Text: '' | Job: 0
2025-12-19 17:09:08 - __main__ - INFO - [2025-12-19 17:09:08] Status: ERROR | Text: '' | Job: 0
2025-12-19 17:09:09 - __main__ - INFO - [2025-12-19 17:09:09] Status: ERROR | Text: '' | Job: 0
2025-12-19 17:09:09 - __main__ - INFO - [2025-12-19 17:09:09] Status: ERROR | Text: '' | Job: 0
2025-12-19 17:09:10 - __main__ - INFO - [2025-12-19 17:09:10] Status: ERROR | Text: '' | Job: 0
2025-12-19 17:09:10 - __main__ - INFO - [2025-12-19 17:09:10] Status: ERROR | Text: '' | Job: 0
2025-12-19 17:09:11 - __main__ - INFO - [2025-12-19 17:09:11] Status: ERROR | Text: '' | Job: 0
2025-12-19 17:09:11 - __main__ - INFO - [2025-12-19 17:09:11] Status: ERROR | Text: '' | Job: 0
2025-12-19 17:09:12 - __main__ - INFO - [2025-12-19 17:09:12] Status: ERROR | Text: '' | Job: 0
2025-12-19 17:09:12 - __main__ - INFO - [2025-12-19 17:09:12] Status: ERROR | Text: '' | Job: 0
2025-12-19 17:09:13 - __main__ - INFO - [2025-12-19 17:09:13] Status: ERROR | Text: '' | Job: 0
2025-12-19 17:09:13 - __main__ - INFO - [2025-12-19 17:09:13] Status: ERROR | Text: '' | Job: 0
2025-12-19 17:09:14 - __main__ - INFO - [2025-12-19 17:09:14] Status: ERROR | Text: '' | Job: 0
2025-12-19 17:09:14 - __main__ - INFO - [2025-12-19 17:09:14] Status: ERROR | Text: '' | Job: 0
2025-12-19 17:09:15 - __main__ - INFO - [2025-12-19 17:09:15] Status: ERROR | Text: '' | Job: 0
2025-12-19 17:09:15 - __main__ - INFO - [2025-12-19 17:09:15] Status: ERROR | Text: '' | Job: 0
2025-12-19 17:09:16 - __main__ - INFO - [2025-12-19 17:09:16] Status: ERROR | Text: '' | Job: 0
2025-12-19 17:09:16 - __main__ - INFO - [2025-12-19 17:09:16] Status: ERROR | Text: '' | Job: 0
2025-12-19 17:09:17 - __main__ - INFO - [2025-12-19 17:09:17] Status: ERROR | Text: '' | Job: 0
2025-12-19 17:09:17 - __main__ - INFO - [2025-12-19 17:09:17] Status: ERROR | Text: '' | Job: 0
2025-12-19 17:09:18 - __main__ - INFO - [2025-12-19 17:09:18] Status: ERROR | Text: '' | Job: 0
2025-12-19 17:09:18 - __main__ - INFO - [2025-12-19 17:09:18] Status: ERROR | Text: '' | Job: 0
2025-12-19 17:09:19 - __main__ - INFO - [2025-12-19 17:09:19] Status: ERROR | Text: '' | Job: 0
2025-12-19 17:09:19 - __main__ - INFO - [2025-12-19 17:09:19] Status: ERROR | Text: '' | Job: 0
2025-12-19 17:09:20 - __main__ - INFO - [2025-12-19 17:09:20] Status: ERROR | Text: '' | Job: 0
2025-12-19 17:09:20 - __main__ - INFO - [2025-12-19 17:09:20] Status: ERROR | Text: '' | Job: 0
2025-12-19 17:09:21 - __main__ - INFO - [2025-12-19 17:09:21] Status: ERROR | Text: '' | Job: 0
2025-12-19 17:09:21 - __main__ - INFO - [2025-12-19 17:09:21] Status: ERROR | Text: '' | Job: 0
2025-12-19 17:09:22 - __main__ - INFO - [2025-12-19 17:09:22] Status: ERROR | Text: '' | Job: 0
2025-12-19 17:09:22 - __main__ - INFO - [2025-12-19 17:09:22] Status: ERROR | Text: '' | Job: 0
2025-12-19 17:09:23 - __main__ - INFO - [2025-12-19 17:09:23] Status: ERROR | Text: '' | Job: 0
2025-12-19 17:09:23 - __main__ - INFO - [2025-12-19 17:09:23] Status: ERROR | Text: '' | Job: 0
2025-12-19 17:09:24 - __main__ - INFO - [2025-12-19 17:09:24] Status: ERROR | Text: '' | Job: 0
2025-12-19 17:09:24 - __main__ - INFO - [2025-12-19 17:09:24] Status: ERROR | Text: '' | Job: 0
2025-12-19 17:09:25 - __main__ - INFO - [2025-12-19 17:09:25] Status: ERROR | Text: '' | Job: 0
2025-12-19 17:09:25 - __main__ - INFO - [2025-12-19 17:09:25] Status: ERROR | Text: '' | Job: 0
2025-12-19 17:09:26 - __main__ - INFO - [2025-12-19 17:09:26] Status: ERROR | Text: '' | Job: 0
2025-12-19 17:09:26 - __main__ - INFO - [2025-12-19 17:09:26] Status: ERROR | Text: '' | Job: 0
2025-12-19 17:09:27 - __main__ - INFO - [2025-12-19 17:09:27] Status: ERROR | Text: '' | Job: 0
2025-12-19 17:09:27 - __main__ - INFO - [2025-12-19 17:09:27] Status: ERROR | Text: '' | Job: 0
2025-12-19 17:09:28 - __main__ - INFO - [2025-12-19 17:09:28] Status: ERROR | Text: '' | Job: 0
2025-12-19 17:09:28 - __main__ - INFO - [2025-12-19 17:09:28] Status: ERROR | Text: '' | Job: 0
2025-12-19 17:09:29 - __main__ - INFO - [2025-12-19 17:09:29] Status: ERROR | Text: '' | Job: 0
2025-12-19 17:09:29 - __main__ - INFO - [2025-12-19 17:09:29] Status: ERROR | Text: '' | Job: 0
2025-12-19 17:09:30 - __main__ - INFO - [2025-12-19 17:09:30] Status: ERROR | Text: '' | Job: 0
2025-12-19 17:09:30 - __main__ - INFO - [2025-12-19 17:09:30] Status: ERROR | Text: '' | Job: 0
2025-12-19 17:09:31 - __main__ - INFO - [2025-12-19 17:09:31] Status: ERROR | Text: '' | Job: 0
2025-12-19 17:09:31 - __main__ - INFO - [2025-12-19 17:09:31] Status: ERROR | Text: '' | Job: 0
2025-12-19 17:09:32 - __main__ - INFO - [2025-12-19 17:09:32] Status: ERROR | Text: '' | Job: 0
2025-12-19 17:09:32 - __main__ - INFO - [2025-12-19 17:09:32] Status: ERROR | Text: '' | Job: 0
2025-12-19 17:09:33 - __main__ - INFO - [2025-12-19 17:09:33] Status: ERROR | Text: '' | Job: 0
2025-12-19 17:09:33 - __main__ - INFO - [2025-12-19 17:09:33] Status: ERROR | Text: '' | Job: 0
2025-12-19 17:09:34 - __main__ - INFO - [2025-12-19 17:09:34] Status: ERROR | Text: '' | Job: 0
2025-12-19 17:09:34 - __main__ - INFO - [2025-12-19 17:09:34] Status: ERROR | Text: '' | Job: 0
2025-12-19 17:09:35 - __main__ - INFO - [2025-12-19 17:09:35] Status: ERROR | Text: '' | Job: 0
2025-12-19 17:09:35 - __main__ - INFO - [2025-12-19 17:09:35] Status: ERROR | Text: '' | Job: 0
2025-12-19 17:09:36 - __main__ - INFO - [2025-12-19 17:09:36] Status: ERROR | Text: '' | Job: 0
2025-12-19 17:09:36 - __main__ - INFO - [2025-12-19 17:09:36] Status: ERROR | Text: '' | Job: 0
2025-12-19 17:09:37 - __main__ - INFO - [2025-12-19 17:09:37] Status: ERROR | Text: '' | Job: 0
2025-12-19 17:09:37 - __main__ - INFO - [2025-12-19 17:09:37] Status: ERROR | Text: '' | Job: 0
2025-12-19 17:09:38 - __main__ - INFO - [2025-12-19 17:09:38] Status: ERROR | Text: '' | Job: 0
2025-12-19 17:09:38 - __main__ - INFO - [2025-12-19 17:09:38] Status: ERROR | Text: '' | Job: 0
2025-12-19 17:09:39 - __main__ - INFO - [2025-12-19 17:09:39] Status: ERROR | Text: '' | Job: 0
2025-12-19 17:09:39 - __main__ - INFO - [2025-12-19 17:09:39] Status: ERROR | Text: '' | Job: 0
2025-12-19 17:09:40 - __main__ - INFO - [2025-12-19 17:09:40] Status: ERROR | Text: '' | Job: 0
2025-12-19 17:09:40 - __main__ - INFO - [2025-12-19 17:09:40] Status: ERROR | Text: '' | Job: 0
2025-12-19 17:09:41 - __main__ - INFO - [2025-12-19 17:09:41] Status: ERROR | Text: '' | Job: 0
2025-12-19 17:09:41 - __main__ - INFO - [2025-12-19 17:09:41] Status: ERROR | Text: '' | Job: 0
2025-12-19 17:09:42 - __main__ - INFO - [2025-12-19 17:09:42] Status: ERROR | Text: '' | Job: 0
2025-12-19 17:09:42 - __main__ - INFO - [2025-12-19 17:09:42] Status: ERROR | Text: '' | Job: 0
2025-12-19 17:09:43 - __main__ - INFO - [2025-12-19 17:09:43] Status: ERROR | Text: '' | Job: 0
2025-12-19 17:09:43 - __main__ - INFO - [2025-12-19 17:09:43] Status: ERROR | Text: '' | Job: 0
2025-12-19 17:09:44 - __main__ - INFO - [2025-12-19 17:09:44] Status: ERROR | Text: '' | Job: 0
2025-12-19 17:09:44 - __main__ - INFO - [2025-12-19 17:09:44] Status: ERROR | Text: '' | Job: 0
2025-12-19 17:09:45 - __main__ - INFO - [2025-12-19 17:09:45] Status: ERROR | Text: '' | Job: 0
2025-12-19 17:09:45 - __main__ - INFO - [2025-12-19 17:09:45] Status: ERROR | Text: '' | Job: 0
2025-12-19 17:09:46 - __main__ - INFO - [2025-12-19 17:09:46] Status: ERROR | Text: '' | Job: 0
2025-12-19 17:09:46 - __main__ - INFO - [2025-12-19 17:09:46] Status: ERROR | Text: '' | Job: 0
2025-12-19 17:09:47 - __main__ - INFO - [2025-12-19 17:09:47] Status: ERROR | Text: '' | Job: 0
2025-12-19 17:09:47 - __main__ - INFO - [2025-12-19 17:09:47] Status: ERROR | Text: '' | Job: 0
2025-12-19 17:09:48 - __main__ - INFO - [2025-12-19 17:09:48] Status: ERROR | Text: '' | Job: 0
2025-12-19 17:09:48 - __main__ - INFO - [2025-12-19 17:09:48] Status: ERROR | Text: '' | Job: 0
2025-12-19 17:09:49 - __main__ - INFO - [2025-12-19 17:09:49] Status: ERROR | Text: '' | Job: 0
2025-12-19 17:09:49 - __main__ - INFO - [2025-12-19 17:09:49] Status: ERROR | Text: '' | Job: 0
2025-12-19 17:09:50 - __main__ - INFO - [2025-12-19 17:09:50] Status: ERROR | Text: '' | Job: 0
2025-12-19 17:09:50 - __main__ - INFO - [2025-12-19 17:09:50] Status: ERROR | Text: '' | Job: 0
2025-12-19 17:09:51 - __main__ - INFO - [2025-12-19 17:09:51] Status: ERROR | Text: '' | Job: 0
2025-12-19 17:09:51 - __main__ - INFO - [2025-12-19 17:09:51] Status: ERROR | Text: '' | Job: 0
2025-12-19 17:09:52 - __main__ - INFO - [2025-12-19 17:09:52] Status: ERROR | Text: '' | Job: 0
2025-12-19 17:09:52 - __main__ - INFO - [2025-12-19 17:09:52] Status: ERROR | Text: '' | Job: 0
2025-12-19 17:09:53 - __main__ - INFO - [2025-12-19 17:09:53] Status: ERROR | Text: '' | Job: 0
2025-12-19 17:09:53 - __main__ - INFO - [2025-12-19 17:09:53] Status: ERROR | Text: '' | Job: 0
2025-12-19 17:09:54 - __main__ - INFO - [2025-12-19 17:09:54] Status: ERROR | Text: '' | Job: 0
2025-12-19 17:09:54 - __main__ - INFO - [2025-12-19 17:09:54] Status: ERROR | Text: '' | Job: 0
2025-12-19 17:09:55 - __main__ - INFO - [2025-12-19 17:09:55] Status: ERROR | Text: '' | Job: 0
2025-12-19 17:09:55 - __main__ - INFO - [2025-12-19 17:09:55] Status: ERROR | Text: '' | Job: 0
2025-12-19 17:09:56 - __main__ - INFO - [2025-12-19 17:09:56] Status: ERROR | Text: '' | Job: 0
2025-12-19 17:09:56 - __main__ - INFO - [2025-12-19 17:09:56] Status: ERROR | Text: '' | Job: 0
2025-12-19 17:09:57 - __main__ - INFO - [2025-12-19 17:09:57] Status: ERROR | Text: '' | Job: 0
2025-12-19 17:09:57 - __main__ - INFO - [2025-12-19 17:09:57] Status: ERROR | Text: '' | Job: 0
2025-12-19 17:09:58 - __main__ - INFO - [2025-12-19 17:09:58] Status: ERROR | Text: '' | Job: 0
2025-12-19 17:09:58 - __main__ - INFO - [2025-12-19 17:09:58] Status: ERROR | Text: '' | Job: 0
2025-12-19 17:09:59 - __main__ - INFO - [2025-12-19 17:09:59] Status: ERROR | Text: '' | Job: 0
2025-12-19 17:09:59 - __main__ - INFO - [2025-12-19 17:09:59] Status: ERROR | Text: '' | Job: 0
2025-12-19 17:10:00 - __main__ - INFO - [2025-12-19 17:10:00] Status: ERROR | Text: '' | Job: 0
2025-12-19 17:10:00 - __main__ - INFO - [2025-12-19 17:10:00] Status: ERROR | Text: '' | Job: 0
2025-12-19 17:10:01 - __main__ - INFO - [2025-12-19 17:10:01] Status: ERROR | Text: '' | Job: 0
2025-12-19 17:10:01 - __main__ - INFO - [2025-12-19 17:10:01] Status: ERROR | Text: '' | Job: 0
2025-12-19 17:10:02 - __main__ - INFO - [2025-12-19 17:10:02] Status: ERROR | Text: '' | Job: 0
2025-12-19 17:10:02 - __main__ - INFO - [2025-12-19 17:10:02] Status: ERROR | Text: '' | Job: 0
2025-12-19 17:10:03 - __main__ - INFO - [2025-12-19 17:10:03] Status: ERROR | Text: '' | Job: 0
2025-12-19 17:10:03 - __main__ - INFO - [2025-12-19 17:10:03] Status: ERROR | Text: '' | Job: 0
2025-12-19 17:10:04 - __main__ - INFO - [2025-12-19 17:10:04] Status: ERROR | Text: '' | Job: 0
2025-12-19 17:10:04 - __main__ - INFO - [2025-12-19 17:10:04] Status: ERROR | Text: '' | Job: 0
2025-12-19 17:10:05 - __main__ - INFO - [2025-12-19 17:10:05] Status: ERROR | Text: '' | Job: 0
2025-12-19 17:10:05 - __main__ - INFO - [2025-12-19 17:10:05] Status: ERROR | Text: '' | Job: 0
2025-12-19 17:10:06 - __main__ - INFO - [2025-12-19 17:10:06] Status: ERROR | Text: '' | Job: 0
2025-12-19 17:10:06 - __main__ - INFO - [2025-12-19 17:10:06] Status: ERROR | Text: '' | Job: 0
2025-12-19 17:10:07 - __main__ - INFO - [2025-12-19 17:10:07] Status: ERROR | Text: '' | Job: 0
2025-12-19 17:10:07 - __main__ - INFO - [2025-12-19 17:10:07] Status: ERROR | Text: '' | Job: 0
2025-12-19 17:10:08 - __main__ - INFO - [2025-12-19 17:10:08] Status: ERROR | Text: '' | Job: 0
2025-12-19 17:10:08 - __main__ - INFO - [2025-12-19 17:10:08] Status: ERROR | Text: '' | Job: 0
2025-12-19 17:10:09 - __main__ - INFO - [2025-12-19 17:10:09] Status: ERROR | Text: '' | Job: 0
2025-12-19 17:10:09 - __main__ - INFO - [2025-12-19 17:10:09] Status: ERROR | Text: '' | Job: 0
2025-12-19 17:10:10 - __main__ - INFO - [2025-12-19 17:10:10] Status: ERROR | Text: '' | Job: 0
2025-12-19 17:10:10 - __main__ - INFO - [2025-12-19 17:10:10] Status: ERROR | Text: '' | Job: 0
2025-12-19 17:10:11 - __main__ - INFO - [2025-12-19 17:10:11] Status: ERROR | Text: '' | Job: 0
2025-12-19 17:10:12 - __main__ - INFO - [2025-12-19 17:10:12] Status: ERROR | Text: '' | Job: 0
2025-12-19 17:10:12 - __main__ - INFO - [2025-12-19 17:10:12] Status: ERROR | Text: '' | Job: 0
2025-12-19 17:10:13 - __main__ - INFO - [2025-12-19 17:10:13] Status: ERROR | Text: '' | Job: 0
2025-12-19 17:10:13 - __main__ - INFO - [2025-12-19 17:10:13] Status: ERROR | Text: '' | Job: 0
2025-12-19 17:10:14 - __main__ - INFO - [2025-12-19 17:10:14] Status: ERROR | Text: '' | Job: 0
2025-12-19 17:10:14 - __main__ - INFO - [2025-12-19 17:10:14] Status: ERROR | Text: '' | Job: 0
2025-12-19 17:10:15 - __main__ - INFO - [2025-12-19 17:10:15] Status: ERROR | Text: '' | Job: 0
2025-12-19 17:10:15 - __main__ - INFO - [2025-12-19 17:10:15] Status: ERROR | Text: '' | Job: 0
2025-12-19 17:10:16 - __main__ - INFO - [2025-12-19 17:10:16] Status: ERROR | Text: '' | Job: 0
2025-12-19 17:10:16 - __main__ - INFO - [2025-12-19 17:10:16] Status: ERROR | Text: '' | Job: 0
2025-12-19 17:10:17 - __main__ - INFO - [2025-12-19 17:10:17] Status: ERROR | Text: '' | Job: 0
2025-12-19 17:10:17 - __main__ - INFO - [2025-12-19 17:10:17] Status: ERROR | Text: '' | Job: 0
2025-12-19 17:10:18 - __main__ - INFO - [2025-12-19 17:10:18] Status: ERROR | Text: '' | Job: 0
2025-12-19 17:10:18 - __main__ - INFO - [2025-12-19 17:10:18] Status: ERROR | Text: '' | Job: 0
2025-12-19 17:10:19 - __main__ - INFO - [2025-12-19 17:10:19] Status: ERROR | Text: '' | Job: 0
2025-12-19 17:10:19 - __main__ - INFO - [2025-12-19 17:10:19] Status: ERROR | Text: '' | Job: 0
2025-12-19 17:10:20 - __main__ - INFO - [2025-12-19 17:10:20] Status: ERROR | Text: '' | Job: 0
2025-12-19 17:10:20 - __main__ - INFO - [2025-12-19 17:10:20] Status: ERROR | Text: '' | Job: 0
2025-12-19 17:10:21 - __main__ - INFO - [2025-12-19 17:10:21] Status: ERROR | Text: '' | Job: 0
2025-12-19 17:10:21 - __main__ - INFO - [2025-12-19 17:10:21] Status: ERROR | Text: '' | Job: 0
2025-12-19 17:10:22 - __main__ - INFO - [2025-12-19 17:10:22] Status: ERROR | Text: '' | Job: 0
2025-12-19 17:10:22 - __main__ - INFO - [2025-12-19 17:10:22] Status: ERROR | Text: '' | Job: 0
2025-12-19 17:10:23 - __main__ - INFO - [2025-12-19 17:10:23] Status: ERROR | Text: '' | Job: 0
2025-12-19 17:10:23 - __main__ - INFO - [2025-12-19 17:10:23] Status: ERROR | Text: '' | Job: 0
2025-12-19 17:10:24 - __main__ - INFO - [2025-12-19 17:10:24] Status: ERROR | Text: '' | Job: 0
2025-12-19 17:10:25 - __main__ - INFO - [2025-12-19 17:10:25] Status: ERROR | Text: '' | Job: 0
2025-12-19 17:10:25 - __main__ - INFO - [2025-12-19 17:10:25] Status: ERROR | Text: '' | Job: 0
2025-12-19 17:10:26 - __main__ - INFO - [2025-12-19 17:10:26] Status: ERROR | Text: '' | Job: 0
2025-12-19 17:10:26 - __main__ - INFO - [2025-12-19 17:10:26] Status: ERROR | Text: '' | Job: 0
2025-12-19 17:10:27 - __main__ - INFO - [2025-12-19 17:10:27] Status: ERROR | Text: '' | Job: 0
2025-12-19 17:10:27 - __main__ - INFO - [2025-12-19 17:10:27] Status: ERROR | Text: '' | Job: 0
2025-12-19 17:10:28 - __main__ - INFO - [2025-12-19 17:10:28] Status: ERROR | Text: '' | Job: 0
2025-12-19 17:10:28 - __main__ - INFO - [2025-12-19 17:10:28] Status: ERROR | Text: '' | Job: 0
2025-12-19 17:10:29 - __main__ - INFO - [2025-12-19 17:10:29] Status: ERROR | Text: '' | Job: 0
2025-12-19 17:10:29 - __main__ - INFO - [2025-12-19 17:10:29] Status: ERROR | Text: '' | Job: 0
2025-12-19 17:10:30 - __main__ - INFO - [2025-12-19 17:10:30] Status: ERROR | Text: '' | Job: 0
2025-12-19 17:10:30 - __main__ - INFO - [2025-12-19 17:10:30] Status: ERROR | Text: '' | Job: 0
2025-12-19 17:10:31 - __main__ - INFO - [2025-12-19 17:10:31] Status: ERROR | Text: '' | Job: 0
2025-12-19 17:10:31 - __main__ - INFO - [2025-12-19 17:10:31] Status: ERROR | Text: '' | Job: 0
2025-12-19 17:10:32 - __main__ - INFO - [2025-12-19 17:10:32] Status: ERROR | Text: '' | Job: 0
2025-12-19 17:10:32 - __main__ - INFO - [2025-12-19 17:10:32] Status: ERROR | Text: '' | Job: 0
2025-12-19 17:10:33 - __main__ - INFO - [2025-12-19 17:10:33] Status: ERROR | Text: '' | Job: 0
2025-12-19 17:10:33 - __main__ - INFO - [2025-12-19 17:10:33] Status: ERROR | Text: '' | Job: 0
2025-12-19 17:10:34 - __main__ - INFO - [2025-12-19 17:10:34] Status: ERROR | Text: '' | Job: 0
2025-12-19 17:10:34 - __main__ - INFO - [2025-12-19 17:10:34] Status: ERROR | Text: '' | Job: 0
2025-12-19 17:10:35 - __main__ - INFO - [2025-12-19 17:10:35] Status: ERROR | Text: '' | Job: 0
2025-12-19 17:10:35 - __main__ - INFO - [2025-12-19 17:10:35] Status: ERROR | Text: '' | Job: 0
2025-12-19 17:10:36 - __main__ - INFO - [2025-12-19 17:10:36] Status: ERROR | Text: '' | Job: 0
2025-12-19 17:10:36 - __main__ - INFO - [2025-12-19 17:10:36] Status: ERROR | Text: '' | Job: 0
2025-12-19 17:10:37 - __main__ - INFO - [2025-12-19 17:10:37] Status: ERROR | Text: '' | Job: 0
2025-12-19 17:10:37 - __main__ - INFO - [2025-12-19 17:10:37] Status: ERROR | Text: '' | Job: 0
2025-12-19 17:10:38 - __main__ - INFO - [2025-12-19 17:10:38] Status: ERROR | Text: '' | Job: 0
2025-12-19 17:10:38 - __main__ - INFO - [2025-12-19 17:10:38] Status: ERROR | Text: '' | Job: 0
2025-12-19 17:10:39 - __main__ - INFO - [2025-12-19 17:10:39] Status: ERROR | Text: '' | Job: 0
2025-12-19 17:10:39 - __main__ - INFO - [2025-12-19 17:10:39] Status: ERROR | Text: '' | Job: 0
2025-12-19 17:10:40 - __main__ - INFO - [2025-12-19 17:10:40] Status: ERROR | Text: '' | Job: 0
2025-12-19 17:10:40 - __main__ - INFO - [2025-12-19 17:10:40] Status: ERROR | Text: '' | Job: 0
2025-12-19 17:10:41 - __main__ - INFO - [2025-12-19 17:10:41] Status: ERROR | Text: '' | Job: 0
2025-12-19 17:10:41 - __main__ - INFO - [2025-12-19 17:10:41] Status: ERROR | Text: '' | Job: 0
2025-12-19 17:10:42 - __main__ - INFO - [2025-12-19 17:10:42] Status: ERROR | Text: '' | Job: 0
2025-12-19 17:10:42 - __main__ - INFO - [2025-12-19 17:10:42] Status: ERROR | Text: '' | Job: 0
2025-12-19 17:10:43 - __main__ - INFO - [2025-12-19 17:10:43] Status: ERROR | Text: '' | Job: 0
2025-12-19 17:10:44 - __main__ - INFO - [2025-12-19 17:10:44] Status: ERROR | Text: '' | Job: 0
2025-12-19 17:10:44 - __main__ - INFO - [2025-12-19 17:10:44] Status: ERROR | Text: '' | Job: 0
2025-12-19 17:10:45 - __main__ - INFO - [2025-12-19 17:10:45] Status: ERROR | Text: '' | Job: 0
2025-12-19 17:10:45 - __main__ - INFO - [2025-12-19 17:10:45] Status: ERROR | Text: '' | Job: 0
2025-12-19 17:10:46 - __main__ - INFO - [2025-12-19 17:10:46] Status: ERROR | Text: '' | Job: 0
2025-12-19 17:10:46 - __main__ - INFO - [2025-12-19 17:10:46] Status: ERROR | Text: '' | Job: 0
2025-12-19 17:10:47 - __main__ - INFO - [2025-12-19 17:10:47] Status: ERROR | Text: '' | Job: 0
2025-12-19 17:10:48 - __main__ - INFO - [2025-12-19 17:10:48] Status: ERROR | Text: '' | Job: 0
2025-12-19 17:10:48 - __main__ - INFO - [2025-12-19 17:10:48] Status: ERROR | Text: '' | Job: 0
2025-12-19 17:10:49 - __main__ - INFO - [2025-12-19 17:10:49] Status: ERROR | Text: '' | Job: 0
2025-12-19 17:10:49 - __main__ - INFO - [2025-12-19 17:10:49] Status: ERROR | Text: '' | Job: 0
2025-12-19 17:10:50 - __main__ - INFO - [2025-12-19 17:10:50] Status: ERROR | Text: '' | Job: 0
2025-12-19 17:10:50 - __main__ - INFO - [2025-12-19 17:10:50] Status: ERROR | Text: '' | Job: 0
2025-12-19 17:10:51 - __main__ - INFO - [2025-12-19 17:10:51] Status: ERROR | Text: '' | Job: 0
2025-12-19 17:10:51 - __main__ - INFO - [2025-12-19 17:10:51] Status: ERROR | Text: '' | Job: 0
2025-12-19 17:10:52 - __main__ - INFO - [2025-12-19 17:10:52] Status: ERROR | Text: '' | Job: 0
2025-12-19 17:10:52 - __main__ - INFO - [2025-12-19 17:10:52] Status: ERROR | Text: '' | Job: 0
2025-12-19 17:10:53 - __main__ - INFO - [2025-12-19 17:10:53] Status: ERROR | Text: '' | Job: 0
2025-12-19 17:10:53 - __main__ - INFO - [2025-12-19 17:10:53] Status: ERROR | Text: '' | Job: 0
2025-12-19 17:10:54 - __main__ - INFO - [2025-12-19 17:10:54] Status: ERROR | Text: '' | Job: 0
2025-12-19 17:10:54 - __main__ - INFO - [2025-12-19 17:10:54] Status: ERROR | Text: '' | Job: 0
2025-12-19 17:10:55 - __main__ - INFO - [2025-12-19 17:10:55] Status: ERROR | Text: '' | Job: 0
2025-12-19 17:10:55 - __main__ - INFO - [2025-12-19 17:10:55] Status: ERROR | Text: '' | Job: 0
2025-12-19 17:10:56 - __main__ - INFO - [2025-12-19 17:10:56] Status: ERROR | Text: '' | Job: 0
2025-12-19 17:10:56 - __main__ - INFO - [2025-12-19 17:10:56] Status: ERROR | Text: '' | Job: 0
2025-12-19 17:10:57 - __main__ - INFO - [2025-12-19 17:10:57] Status: ERROR | Text: '' | Job: 0
2025-12-19 17:10:57 - __main__ - INFO - [2025-12-19 17:10:57] Status: ERROR | Text: '' | Job: 0
2025-12-19 17:10:58 - __main__ - INFO - [2025-12-19 17:10:58] Status: ERROR | Text: '' | Job: 0
2025-12-19 17:10:58 - __main__ - INFO - [2025-12-19 17:10:58] Status: ERROR | Text: '' | Job: 0
2025-12-19 17:11:04 - __main__ - INFO - [2025-12-19 17:11:04] Status: ERROR | Text: '' | Job: 0
2025-12-19 17:11:04 - __main__ - INFO - [2025-12-19 17:11:04] Status: ERROR | Text: '' | Job: 0
2025-12-19 17:11:05 - __main__ - INFO - [2025-12-19 17:11:05] Status: ERROR | Text: '' | Job: 0
2025-12-19 17:11:05 - __main__ - INFO - [2025-12-19 17:11:05] Status: ERROR | Text: '' | Job: 0
2025-12-19 17:11:06 - __main__ - INFO - [2025-12-19 17:11:06] Status: ERROR | Text: '' | Job: 0
2025-12-19 17:11:06 - __main__ - INFO - [2025-12-19 17:11:06] Status: ERROR | Text: '' | Job: 0
2025-12-19 17:11:07 - __main__ - INFO - [2025-12-19 17:11:07] Status: ERROR | Text: '' | Job: 0
2025-12-19 17:11:07 - __main__ - INFO - [2025-12-19 17:11:07] Status: ERROR | Text: '' | Job: 0
2025-12-19 17:11:08 - __main__ - INFO - [2025-12-19 17:11:08] Status: ERROR | Text: '' | Job: 0
2025-12-19 17:11:08 - __main__ - INFO - [2025-12-19 17:11:08] Status: ERROR | Text: '' | Job: 0
2025-12-19 17:11:09 - __main__ - INFO - [2025-12-19 17:11:09] Status: ERROR | Text: '' | Job: 0
2025-12-19 17:11:09 - __main__ - INFO - [2025-12-19 17:11:09] Status: ERROR | Text: '' | Job: 0
2025-12-19 17:11:10 - __main__ - INFO - [2025-12-19 17:11:10] Status: ERROR | Text: '' | Job: 0
2025-12-19 17:11:10 - __main__ - INFO - [2025-12-19 17:11:10] Status: ERROR | Text: '' | Job: 0
2025-12-19 17:11:11 - __main__ - INFO - [2025-12-19 17:11:11] Status: ERROR | Text: '' | Job: 0
2025-12-19 17:11:11 - __main__ - INFO - [2025-12-19 17:11:11] Status: ERROR | Text: '' | Job: 0
2025-12-19 17:11:12 - __main__ - INFO - [2025-12-19 17:11:12] Status: ERROR | Text: '' | Job: 0
2025-12-19 17:11:12 - __main__ - INFO - [2025-12-19 17:11:12] Status: ERROR | Text: '' | Job: 0
2025-12-19 17:11:13 - __main__ - INFO - [2025-12-19 17:11:13] Status: ERROR | Text: '' | Job: 0
2025-12-19 17:11:13 - __main__ - INFO - [2025-12-19 17:11:13] Status: ERROR | Text: '' | Job: 0
2025-12-19 17:11:14 - __main__ - INFO - [2025-12-19 17:11:14] Status: ERROR | Text: '' | Job: 0
2025-12-19 17:11:14 - __main__ - INFO - [2025-12-19 17:11:14] Status: ERROR | Text: '' | Job: 0
2025-12-19 17:11:15 - __main__ - INFO - [2025-12-19 17:11:15] Status: ERROR | Text: '' | Job: 0
2025-12-19 17:11:15 - __main__ - INFO - [2025-12-19 17:11:15] Status: ERROR | Text: '' | Job: 0
2025-12-19 17:11:16 - __main__ - INFO - [2025-12-19 17:11:16] Status: ERROR | Text: '' | Job: 0
2025-12-19 17:11:16 - __main__ - INFO - [2025-12-19 17:11:16] Status: ERROR | Text: '' | Job: 0
2025-12-19 17:11:17 - __main__ - INFO - [2025-12-19 17:11:17] Status: ERROR | Text: '' | Job: 0
2025-12-19 17:11:17 - __main__ - INFO - [2025-12-19 17:11:17] Status: ERROR | Text: '' | Job: 0
2025-12-19 17:11:18 - __main__ - INFO - [2025-12-19 17:11:18] Status: ERROR | Text: '' | Job: 0
2025-12-19 17:11:18 - __main__ - INFO - [2025-12-19 17:11:18] Status: ERROR | Text: '' | Job: 0
2025-12-19 17:11:19 - __main__ - INFO - [2025-12-19 17:11:19] Status: ERROR | Text: '' | Job: 0
2025-12-19 17:11:19 - __main__ - INFO - [2025-12-19 17:11:19] Status: ERROR | Text: '' | Job: 0
2025-12-19 17:11:20 - __main__ - INFO - [2025-12-19 17:11:20] Status: ERROR | Text: '' | Job: 0
2025-12-19 17:11:20 - __main__ - INFO - [2025-12-19 17:11:20] Status: ERROR | Text: '' | Job: 0
2025-12-19 17:11:21 - __main__ - INFO - [2025-12-19 17:11:21] Status: ERROR | Text: '' | Job: 0
2025-12-19 17:11:21 - __main__ - INFO - [2025-12-19 17:11:21] Status: ERROR | Text: '' | Job: 0
2025-12-19 17:11:22 - __main__ - INFO - [2025-12-19 17:11:22] Status: ERROR | Text: '' | Job: 0
2025-12-19 17:11:22 - __main__ - INFO - [2025-12-19 17:11:22] Status: ERROR | Text: '' | Job: 0
2025-12-19 17:11:23 - __main__ - INFO - [2025-12-19 17:11:23] Status: ERROR | Text: '' | Job: 0
2025-12-19 17:11:23 - __main__ - INFO - [2025-12-19 17:11:23] Status: ERROR | Text: '' | Job: 0
2025-12-19 17:11:24 - __main__ - INFO - [2025-12-19 17:11:24] Status: ERROR | Text: '' | Job: 0
2025-12-19 17:11:24 - __main__ - INFO - [2025-12-19 17:11:24] Status: ERROR | Text: '' | Job: 0
2025-12-19 17:11:25 - __main__ - INFO - [2025-12-19 17:11:25] Status: ERROR | Text: '' | Job: 0
2025-12-19 17:11:25 - __main__ - INFO - [2025-12-19 17:11:25] Status: ERROR | Text: '' | Job: 0
2025-12-19 17:11:26 - __main__ - INFO - [2025-12-19 17:11:26] Status: ERROR | Text: '' | Job: 0
2025-12-19 17:11:26 - __main__ - INFO - [2025-12-19 17:11:26] Status: ERROR | Text: '' | Job: 0
2025-12-19 17:11:27 - __main__ - INFO - [2025-12-19 17:11:27] Status: ERROR | Text: '' | Job: 0
2025-12-19 17:11:27 - __main__ - INFO - [2025-12-19 17:11:27] Status: ERROR | Text: '' | Job: 0
2025-12-19 17:11:28 - __main__ - INFO - [2025-12-19 17:11:28] Status: ERROR | Text: '' | Job: 0
2025-12-19 17:11:28 - __main__ - INFO - [2025-12-19 17:11:28] Status: ERROR | Text: '' | Job: 0
2025-12-19 17:11:29 - __main__ - INFO - [2025-12-19 17:11:29] Status: ERROR | Text: '' | Job: 0
2025-12-19 17:11:29 - __main__ - INFO - [2025-12-19 17:11:29] Status: ERROR | Text: '' | Job: 0
2025-12-19 17:11:30 - __main__ - INFO - [2025-12-19 17:11:30] Status: ERROR | Text: '' | Job: 0
2025-12-19 17:11:30 - __main__ - INFO - [2025-12-19 17:11:30] Status: ERROR | Text: '' | Job: 0
2025-12-19 17:11:31 - __main__ - INFO - [2025-12-19 17:11:31] Status: ERROR | Text: '' | Job: 0
2025-12-19 17:11:31 - __main__ - INFO - [2025-12-19 17:11:31] Status: ERROR | Text: '' | Job: 0
2025-12-19 17:11:32 - __main__ - INFO - [2025-12-19 17:11:32] Status: ERROR | Text: '' | Job: 0
2025-12-19 17:11:32 - __main__ - INFO - [2025-12-19 17:11:32] Status: ERROR | Text: '' | Job: 0
2025-12-19 17:11:33 - __main__ - INFO - [2025-12-19 17:11:33] Status: ERROR | Text: '' | Job: 0
2025-12-19 17:11:33 - __main__ - INFO - [2025-12-19 17:11:33] Status: ERROR | Text: '' | Job: 0
2025-12-19 17:11:34 - __main__ - INFO - [2025-12-19 17:11:34] Status: ERROR | Text: '' | Job: 0
2025-12-19 17:11:34 - __main__ - INFO - [2025-12-19 17:11:34] Status: ERROR | Text: '' | Job: 0
2025-12-19 17:11:35 - __main__ - INFO - [2025-12-19 17:11:35] Status: ERROR | Text: '' | Job: 0
2025-12-19 17:11:35 - __main__ - INFO - [2025-12-19 17:11:35] Status: ERROR | Text: '' | Job: 0
2025-12-19 17:11:37 - __main__ - INFO - [2025-12-19 17:11:37] Status: ERROR | Text: '' | Job: 0
2025-12-19 17:11:37 - __main__ - INFO - [2025-12-19 17:11:37] Status: ERROR | Text: '' | Job: 0
2025-12-19 17:11:38 - __main__ - INFO - [2025-12-19 17:11:38] Status: ERROR | Text: '' | Job: 0
2025-12-19 17:11:38 - __main__ - INFO - [2025-12-19 17:11:38] Status: ERROR | Text: '' | Job: 0
2025-12-19 17:11:39 - __main__ - INFO - [2025-12-19 17:11:39] Status: ERROR | Text: '' | Job: 0
2025-12-19 17:11:39 - __main__ - INFO - [2025-12-19 17:11:39] Status: ERROR | Text: '' | Job: 0
2025-12-19 17:11:40 - __main__ - INFO - [2025-12-19 17:11:40] Status: ERROR | Text: '' | Job: 0
2025-12-19 17:11:40 - __main__ - INFO - [2025-12-19 17:11:40] Status: ERROR | Text: '' | Job: 0
2025-12-19 17:11:41 - __main__ - INFO - [2025-12-19 17:11:41] Status: ERROR | Text: '' | Job: 0
2025-12-19 17:11:41 - __main__ - INFO - [2025-12-19 17:11:41] Status: ERROR | Text: '' | Job: 0
2025-12-19 17:11:42 - __main__ - INFO - [2025-12-19 17:11:42] Status: ERROR | Text: '' | Job: 0
2025-12-19 17:11:42 - __main__ - INFO - [2025-12-19 17:11:42] Status: ERROR | Text: '' | Job: 0
2025-12-19 17:11:43 - __main__ - INFO - [2025-12-19 17:11:43] Status: ERROR | Text: '' | Job: 0
2025-12-19 17:11:43 - __main__ - INFO - [2025-12-19 17:11:43] Status: ERROR | Text: '' | Job: 0
2025-12-19 17:11:44 - __main__ - INFO - [2025-12-19 17:11:44] Status: ERROR | Text: '' | Job: 0
2025-12-19 17:11:44 - __main__ - INFO - [2025-12-19 17:11:44] Status: ERROR | Text: '' | Job: 0
2025-12-19 17:11:45 - __main__ - INFO - [2025-12-19 17:11:45] Status: ERROR | Text: '' | Job: 0
2025-12-19 17:11:45 - __main__ - INFO - [2025-12-19 17:11:45] Status: ERROR | Text: '' | Job: 0
2025-12-19 17:11:46 - __main__ - INFO - [2025-12-19 17:11:46] Status: ERROR | Text: '' | Job: 0
2025-12-19 17:11:46 - __main__ - INFO - [2025-12-19 17:11:46] Status: ERROR | Text: '' | Job: 0
2025-12-19 17:11:47 - __main__ - INFO - [2025-12-19 17:11:47] Status: ERROR | Text: '' | Job: 0
2025-12-19 17:11:47 - __main__ - INFO - [2025-12-19 17:11:47] Status: ERROR | Text: '' | Job: 0
2025-12-19 17:11:48 - __main__ - INFO - [2025-12-19 17:11:48] Status: ERROR | Text: '' | Job: 0
2025-12-19 17:11:48 - __main__ - INFO - [2025-12-19 17:11:48] Status: ERROR | Text: '' | Job: 0
2025-12-19 17:11:49 - __main__ - INFO - [2025-12-19 17:11:49] Status: ERROR | Text: '' | Job: 0
2025-12-19 17:11:49 - __main__ - INFO - [2025-12-19 17:11:49] Status: ERROR | Text: '' | Job: 0
2025-12-19 17:11:50 - __main__ - INFO - [2025-12-19 17:11:50] Status: ERROR | Text: '' | Job: 0
2025-12-19 17:11:50 - __main__ - INFO - [2025-12-19 17:11:50] Status: ERROR | Text: '' | Job: 0
2025-12-19 17:11:51 - __main__ - INFO - [2025-12-19 17:11:51] Status: ERROR | Text: '' | Job: 0
2025-12-19 17:11:51 - __main__ - INFO - [2025-12-19 17:11:51] Status: ERROR | Text: '' | Job: 0
2025-12-19 17:11:52 - __main__ - INFO - [2025-12-19 17:11:52] Status: ERROR | Text: '' | Job: 0
2025-12-19 17:11:52 - __main__ - INFO - [2025-12-19 17:11:52] Status: ERROR | Text: '' | Job: 0
2025-12-19 17:11:53 - __main__ - INFO - [2025-12-19 17:11:53] Status: ERROR | Text: '' | Job: 0
2025-12-19 17:11:53 - __main__ - INFO - [2025-12-19 17:11:53] Status: ERROR | Text: '' | Job: 0
2025-12-19 17:11:54 - __main__ - INFO - [2025-12-19 17:11:54] Status: ERROR | Text: '' | Job: 0
2025-12-19 17:11:54 - __main__ - INFO - [2025-12-19 17:11:54] Status: ERROR | Text: '' | Job: 0
2025-12-19 17:11:55 - __main__ - INFO - [2025-12-19 17:11:55] Status: ERROR | Text: '' | Job: 0
2025-12-19 17:11:55 - __main__ - INFO - [2025-12-19 17:11:55] Status: ERROR | Text: '' | Job: 0
2025-12-19 17:11:56 - __main__ - INFO - [2025-12-19 17:11:56] Status: ERROR | Text: '' | Job: 0
2025-12-19 17:11:56 - __main__ - INFO - [2025-12-19 17:11:56] Status: ERROR | Text: '' | Job: 0
2025-12-19 17:11:57 - __main__ - INFO - [2025-12-19 17:11:57] Status: ERROR | Text: '' | Job: 0
2025-12-19 17:11:57 - __main__ - INFO - [2025-12-19 17:11:57] Status: ERROR | Text: '' | Job: 0
2025-12-19 17:11:58 - __main__ - INFO - [2025-12-19 17:11:58] Status: ERROR | Text: '' | Job: 0
2025-12-19 17:11:58 - __main__ - INFO - [2025-12-19 17:11:58] Status: ERROR | Text: '' | Job: 0
2025-12-19 17:11:59 - __main__ - INFO - [2025-12-19 17:11:59] Status: ERROR | Text: '' | Job: 0
2025-12-19 17:11:59 - __main__ - INFO - [2025-12-19 17:11:59] Status: ERROR | Text: '' | Job: 0
2025-12-19 17:12:00 - __main__ - INFO - [2025-12-19 17:12:00] Status: ERROR | Text: '' | Job: 0
2025-12-19 17:12:00 - __main__ - INFO - [2025-12-19 17:12:00] Status: ERROR | Text: '' | Job: 0
2025-12-19 17:12:01 - __main__ - INFO - [2025-12-19 17:12:01] Status: ERROR | Text: '' | Job: 0
2025-12-19 17:12:01 - __main__ - INFO - [2025-12-19 17:12:01] Status: ERROR | Text: '' | Job: 0
2025-12-19 17:12:02 - __main__ - INFO - [2025-12-19 17:12:02] Status: ERROR | Text: '' | Job: 0
2025-12-19 17:12:02 - __main__ - INFO - [2025-12-19 17:12:02] Status: ERROR | Text: '' | Job: 0
2025-12-19 17:12:03 - __main__ - INFO - [2025-12-19 17:12:03] Status: ERROR | Text: '' | Job: 0
2025-12-19 17:12:03 - __main__ - INFO - [2025-12-19 17:12:03] Status: ERROR | Text: '' | Job: 0
2025-12-19 17:12:04 - __main__ - INFO - [2025-12-19 17:12:04] Status: ERROR | Text: '' | Job: 0
2025-12-19 17:12:04 - __main__ - INFO - [2025-12-19 17:12:04] Status: ERROR | Text: '' | Job: 0
2025-12-19 17:12:05 - __main__ - INFO - [2025-12-19 17:12:05] Status: ERROR | Text: '' | Job: 0
2025-12-19 17:12:05 - __main__ - INFO - [2025-12-19 17:12:05] Status: ERROR | Text: '' | Job: 0
2025-12-19 17:12:06 - __main__ - INFO - [2025-12-19 17:12:06] Status: ERROR | Text: '' | Job: 0
2025-12-19 17:12:06 - __main__ - INFO - [2025-12-19 17:12:06] Status: ERROR | Text: '' | Job: 0
2025-12-19 17:12:07 - __main__ - INFO - [2025-12-19 17:12:07] Status: ERROR | Text: '' | Job: 0
2025-12-19 17:12:07 - __main__ - INFO - [2025-12-19 17:12:07] Status: ERROR | Text: '' | Job: 0
2025-12-19 17:12:08 - __main__ - INFO - [2025-12-19 17:12:08] Status: ERROR | Text: '' | Job: 0
2025-12-19 17:12:08 - __main__ - INFO - [2025-12-19 17:12:08] Status: ERROR | Text: '' | Job: 0
2025-12-19 17:12:09 - __main__ - INFO - [2025-12-19 17:12:09] Status: ERROR | Text: '' | Job: 0
2025-12-19 17:12:09 - __main__ - INFO - [2025-12-19 17:12:09] Status: ERROR | Text: '' | Job: 0
2025-12-19 17:12:10 - __main__ - INFO - [2025-12-19 17:12:10] Status: ERROR | Text: '' | Job: 0
2025-12-19 17:12:10 - __main__ - INFO - [2025-12-19 17:12:10] Status: ERROR | Text: '' | Job: 0
2025-12-19 17:12:11 - __main__ - INFO - [2025-12-19 17:12:11] Status: ERROR | Text: '' | Job: 0
2025-12-19 17:12:11 - __main__ - INFO - [2025-12-19 17:12:11] Status: ERROR | Text: '' | Job: 0
2025-12-19 17:12:12 - __main__ - INFO - [2025-12-19 17:12:12] Status: ERROR | Text: '' | Job: 0
2025-12-19 17:12:12 - __main__ - INFO - [2025-12-19 17:12:12] Status: ERROR | Text: '' | Job: 0
2025-12-19 17:12:13 - __main__ - INFO - [2025-12-19 17:12:13] Status: ERROR | Text: '' | Job: 0
2025-12-19 17:12:13 - __main__ - INFO - [2025-12-19 17:12:13] Status: ERROR | Text: '' | Job: 0
2025-12-19 17:12:14 - __main__ - INFO - [2025-12-19 17:12:14] Status: ERROR | Text: '' | Job: 0
2025-12-19 17:12:14 - __main__ - INFO - [2025-12-19 17:12:14] Status: ERROR | Text: '' | Job: 0
2025-12-19 17:12:15 - __main__ - INFO - [2025-12-19 17:12:15] Status: ERROR | Text: '' | Job: 0
2025-12-19 17:12:15 - __main__ - INFO - [2025-12-19 17:12:15] Status: ERROR | Text: '' | Job: 0
2025-12-19 17:12:16 - __main__ - INFO - [2025-12-19 17:12:16] Status: ERROR | Text: '' | Job: 0
2025-12-19 17:12:16 - __main__ - INFO - [2025-12-19 17:12:16] Status: ERROR | Text: '' | Job: 0
2025-12-19 17:12:17 - __main__ - INFO - [2025-12-19 17:12:17] Status: ERROR | Text: '' | Job: 0
2025-12-19 17:12:17 - __main__ - INFO - [2025-12-19 17:12:17] Status: ERROR | Text: '' | Job: 0
2025-12-19 17:12:18 - __main__ - INFO - [2025-12-19 17:12:18] Status: ERROR | Text: '' | Job: 0
2025-12-19 17:12:18 - __main__ - INFO - [2025-12-19 17:12:18] Status: ERROR | Text: '' | Job: 0
2025-12-19 17:12:19 - __main__ - INFO - [2025-12-19 17:12:19] Status: ERROR | Text: '' | Job: 0
2025-12-19 17:12:19 - __main__ - INFO - [2025-12-19 17:12:19] Status: ERROR | Text: '' | Job: 0
2025-12-19 17:12:20 - __main__ - INFO - [2025-12-19 17:12:20] Status: ERROR | Text: '' | Job: 0
2025-12-19 17:12:20 - __main__ - INFO - [2025-12-19 17:12:20] Status: ERROR | Text: '' | Job: 0
2025-12-19 17:12:21 - __main__ - INFO - [2025-12-19 17:12:21] Status: ERROR | Text: '' | Job: 0
2025-12-19 17:12:21 - __main__ - INFO - [2025-12-19 17:12:21] Status: ERROR | Text: '' | Job: 0
2025-12-19 17:12:22 - __main__ - INFO - [2025-12-19 17:12:22] Status: ERROR | Text: '' | Job: 0
2025-12-19 17:12:22 - __main__ - INFO - [2025-12-19 17:12:22] Status: ERROR | Text: '' | Job: 0
2025-12-19 17:12:23 - __main__ - INFO - [2025-12-19 17:12:23] Status: ERROR | Text: '' | Job: 0
2025-12-19 17:12:23 - __main__ - INFO - [2025-12-19 17:12:23] Status: ERROR | Text: '' | Job: 0
2025-12-19 17:12:24 - __main__ - INFO - [2025-12-19 17:12:24] Status: ERROR | Text: '' | Job: 0
2025-12-19 17:12:24 - __main__ - INFO - [2025-12-19 17:12:24] Status: ERROR | Text: '' | Job: 0
2025-12-19 17:12:25 - __main__ - INFO - [2025-12-19 17:12:25] Status: ERROR | Text: '' | Job: 0
2025-12-19 17:12:25 - __main__ - INFO - [2025-12-19 17:12:25] Status: ERROR | Text: '' | Job: 0
2025-12-19 17:12:26 - __main__ - INFO - [2025-12-19 17:12:26] Status: ERROR | Text: '' | Job: 0
2025-12-19 17:12:26 - __main__ - INFO - [2025-12-19 17:12:26] Status: ERROR | Text: '' | Job: 0
2025-12-19 17:12:27 - __main__ - INFO - [2025-12-19 17:12:27] Status: ERROR | Text: '' | Job: 0
2025-12-19 17:12:27 - __main__ - INFO - [2025-12-19 17:12:27] Status: ERROR | Text: '' | Job: 0
2025-12-19 17:12:28 - __main__ - INFO - [2025-12-19 17:12:28] Status: ERROR | Text: '' | Job: 0
2025-12-19 17:12:28 - __main__ - INFO - [2025-12-19 17:12:28] Status: ERROR | Text: '' | Job: 0
2025-12-19 17:12:29 - __main__ - INFO - [2025-12-19 17:12:29] Status: ERROR | Text: '' | Job: 0
2025-12-19 17:12:29 - __main__ - INFO - [2025-12-19 17:12:29] Status: ERROR | Text: '' | Job: 0
2025-12-19 17:12:30 - __main__ - INFO - [2025-12-19 17:12:30] Status: ERROR | Text: '' | Job: 0
2025-12-19 17:12:30 - __main__ - INFO - [2025-12-19 17:12:30] Status: ERROR | Text: '' | Job: 0
2025-12-19 17:12:31 - __main__ - INFO - [2025-12-19 17:12:31] Status: ERROR | Text: '' | Job: 0
2025-12-19 17:12:31 - __main__ - INFO - [2025-12-19 17:12:31] Status: ERROR | Text: '' | Job: 0
2025-12-19 17:12:32 - __main__ - INFO - [2025-12-19 17:12:32] Status: ERROR | Text: '' | Job: 0
2025-12-19 17:12:32 - __main__ - INFO - [2025-12-19 17:12:32] Status: ERROR | Text: '' | Job: 0
2025-12-19 17:12:33 - __main__ - INFO - [2025-12-19 17:12:33] Status: ERROR | Text: '' | Job: 0
2025-12-19 17:12:33 - __main__ - INFO - [2025-12-19 17:12:33] Status: ERROR | Text: '' | Job: 0
2025-12-19 17:12:34 - __main__ - INFO - [2025-12-19 17:12:34] Status: ERROR | Text: '' | Job: 0
2025-12-19 17:12:34 - __main__ - INFO - [2025-12-19 17:12:34] Status: ERROR | Text: '' | Job: 0
2025-12-19 17:12:35 - __main__ - INFO - [2025-12-19 17:12:35] Status: ERROR | Text: '' | Job: 0
2025-12-19 17:12:35 - __main__ - INFO - [2025-12-19 17:12:35] Status: ERROR | Text: '' | Job: 0
2025-12-19 17:12:36 - __main__ - INFO - [2025-12-19 17:12:36] Status: ERROR | Text: '' | Job: 0
2025-12-19 17:12:36 - __main__ - INFO - [2025-12-19 17:12:36] Status: ERROR | Text: '' | Job: 0
2025-12-19 17:12:37 - __main__ - INFO - [2025-12-19 17:12:37] Status: ERROR | Text: '' | Job: 0
2025-12-19 17:12:37 - __main__ - INFO - [2025-12-19 17:12:37] Status: ERROR | Text: '' | Job: 0
2025-12-19 17:12:38 - __main__ - INFO - [2025-12-19 17:12:38] Status: ERROR | Text: '' | Job: 0
2025-12-19 17:12:38 - __main__ - INFO - [2025-12-19 17:12:38] Status: ERROR | Text: '' | Job: 0
2025-12-19 17:12:39 - __main__ - INFO - [2025-12-19 17:12:39] Status: ERROR | Text: '' | Job: 0
2025-12-19 17:12:39 - __main__ - INFO - [2025-12-19 17:12:39] Status: ERROR | Text: '' | Job: 0
2025-12-19 17:12:40 - __main__ - INFO - [2025-12-19 17:12:40] Status: ERROR | Text: '' | Job: 0
2025-12-19 17:12:41 - __main__ - INFO - [2025-12-19 17:12:41] Status: ERROR | Text: '' | Job: 0
2025-12-19 17:12:41 - __main__ - INFO - [2025-12-19 17:12:41] Status: ERROR | Text: '' | Job: 0
2025-12-19 17:12:42 - __main__ - INFO - [2025-12-19 17:12:42] Status: ERROR | Text: '' | Job: 0
2025-12-19 17:12:42 - __main__ - INFO - [2025-12-19 17:12:42] Status: ERROR | Text: '' | Job: 0
2025-12-19 17:12:43 - __main__ - INFO - [2025-12-19 17:12:43] Status: ERROR | Text: '' | Job: 0
2025-12-19 17:12:43 - __main__ - INFO - [2025-12-19 17:12:43] Status: ERROR | Text: '' | Job: 0
2025-12-19 17:12:44 - __main__ - INFO - [2025-12-19 17:12:44] Status: ERROR | Text: '' | Job: 0
2025-12-19 17:12:44 - __main__ - INFO - [2025-12-19 17:12:44] Status: ERROR | Text: '' | Job: 0
2025-12-19 17:12:45 - __main__ - INFO - [2025-12-19 17:12:45] Status: ERROR | Text: '' | Job: 0
2025-12-19 17:12:45 - __main__ - INFO - [2025-12-19 17:12:45] Status: ERROR | Text: '' | Job: 0
2025-12-19 17:12:46 - __main__ - INFO - [2025-12-19 17:12:46] Status: ERROR | Text: '' | Job: 0
2025-12-19 17:12:46 - __main__ - INFO - [2025-12-19 17:12:46] Status: ERROR | Text: '' | Job: 0
2025-12-19 17:12:47 - __main__ - INFO - [2025-12-19 17:12:47] Status: ERROR | Text: '' | Job: 0
2025-12-19 17:12:47 - __main__ - INFO - [2025-12-19 17:12:47] Status: ERROR | Text: '' | Job: 0
2025-12-19 17:12:48 - __main__ - INFO - [2025-12-19 17:12:48] Status: ERROR | Text: '' | Job: 0
2025-12-19 17:12:48 - __main__ - INFO - [2025-12-19 17:12:48] Status: ERROR | Text: '' | Job: 0
2025-12-19 17:12:49 - __main__ - INFO - [2025-12-19 17:12:49] Status: ERROR | Text: '' | Job: 0
2025-12-19 17:12:49 - __main__ - INFO - [2025-12-19 17:12:49] Status: ERROR | Text: '' | Job: 0
2025-12-19 17:12:50 - __main__ - INFO - [2025-12-19 17:12:50] Status: ERROR | Text: '' | Job: 0
2025-12-19 17:12:50 - __main__ - INFO - [2025-12-19 17:12:50] Status: ERROR | Text: '' | Job: 0
2025-12-19 17:12:51 - __main__ - INFO - [2025-12-19 17:12:51] Status: ERROR | Text: '' | Job: 0
2025-12-19 17:12:52 - __main__ - INFO - [2025-12-19 17:12:52] Status: ERROR | Text: '' | Job: 0
2025-12-19 17:12:52 - __main__ - INFO - [2025-12-19 17:12:52] Status: ERROR | Text: '' | Job: 0
2025-12-19 17:12:53 - __main__ - INFO - [2025-12-19 17:12:53] Status: ERROR | Text: '' | Job: 0
2025-12-19 17:12:53 - __main__ - INFO - [2025-12-19 17:12:53] Status: ERROR | Text: '' | Job: 0
2025-12-19 17:12:54 - __main__ - INFO - [2025-12-19 17:12:54] Status: ERROR | Text: '' | Job: 0
2025-12-19 17:12:54 - __main__ - INFO - [2025-12-19 17:12:54] Status: ERROR | Text: '' | Job: 0
2025-12-19 17:12:55 - __main__ - INFO - [2025-12-19 17:12:55] Status: ERROR | Text: '' | Job: 0
2025-12-19 17:12:55 - __main__ - INFO - [2025-12-19 17:12:55] Status: ERROR | Text: '' | Job: 0
2025-12-19 17:12:56 - __main__ - INFO - [2025-12-19 17:12:56] Status: ERROR | Text: '' | Job: 0
2025-12-19 17:12:56 - __main__ - INFO - [2025-12-19 17:12:56] Status: ERROR | Text: '' | Job: 0
2025-12-19 17:12:57 - __main__ - INFO - [2025-12-19 17:12:57] Status: ERROR | Text: '' | Job: 0
2025-12-19 17:12:57 - __main__ - INFO - [2025-12-19 17:12:57] Status: ERROR | Text: '' | Job: 0
2025-12-19 17:12:58 - __main__ - INFO - [2025-12-19 17:12:58] Status: ERROR | Text: '' | Job: 0
2025-12-19 17:12:58 - __main__ - INFO - [2025-12-19 17:12:58] Status: ERROR | Text: '' | Job: 0
2025-12-19 17:12:59 - __main__ - INFO - [2025-12-19 17:12:59] Status: ERROR | Text: '' | Job: 0
2025-12-19 17:12:59 - __main__ - INFO - [2025-12-19 17:12:59] Status: ERROR | Text: '' | Job: 0
2025-12-19 17:13:00 - __main__ - INFO - [2025-12-19 17:13:00] Status: ERROR | Text: '' | Job: 0
2025-12-19 17:13:00 - __main__ - INFO - [2025-12-19 17:13:00] Status: ERROR | Text: '' | Job: 0
2025-12-19 17:13:01 - __main__ - INFO - [2025-12-19 17:13:01] Status: ERROR | Text: '' | Job: 0
2025-12-19 17:13:01 - __main__ - INFO - [2025-12-19 17:13:01] Status: ERROR | Text: '' | Job: 0
2025-12-19 17:13:02 - __main__ - INFO - [2025-12-19 17:13:02] Status: ERROR | Text: '' | Job: 0
2025-12-19 17:13:02 - __main__ - INFO - [2025-12-19 17:13:02] Status: ERROR | Text: '' | Job: 0
2025-12-19 17:13:03 - __main__ - INFO - [2025-12-19 17:13:03] Status: ERROR | Text: '' | Job: 0
2025-12-19 17:13:03 - __main__ - INFO - [2025-12-19 17:13:03] Status: ERROR | Text: '' | Job: 0
2025-12-19 17:13:04 - __main__ - INFO - [2025-12-19 17:13:04] Status: ERROR | Text: '' | Job: 0
2025-12-19 17:13:04 - __main__ - INFO - [2025-12-19 17:13:04] Status: ERROR | Text: '' | Job: 0
2025-12-19 17:13:05 - __main__ - INFO - [2025-12-19 17:13:05] Status: ERROR | Text: '' | Job: 0
2025-12-19 17:13:05 - __main__ - INFO - [2025-12-19 17:13:05] Status: ERROR | Text: '' | Job: 0
2025-12-19 17:13:06 - __main__ - INFO - [2025-12-19 17:13:06] Status: ERROR | Text: '' | Job: 0
2025-12-19 17:13:06 - __main__ - INFO - [2025-12-19 17:13:06] Status: ERROR | Text: '' | Job: 0
2025-12-19 17:13:07 - __main__ - INFO - [2025-12-19 17:13:07] Status: ERROR | Text: '' | Job: 0
2025-12-19 17:13:07 - __main__ - INFO - [2025-12-19 17:13:07] Status: ERROR | Text: '' | Job: 0
2025-12-19 17:13:08 - __main__ - INFO - [2025-12-19 17:13:08] Status: ERROR | Text: '' | Job: 0
2025-12-19 17:13:08 - __main__ - INFO - [2025-12-19 17:13:08] Status: ERROR | Text: '' | Job: 0
2025-12-19 17:13:09 - __main__ - INFO - [2025-12-19 17:13:09] Status: ERROR | Text: '' | Job: 0
2025-12-19 17:13:09 - __main__ - INFO - [2025-12-19 17:13:09] Status: ERROR | Text: '' | Job: 0
2025-12-19 17:13:10 - __main__ - INFO - [2025-12-19 17:13:10] Status: ERROR | Text: '' | Job: 0
2025-12-19 17:13:10 - __main__ - INFO - [2025-12-19 17:13:10] Status: ERROR | Text: '' | Job: 0
2025-12-19 17:13:11 - __main__ - INFO - [2025-12-19 17:13:11] Status: ERROR | Text: '' | Job: 0
2025-12-19 17:13:11 - __main__ - INFO - [2025-12-19 17:13:11] Status: ERROR | Text: '' | Job: 0
2025-12-19 17:13:12 - __main__ - INFO - [2025-12-19 17:13:12] Status: ERROR | Text: '' | Job: 0
2025-12-19 17:13:12 - __main__ - INFO - [2025-12-19 17:13:12] Status: ERROR | Text: '' | Job: 0
2025-12-19 17:13:13 - __main__ - INFO - [2025-12-19 17:13:13] Status: ERROR | Text: '' | Job: 0
2025-12-19 17:13:13 - __main__ - INFO - [2025-12-19 17:13:13] Status: ERROR | Text: '' | Job: 0
2025-12-19 17:13:14 - __main__ - INFO - [2025-12-19 17:13:14] Status: ERROR | Text: '' | Job: 0
2025-12-19 17:13:14 - __main__ - INFO - [2025-12-19 17:13:14] Status: ERROR | Text: '' | Job: 0
2025-12-19 17:13:15 - __main__ - INFO - [2025-12-19 17:13:15] Status: ERROR | Text: '' | Job: 0
2025-12-19 17:13:15 - __main__ - INFO - [2025-12-19 17:13:15] Status: ERROR | Text: '' | Job: 0
2025-12-19 17:13:16 - __main__ - INFO - [2025-12-19 17:13:16] Status: ERROR | Text: '' | Job: 0
2025-12-19 17:13:16 - __main__ - INFO - [2025-12-19 17:13:16] Status: ERROR | Text: '' | Job: 0
2025-12-19 17:13:17 - __main__ - INFO - [2025-12-19 17:13:17] Status: ERROR | Text: '' | Job: 0
2025-12-19 17:13:17 - __main__ - INFO - [2025-12-19 17:13:17] Status: ERROR | Text: '' | Job: 0
2025-12-19 17:13:18 - __main__ - INFO - [2025-12-19 17:13:18] Status: ERROR | Text: '' | Job: 0
2025-12-19 17:13:18 - __main__ - INFO - [2025-12-19 17:13:18] Status: ERROR | Text: '' | Job: 0
2025-12-19 17:13:19 - __main__ - INFO - [2025-12-19 17:13:19] Status: ERROR | Text: '' | Job: 0
2025-12-19 17:13:19 - __main__ - INFO - [2025-12-19 17:13:19] Status: ERROR | Text: '' | Job: 0
2025-12-19 17:13:20 - __main__ - INFO - [2025-12-19 17:13:20] Status: ERROR | Text: '' | Job: 0
2025-12-19 17:13:20 - __main__ - INFO - [2025-12-19 17:13:20] Status: ERROR | Text: '' | Job: 0
2025-12-19 17:13:21 - __main__ - INFO - [2025-12-19 17:13:21] Status: ERROR | Text: '' | Job: 0
2025-12-19 17:13:21 - __main__ - INFO - [2025-12-19 17:13:21] Status: ERROR | Text: '' | Job: 0
2025-12-19 17:13:22 - __main__ - INFO - [2025-12-19 17:13:22] Status: ERROR | Text: '' | Job: 0
2025-12-19 17:13:22 - __main__ - INFO - [2025-12-19 17:13:22] Status: ERROR | Text: '' | Job: 0
2025-12-19 17:13:23 - __main__ - INFO - [2025-12-19 17:13:23] Status: ERROR | Text: '' | Job: 0
2025-12-19 17:13:23 - __main__ - INFO - [2025-12-19 17:13:23] Status: ERROR | Text: '' | Job: 0
2025-12-19 17:13:24 - __main__ - INFO - [2025-12-19 17:13:24] Status: ERROR | Text: '' | Job: 0
2025-12-19 17:13:24 - __main__ - INFO - [2025-12-19 17:13:24] Status: ERROR | Text: '' | Job: 0
2025-12-19 17:13:25 - __main__ - INFO - [2025-12-19 17:13:25] Status: ERROR | Text: '' | Job: 0
2025-12-19 17:13:25 - __main__ - INFO - [2025-12-19 17:13:25] Status: ERROR | Text: '' | Job: 0
2025-12-19 17:13:26 - __main__ - INFO - [2025-12-19 17:13:26] Status: ERROR | Text: '' | Job: 0
2025-12-19 17:13:26 - __main__ - INFO - [2025-12-19 17:13:26] Status: ERROR | Text: '' | Job: 0
2025-12-19 17:13:27 - __main__ - INFO - [2025-12-19 17:13:27] Status: ERROR | Text: '' | Job: 0
2025-12-19 17:13:27 - __main__ - INFO - [2025-12-19 17:13:27] Status: ERROR | Text: '' | Job: 0
2025-12-19 17:13:28 - __main__ - INFO - [2025-12-19 17:13:28] Status: ERROR | Text: '' | Job: 0
2025-12-19 17:13:28 - __main__ - INFO - [2025-12-19 17:13:28] Status: ERROR | Text: '' | Job: 0
2025-12-19 17:13:29 - __main__ - INFO - [2025-12-19 17:13:29] Status: ERROR | Text: '' | Job: 0
2025-12-19 17:13:29 - __main__ - INFO - [2025-12-19 17:13:29] Status: ERROR | Text: '' | Job: 0
2025-12-19 17:13:30 - __main__ - INFO - [2025-12-19 17:13:30] Status: ERROR | Text: '' | Job: 0
2025-12-19 17:13:30 - __main__ - INFO - [2025-12-19 17:13:30] Status: ERROR | Text: '' | Job: 0
2025-12-19 17:13:31 - __main__ - INFO - [2025-12-19 17:13:31] Status: ERROR | Text: '' | Job: 0
2025-12-19 17:13:31 - __main__ - INFO - [2025-12-19 17:13:31] Status: ERROR | Text: '' | Job: 0
2025-12-19 17:13:32 - __main__ - INFO - [2025-12-19 17:13:32] Status: ERROR | Text: '' | Job: 0
2025-12-19 17:13:32 - __main__ - INFO - [2025-12-19 17:13:32] Status: ERROR | Text: '' | Job: 0
2025-12-19 17:13:33 - __main__ - INFO - [2025-12-19 17:13:33] Status: ERROR | Text: '' | Job: 0
2025-12-19 17:13:34 - __main__ - INFO - [2025-12-19 17:13:34] Status: ERROR | Text: '' | Job: 0
2025-12-19 17:13:34 - __main__ - INFO - [2025-12-19 17:13:34] Status: ERROR | Text: '' | Job: 0
2025-12-19 17:13:35 - __main__ - INFO - [2025-12-19 17:13:35] Status: ERROR | Text: '' | Job: 0
2025-12-19 17:13:35 - __main__ - INFO - [2025-12-19 17:13:35] Status: ERROR | Text: '' | Job: 0
2025-12-19 17:13:36 - __main__ - INFO - [2025-12-19 17:13:36] Status: ERROR | Text: '' | Job: 0
2025-12-19 17:13:36 - __main__ - INFO - [2025-12-19 17:13:36] Status: ERROR | Text: '' | Job: 0
2025-12-19 17:13:37 - __main__ - INFO - [2025-12-19 17:13:37] Status: ERROR | Text: '' | Job: 0
2025-12-19 17:13:37 - __main__ - INFO - [2025-12-19 17:13:37] Status: ERROR | Text: '' | Job: 0
2025-12-19 17:13:38 - __main__ - INFO - [2025-12-19 17:13:38] Status: ERROR | Text: '' | Job: 0
2025-12-19 17:13:38 - __main__ - INFO - [2025-12-19 17:13:38] Status: ERROR | Text: '' | Job: 0
2025-12-19 17:13:39 - __main__ - INFO - [2025-12-19 17:13:39] Status: ERROR | Text: '' | Job: 0
2025-12-19 17:13:39 - __main__ - INFO - [2025-12-19 17:13:39] Status: ERROR | Text: '' | Job: 0
2025-12-19 17:13:40 - __main__ - INFO - [2025-12-19 17:13:40] Status: ERROR | Text: '' | Job: 0
2025-12-19 17:13:40 - __main__ - INFO - [2025-12-19 17:13:40] Status: ERROR | Text: '' | Job: 0
2025-12-19 17:13:41 - __main__ - INFO - [2025-12-19 17:13:41] Status: ERROR | Text: '' | Job: 0
2025-12-19 17:13:41 - __main__ - INFO - [2025-12-19 17:13:41] Status: ERROR | Text: '' | Job: 0
2025-12-19 17:13:42 - __main__ - INFO - [2025-12-19 17:13:42] Status: ERROR | Text: '' | Job: 0
2025-12-19 17:13:42 - __main__ - INFO - [2025-12-19 17:13:42] Status: ERROR | Text: '' | Job: 0
2025-12-19 17:13:43 - __main__ - INFO - [2025-12-19 17:13:43] Status: ERROR | Text: '' | Job: 0
2025-12-19 17:13:43 - __main__ - INFO - [2025-12-19 17:13:43] Status: ERROR | Text: '' | Job: 0
2025-12-19 17:13:44 - __main__ - INFO - [2025-12-19 17:13:44] Status: ERROR | Text: '' | Job: 0
2025-12-19 17:13:44 - __main__ - INFO - [2025-12-19 17:13:44] Status: ERROR | Text: '' | Job: 0
2025-12-19 17:13:45 - __main__ - INFO - [2025-12-19 17:13:45] Status: ERROR | Text: '' | Job: 0
2025-12-19 17:13:45 - __main__ - INFO - [2025-12-19 17:13:45] Status: ERROR | Text: '' | Job: 0
2025-12-19 17:13:46 - __main__ - INFO - [2025-12-19 17:13:46] Status: ERROR | Text: '' | Job: 0
2025-12-19 17:13:46 - __main__ - INFO - [2025-12-19 17:13:46] Status: ERROR | Text: '' | Job: 0
2025-12-19 17:13:47 - __main__ - INFO - [2025-12-19 17:13:47] Status: ERROR | Text: '' | Job: 0
2025-12-19 17:13:47 - __main__ - INFO - [2025-12-19 17:13:47] Status: ERROR | Text: '' | Job: 0
2025-12-19 17:13:48 - __main__ - INFO - [2025-12-19 17:13:48] Status: ERROR | Text: '' | Job: 0
2025-12-19 17:13:48 - __main__ - INFO - [2025-12-19 17:13:48] Status: ERROR | Text: '' | Job: 0
2025-12-19 17:13:49 - __main__ - INFO - [2025-12-19 17:13:49] Status: ERROR | Text: '' | Job: 0
2025-12-19 17:13:49 - __main__ - INFO - [2025-12-19 17:13:49] Status: ERROR | Text: '' | Job: 0
2025-12-19 17:13:50 - __main__ - INFO - [2025-12-19 17:13:50] Status: ERROR | Text: '' | Job: 0
2025-12-19 17:13:50 - __main__ - INFO - [2025-12-19 17:13:50] Status: ERROR | Text: '' | Job: 0
2025-12-19 17:13:51 - __main__ - INFO - [2025-12-19 17:13:51] Status: ERROR | Text: '' | Job: 0
2025-12-19 17:13:51 - __main__ - INFO - [2025-12-19 17:13:51] Status: ERROR | Text: '' | Job: 0
2025-12-19 17:13:52 - __main__ - INFO - [2025-12-19 17:13:52] Status: ERROR | Text: '' | Job: 0
2025-12-19 17:13:52 - __main__ - INFO - [2025-12-19 17:13:52] Status: ERROR | Text: '' | Job: 0
2025-12-19 17:13:53 - __main__ - INFO - [2025-12-19 17:13:53] Status: ERROR | Text: '' | Job: 0
2025-12-19 17:13:53 - __main__ - INFO - [2025-12-19 17:13:53] Status: ERROR | Text: '' | Job: 0
2025-12-19 17:13:54 - __main__ - INFO - [2025-12-19 17:13:54] Status: ERROR | Text: '' | Job: 0
2025-12-19 17:13:54 - __main__ - INFO - [2025-12-19 17:13:54] Status: ERROR | Text: '' | Job: 0
2025-12-19 17:13:55 - __main__ - INFO - [2025-12-19 17:13:55] Status: ERROR | Text: '' | Job: 0
2025-12-19 17:13:55 - __main__ - INFO - [2025-12-19 17:13:55] Status: ERROR | Text: '' | Job: 0
2025-12-19 17:13:56 - __main__ - INFO - [2025-12-19 17:13:56] Status: ERROR | Text: '' | Job: 0
2025-12-19 17:13:56 - __main__ - INFO - [2025-12-19 17:13:56] Status: ERROR | Text: '' | Job: 0
2025-12-19 17:13:57 - __main__ - INFO - [2025-12-19 17:13:57] Status: ERROR | Text: '' | Job: 0
2025-12-19 17:13:57 - __main__ - INFO - [2025-12-19 17:13:57] Status: ERROR | Text: '' | Job: 0
2025-12-19 17:13:58 - __main__ - INFO - [2025-12-19 17:13:58] Status: ERROR | Text: '' | Job: 0
2025-12-19 17:13:58 - __main__ - INFO - [2025-12-19 17:13:58] Status: ERROR | Text: '' | Job: 0
2025-12-19 17:13:59 - __main__ - INFO - [2025-12-19 17:13:59] Status: ERROR | Text: '' | Job: 0
2025-12-19 17:13:59 - __main__ - INFO - [2025-12-19 17:13:59] Status: ERROR | Text: '' | Job: 0
2025-12-19 17:14:00 - __main__ - INFO - [2025-12-19 17:14:00] Status: ERROR | Text: '' | Job: 0
2025-12-19 17:14:00 - __main__ - INFO - [2025-12-19 17:14:00] Status: ERROR | Text: '' | Job: 0
2025-12-19 17:14:01 - __main__ - INFO - [2025-12-19 17:14:01] Status: ERROR | Text: '' | Job: 0
2025-12-19 17:14:01 - __main__ - INFO - [2025-12-19 17:14:01] Status: ERROR | Text: '' | Job: 0
2025-12-19 17:14:02 - __main__ - INFO - [2025-12-19 17:14:02] Status: ERROR | Text: '' | Job: 0
2025-12-19 17:14:02 - __main__ - INFO - [2025-12-19 17:14:02] Status: ERROR | Text: '' | Job: 0
2025-12-19 17:14:03 - __main__ - INFO - [2025-12-19 17:14:03] Status: ERROR | Text: '' | Job: 0
2025-12-19 17:14:03 - __main__ - INFO - [2025-12-19 17:14:03] Status: ERROR | Text: '' | Job: 0
2025-12-19 17:14:04 - __main__ - INFO - [2025-12-19 17:14:04] Status: ERROR | Text: '' | Job: 0
2025-12-19 17:14:04 - __main__ - INFO - [2025-12-19 17:14:04] Status: ERROR | Text: '' | Job: 0
2025-12-19 17:14:05 - __main__ - INFO - [2025-12-19 17:14:05] Status: ERROR | Text: '' | Job: 0
2025-12-19 17:14:05 - __main__ - INFO - [2025-12-19 17:14:05] Status: ERROR | Text: '' | Job: 0
2025-12-19 17:14:06 - __main__ - INFO - [2025-12-19 17:14:06] Status: ERROR | Text: '' | Job: 0
2025-12-19 17:14:06 - __main__ - INFO - [2025-12-19 17:14:06] Status: ERROR | Text: '' | Job: 0
2025-12-19 17:14:07 - __main__ - INFO - [2025-12-19 17:14:07] Status: ERROR | Text: '' | Job: 0
2025-12-19 17:14:07 - __main__ - INFO - [2025-12-19 17:14:07] Status: ERROR | Text: '' | Job: 0
2025-12-19 17:14:08 - __main__ - INFO - [2025-12-19 17:14:08] Status: ERROR | Text: '' | Job: 0
2025-12-19 17:14:08 - __main__ - INFO - [2025-12-19 17:14:08] Status: ERROR | Text: '' | Job: 0
2025-12-19 17:14:09 - __main__ - INFO - [2025-12-19 17:14:09] Status: ERROR | Text: '' | Job: 0
2025-12-19 17:14:09 - __main__ - INFO - [2025-12-19 17:14:09] Status: ERROR | Text: '' | Job: 0
2025-12-19 17:14:10 - __main__ - INFO - [2025-12-19 17:14:10] Status: ERROR | Text: '' | Job: 0
2025-12-19 17:14:10 - __main__ - INFO - [2025-12-19 17:14:10] Status: ERROR | Text: '' | Job: 0
2025-12-19 17:14:11 - __main__ - INFO - [2025-12-19 17:14:11] Status: ERROR | Text: '' | Job: 0
2025-12-19 17:14:11 - __main__ - INFO - [2025-12-19 17:14:11] Status: ERROR | Text: '' | Job: 0
2025-12-19 17:14:12 - __main__ - INFO - [2025-12-19 17:14:12] Status: ERROR | Text: '' | Job: 0
2025-12-19 17:14:12 - __main__ - INFO - [2025-12-19 17:14:12] Status: ERROR | Text: '' | Job: 0
2025-12-19 17:14:13 - __main__ - INFO - [2025-12-19 17:14:13] Status: ERROR | Text: '' | Job: 0
2025-12-19 17:14:13 - __main__ - INFO - [2025-12-19 17:14:13] Status: ERROR | Text: '' | Job: 0
2025-12-19 17:14:14 - __main__ - INFO - [2025-12-19 17:14:14] Status: ERROR | Text: '' | Job: 0
2025-12-19 17:14:14 - __main__ - INFO - [2025-12-19 17:14:14] Status: ERROR | Text: '' | Job: 0
2025-12-19 17:14:15 - __main__ - INFO - [2025-12-19 17:14:15] Status: ERROR | Text: '' | Job: 0
2025-12-19 17:14:15 - __main__ - INFO - [2025-12-19 17:14:15] Status: ERROR | Text: '' | Job: 0
2025-12-19 17:14:16 - __main__ - INFO - [2025-12-19 17:14:16] Status: ERROR | Text: '' | Job: 0
2025-12-19 17:14:16 - __main__ - INFO - [2025-12-19 17:14:16] Status: ERROR | Text: '' | Job: 0
2025-12-19 17:14:17 - __main__ - INFO - [2025-12-19 17:14:17] Status: ERROR | Text: '' | Job: 0
2025-12-19 17:14:17 - __main__ - INFO - [2025-12-19 17:14:17] Status: ERROR | Text: '' | Job: 0
2025-12-19 17:14:18 - __main__ - INFO - [2025-12-19 17:14:18] Status: ERROR | Text: '' | Job: 0
2025-12-19 17:14:18 - __main__ - INFO - [2025-12-19 17:14:18] Status: ERROR | Text: '' | Job: 0
2025-12-19 17:14:19 - __main__ - INFO - [2025-12-19 17:14:19] Status: ERROR | Text: '' | Job: 0
2025-12-19 17:14:19 - __main__ - INFO - [2025-12-19 17:14:19] Status: ERROR | Text: '' | Job: 0
2025-12-19 17:14:20 - __main__ - INFO - [2025-12-19 17:14:20] Status: ERROR | Text: '' | Job: 0
2025-12-19 17:14:20 - __main__ - INFO - [2025-12-19 17:14:20] Status: ERROR | Text: '' | Job: 0
2025-12-19 17:14:21 - __main__ - INFO - [2025-12-19 17:14:21] Status: ERROR | Text: '' | Job: 0
2025-12-19 17:14:21 - __main__ - INFO - [2025-12-19 17:14:21] Status: ERROR | Text: '' | Job: 0
2025-12-19 17:14:22 - __main__ - INFO - [2025-12-19 17:14:22] Status: ERROR | Text: '' | Job: 0
2025-12-19 17:14:22 - __main__ - INFO - [2025-12-19 17:14:22] Status: ERROR | Text: '' | Job: 0
2025-12-19 17:14:23 - __main__ - INFO - [2025-12-19 17:14:23] Status: ERROR | Text: '' | Job: 0
2025-12-19 17:14:23 - __main__ - INFO - [2025-12-19 17:14:23] Status: ERROR | Text: '' | Job: 0
2025-12-19 17:14:24 - __main__ - INFO - [2025-12-19 17:14:24] Status: ERROR | Text: '' | Job: 0
2025-12-19 17:14:24 - __main__ - INFO - [2025-12-19 17:14:24] Status: ERROR | Text: '' | Job: 0
2025-12-19 17:14:25 - __main__ - INFO - [2025-12-19 17:14:25] Status: ERROR | Text: '' | Job: 0
2025-12-19 17:14:25 - __main__ - INFO - [2025-12-19 17:14:25] Status: ERROR | Text: '' | Job: 0
2025-12-19 17:14:26 - __main__ - INFO - [2025-12-19 17:14:26] Status: ERROR | Text: '' | Job: 0
2025-12-19 17:14:26 - __main__ - INFO - [2025-12-19 17:14:26] Status: ERROR | Text: '' | Job: 0
2025-12-19 17:14:27 - __main__ - INFO - [2025-12-19 17:14:27] Status: ERROR | Text: '' | Job: 0
2025-12-19 17:14:27 - __main__ - INFO - [2025-12-19 17:14:27] Status: ERROR | Text: '' | Job: 0
2025-12-19 17:14:28 - __main__ - INFO - [2025-12-19 17:14:28] Status: ERROR | Text: '' | Job: 0
2025-12-19 17:14:28 - __main__ - INFO - [2025-12-19 17:14:28] Status: ERROR | Text: '' | Job: 0
2025-12-19 17:14:29 - __main__ - INFO - [2025-12-19 17:14:29] Status: ERROR | Text: '' | Job: 0
2025-12-19 17:14:29 - __main__ - INFO - [2025-12-19 17:14:29] Status: ERROR | Text: '' | Job: 0
2025-12-19 17:14:30 - __main__ - INFO - [2025-12-19 17:14:30] Status: ERROR | Text: '' | Job: 0
2025-12-19 17:14:30 - __main__ - INFO - [2025-12-19 17:14:30] Status: ERROR | Text: '' | Job: 0
2025-12-19 17:14:31 - __main__ - INFO - [2025-12-19 17:14:31] Status: ERROR | Text: '' | Job: 0
2025-12-19 17:14:31 - __main__ - INFO - [2025-12-19 17:14:31] Status: ERROR | Text: '' | Job: 0
2025-12-19 17:14:32 - __main__ - INFO - [2025-12-19 17:14:32] Status: ERROR | Text: '' | Job: 0
2025-12-19 17:14:32 - __main__ - INFO - [2025-12-19 17:14:32] Status: ERROR | Text: '' | Job: 0
2025-12-19 17:14:33 - __main__ - INFO - [2025-12-19 17:14:33] Status: ERROR | Text: '' | Job: 0
2025-12-19 17:14:33 - __main__ - INFO - [2025-12-19 17:14:33] Status: ERROR | Text: '' | Job: 0
2025-12-19 17:14:34 - __main__ - INFO - [2025-12-19 17:14:34] Status: ERROR | Text: '' | Job: 0
2025-12-19 17:14:34 - __main__ - INFO - [2025-12-19 17:14:34] Status: ERROR | Text: '' | Job: 0
2025-12-19 17:14:35 - __main__ - INFO - [2025-12-19 17:14:35] Status: ERROR | Text: '' | Job: 0
2025-12-19 17:14:35 - __main__ - INFO - [2025-12-19 17:14:35] Status: ERROR | Text: '' | Job: 0
2025-12-19 17:14:36 - __main__ - INFO - [2025-12-19 17:14:36] Status: ERROR | Text: '' | Job: 0
2025-12-19 17:14:36 - __main__ - INFO - [2025-12-19 17:14:36] Status: ERROR | Text: '' | Job: 0
2025-12-19 17:14:37 - __main__ - INFO - [2025-12-19 17:14:37] Status: ERROR | Text: '' | Job: 0
2025-12-19 17:14:37 - __main__ - INFO - [2025-12-19 17:14:37] Status: ERROR | Text: '' | Job: 0
2025-12-19 17:14:38 - __main__ - INFO - [2025-12-19 17:14:38] Status: ERROR | Text: '' | Job: 0
2025-12-19 17:14:38 - __main__ - INFO - [2025-12-19 17:14:38] Status: ERROR | Text: '' | Job: 0
2025-12-19 17:14:39 - __main__ - INFO - [2025-12-19 17:14:39] Status: ERROR | Text: '' | Job: 0
2025-12-19 17:14:39 - __main__ - INFO - [2025-12-19 17:14:39] Status: ERROR | Text: '' | Job: 0
2025-12-19 17:14:40 - __main__ - INFO - [2025-12-19 17:14:40] Status: ERROR | Text: '' | Job: 0
2025-12-19 17:14:40 - __main__ - INFO - [2025-12-19 17:14:40] Status: ERROR | Text: '' | Job: 0
2025-12-19 17:14:41 - __main__ - INFO - [2025-12-19 17:14:41] Status: ERROR | Text: '' | Job: 0
2025-12-19 17:14:41 - __main__ - INFO - [2025-12-19 17:14:41] Status: ERROR | Text: '' | Job: 0
2025-12-19 17:14:42 - __main__ - INFO - [2025-12-19 17:14:42] Status: ERROR | Text: '' | Job: 0
2025-12-19 17:14:43 - __main__ - INFO - [2025-12-19 17:14:43] Status: ERROR | Text: '' | Job: 0
2025-12-19 17:14:44 - __main__ - INFO - [2025-12-19 17:14:44] Status: ERROR | Text: '' | Job: 0
2025-12-19 17:14:44 - __main__ - INFO - [2025-12-19 17:14:44] Status: ERROR | Text: '' | Job: 0
2025-12-19 17:14:45 - __main__ - INFO - [2025-12-19 17:14:45] Status: ERROR | Text: '' | Job: 0
2025-12-19 17:14:45 - __main__ - INFO - [2025-12-19 17:14:45] Status: ERROR | Text: '' | Job: 0
2025-12-19 17:14:46 - __main__ - INFO - [2025-12-19 17:14:46] Status: ERROR | Text: '' | Job: 0
2025-12-19 17:14:46 - __main__ - INFO - [2025-12-19 17:14:46] Status: ERROR | Text: '' | Job: 0
2025-12-19 17:14:47 - __main__ - INFO - [2025-12-19 17:14:47] Status: ERROR | Text: '' | Job: 0
2025-12-19 17:14:47 - __main__ - INFO - [2025-12-19 17:14:47] Status: ERROR | Text: '' | Job: 0
2025-12-19 17:14:48 - __main__ - INFO - [2025-12-19 17:14:48] Status: ERROR | Text: '' | Job: 0
2025-12-19 17:14:48 - __main__ - INFO - [2025-12-19 17:14:48] Status: ERROR | Text: '' | Job: 0
2025-12-19 17:14:49 - __main__ - INFO - [2025-12-19 17:14:49] Status: ERROR | Text: '' | Job: 0
2025-12-19 17:14:49 - __main__ - INFO - [2025-12-19 17:14:49] Status: ERROR | Text: '' | Job: 0
2025-12-19 17:14:50 - __main__ - INFO - [2025-12-19 17:14:50] Status: ERROR | Text: '' | Job: 0
2025-12-19 17:14:50 - __main__ - INFO - [2025-12-19 17:14:50] Status: ERROR | Text: '' | Job: 0
2025-12-19 17:14:51 - __main__ - INFO - [2025-12-19 17:14:51] Status: ERROR | Text: '' | Job: 0
2025-12-19 17:14:51 - __main__ - INFO - [2025-12-19 17:14:51] Status: ERROR | Text: '' | Job: 0
2025-12-19 17:14:52 - __main__ - INFO - [2025-12-19 17:14:52] Status: ERROR | Text: '' | Job: 0
2025-12-19 17:14:52 - __main__ - INFO - [2025-12-19 17:14:52] Status: ERROR | Text: '' | Job: 0
2025-12-19 17:14:53 - __main__ - INFO - [2025-12-19 17:14:53] Status: ERROR | Text: '' | Job: 0
2025-12-19 17:14:53 - __main__ - INFO - [2025-12-19 17:14:53] Status: ERROR | Text: '' | Job: 0
2025-12-19 17:14:54 - __main__ - INFO - [2025-12-19 17:14:54] Status: ERROR | Text: '' | Job: 0
2025-12-19 17:14:54 - __main__ - INFO - [2025-12-19 17:14:54] Status: ERROR | Text: '' | Job: 0
2025-12-19 17:14:55 - __main__ - INFO - [2025-12-19 17:14:55] Status: ERROR | Text: '' | Job: 0
2025-12-19 17:14:55 - __main__ - INFO - [2025-12-19 17:14:55] Status: ERROR | Text: '' | Job: 0
2025-12-19 17:14:56 - __main__ - INFO - [2025-12-19 17:14:56] Status: ERROR | Text: '' | Job: 0
2025-12-19 17:14:56 - __main__ - INFO - [2025-12-19 17:14:56] Status: ERROR | Text: '' | Job: 0
2025-12-19 17:14:57 - __main__ - INFO - [2025-12-19 17:14:57] Status: ERROR | Text: '' | Job: 0
2025-12-19 17:14:57 - __main__ - INFO - [2025-12-19 17:14:57] Status: ERROR | Text: '' | Job: 0
2025-12-19 17:14:58 - __main__ - INFO - [2025-12-19 17:14:58] Status: ERROR | Text: '' | Job: 0
2025-12-19 17:14:58 - __main__ - INFO - [2025-12-19 17:14:58] Status: ERROR | Text: '' | Job: 0
2025-12-19 17:14:59 - __main__ - INFO - [2025-12-19 17:14:59] Status: ERROR | Text: '' | Job: 0
2025-12-19 17:14:59 - __main__ - INFO - [2025-12-19 17:14:59] Status: ERROR | Text: '' | Job: 0
2025-12-19 17:15:00 - __main__ - INFO - [2025-12-19 17:15:00] Status: ERROR | Text: '' | Job: 0
2025-12-19 17:15:00 - __main__ - INFO - [2025-12-19 17:15:00] Status: ERROR | Text: '' | Job: 0
2025-12-19 17:15:01 - __main__ - INFO - [2025-12-19 17:15:01] Status: ERROR | Text: '' | Job: 0
2025-12-19 17:15:01 - __main__ - INFO - [2025-12-19 17:15:01] Status: ERROR | Text: '' | Job: 0
2025-12-19 17:15:02 - __main__ - INFO - [2025-12-19 17:15:02] Status: ERROR | Text: '' | Job: 0
2025-12-19 17:15:02 - __main__ - INFO - [2025-12-19 17:15:02] Status: ERROR | Text: '' | Job: 0
2025-12-19 17:15:03 - __main__ - INFO - [2025-12-19 17:15:03] Status: ERROR | Text: '' | Job: 0
2025-12-19 17:15:03 - __main__ - INFO - [2025-12-19 17:15:03] Status: ERROR | Text: '' | Job: 0
2025-12-19 17:15:04 - __main__ - INFO - [2025-12-19 17:15:04] Status: ERROR | Text: '' | Job: 0
2025-12-19 17:15:04 - __main__ - INFO - [2025-12-19 17:15:04] Status: ERROR | Text: '' | Job: 0
2025-12-19 17:15:05 - __main__ - INFO - [2025-12-19 17:15:05] Status: ERROR | Text: '' | Job: 0
2025-12-19 17:15:05 - __main__ - INFO - [2025-12-19 17:15:05] Status: ERROR | Text: '' | Job: 0
2025-12-19 17:15:06 - __main__ - INFO - [2025-12-19 17:15:06] Status: ERROR | Text: '' | Job: 0
2025-12-19 17:15:06 - __main__ - INFO - [2025-12-19 17:15:06] Status: ERROR | Text: '' | Job: 0
2025-12-19 17:15:07 - __main__ - INFO - [2025-12-19 17:15:07] Status: ERROR | Text: '' | Job: 0
2025-12-19 17:15:07 - __main__ - INFO - [2025-12-19 17:15:07] Status: ERROR | Text: '' | Job: 0
2025-12-19 17:15:08 - __main__ - INFO - [2025-12-19 17:15:08] Status: ERROR | Text: '' | Job: 0
2025-12-19 17:15:08 - __main__ - INFO - [2025-12-19 17:15:08] Status: ERROR | Text: '' | Job: 0
2025-12-19 17:15:09 - __main__ - INFO - [2025-12-19 17:15:09] Status: ERROR | Text: '' | Job: 0
2025-12-19 17:15:09 - __main__ - INFO - [2025-12-19 17:15:09] Status: ERROR | Text: '' | Job: 0
2025-12-19 17:15:10 - __main__ - INFO - [2025-12-19 17:15:10] Status: ERROR | Text: '' | Job: 0
2025-12-19 17:15:10 - __main__ - INFO - [2025-12-19 17:15:10] Status: ERROR | Text: '' | Job: 0
2025-12-19 17:15:11 - __main__ - INFO - [2025-12-19 17:15:11] Status: ERROR | Text: '' | Job: 0
2025-12-19 17:15:11 - __main__ - INFO - [2025-12-19 17:15:11] Status: ERROR | Text: '' | Job: 0
2025-12-19 17:15:12 - __main__ - INFO - [2025-12-19 17:15:12] Status: ERROR | Text: '' | Job: 0
2025-12-19 17:15:12 - __main__ - INFO - [2025-12-19 17:15:12] Status: ERROR | Text: '' | Job: 0
2025-12-19 17:15:13 - __main__ - INFO - [2025-12-19 17:15:13] Status: ERROR | Text: '' | Job: 0
2025-12-19 17:15:13 - __main__ - INFO - [2025-12-19 17:15:13] Status: ERROR | Text: '' | Job: 0
2025-12-19 17:15:14 - __main__ - INFO - [2025-12-19 17:15:14] Status: ERROR | Text: '' | Job: 0
2025-12-19 17:15:14 - __main__ - INFO - [2025-12-19 17:15:14] Status: ERROR | Text: '' | Job: 0
2025-12-19 17:15:15 - __main__ - INFO - [2025-12-19 17:15:15] Status: ERROR | Text: '' | Job: 0
2025-12-19 17:15:15 - __main__ - INFO - [2025-12-19 17:15:15] Status: ERROR | Text: '' | Job: 0
2025-12-19 17:15:16 - __main__ - INFO - [2025-12-19 17:15:16] Status: ERROR | Text: '' | Job: 0
2025-12-19 17:15:16 - __main__ - INFO - [2025-12-19 17:15:16] Status: ERROR | Text: '' | Job: 0
2025-12-19 17:15:17 - __main__ - INFO - [2025-12-19 17:15:17] Status: ERROR | Text: '' | Job: 0
2025-12-19 17:15:17 - __main__ - INFO - [2025-12-19 17:15:17] Status: ERROR | Text: '' | Job: 0
2025-12-19 17:15:18 - __main__ - INFO - [2025-12-19 17:15:18] Status: ERROR | Text: '' | Job: 0
2025-12-19 17:15:18 - __main__ - INFO - [2025-12-19 17:15:18] Status: ERROR | Text: '' | Job: 0
2025-12-19 17:15:19 - __main__ - INFO - [2025-12-19 17:15:19] Status: ERROR | Text: '' | Job: 0
2025-12-19 17:15:19 - __main__ - INFO - [2025-12-19 17:15:19] Status: ERROR | Text: '' | Job: 0
2025-12-19 17:15:20 - __main__ - INFO - [2025-12-19 17:15:20] Status: ERROR | Text: '' | Job: 0
2025-12-19 17:15:20 - __main__ - INFO - [2025-12-19 17:15:20] Status: ERROR | Text: '' | Job: 0
2025-12-19 17:15:21 - __main__ - INFO - [2025-12-19 17:15:21] Status: ERROR | Text: '' | Job: 0
2025-12-19 17:15:21 - __main__ - INFO - [2025-12-19 17:15:21] Status: ERROR | Text: '' | Job: 0
2025-12-19 17:15:22 - __main__ - INFO - [2025-12-19 17:15:22] Status: ERROR | Text: '' | Job: 0
2025-12-19 17:15:22 - __main__ - INFO - [2025-12-19 17:15:22] Status: ERROR | Text: '' | Job: 0
2025-12-19 17:15:23 - __main__ - INFO - [2025-12-19 17:15:23] Status: ERROR | Text: '' | Job: 0
2025-12-19 17:15:23 - __main__ - INFO - [2025-12-19 17:15:23] Status: ERROR | Text: '' | Job: 0
2025-12-19 17:15:24 - __main__ - INFO - [2025-12-19 17:15:24] Status: ERROR | Text: '' | Job: 0
2025-12-19 17:15:24 - __main__ - INFO - [2025-12-19 17:15:24] Status: ERROR | Text: '' | Job: 0
2025-12-19 17:15:25 - __main__ - INFO - [2025-12-19 17:15:25] Status: ERROR | Text: '' | Job: 0
2025-12-19 17:15:25 - __main__ - INFO - [2025-12-19 17:15:25] Status: ERROR | Text: '' | Job: 0
2025-12-19 17:15:26 - __main__ - INFO - [2025-12-19 17:15:26] Status: ERROR | Text: '' | Job: 0
2025-12-19 17:15:26 - __main__ - INFO - [2025-12-19 17:15:26] Status: ERROR | Text: '' | Job: 0
2025-12-19 17:15:27 - __main__ - INFO - [2025-12-19 17:15:27] Status: ERROR | Text: '' | Job: 0
2025-12-19 17:15:27 - __main__ - INFO - [2025-12-19 17:15:27] Status: ERROR | Text: '' | Job: 0
2025-12-19 17:15:28 - __main__ - INFO - [2025-12-19 17:15:28] Status: ERROR | Text: '' | Job: 0
2025-12-19 17:15:28 - __main__ - INFO - [2025-12-19 17:15:28] Status: ERROR | Text: '' | Job: 0
2025-12-19 17:15:29 - __main__ - INFO - [2025-12-19 17:15:29] Status: ERROR | Text: '' | Job: 0
2025-12-19 17:15:29 - __main__ - INFO - [2025-12-19 17:15:29] Status: ERROR | Text: '' | Job: 0
2025-12-19 17:15:30 - __main__ - INFO - [2025-12-19 17:15:30] Status: ERROR | Text: '' | Job: 0
2025-12-19 17:15:30 - __main__ - INFO - [2025-12-19 17:15:30] Status: ERROR | Text: '' | Job: 0
2025-12-19 17:15:31 - __main__ - INFO - [2025-12-19 17:15:31] Status: ERROR | Text: '' | Job: 0
2025-12-19 17:15:31 - __main__ - INFO - [2025-12-19 17:15:31] Status: ERROR | Text: '' | Job: 0
2025-12-19 17:15:32 - __main__ - INFO - [2025-12-19 17:15:32] Status: ERROR | Text: '' | Job: 0
2025-12-19 17:15:32 - __main__ - INFO - [2025-12-19 17:15:32] Status: ERROR | Text: '' | Job: 0
2025-12-19 17:15:33 - __main__ - INFO - [2025-12-19 17:15:33] Status: ERROR | Text: '' | Job: 0
2025-12-19 17:15:33 - __main__ - INFO - [2025-12-19 17:15:33] Status: ERROR | Text: '' | Job: 0
2025-12-19 17:15:34 - __main__ - INFO - [2025-12-19 17:15:34] Status: ERROR | Text: '' | Job: 0
2025-12-19 17:15:34 - __main__ - INFO - [2025-12-19 17:15:34] Status: ERROR | Text: '' | Job: 0
2025-12-19 17:15:35 - __main__ - INFO - [2025-12-19 17:15:35] Status: ERROR | Text: '' | Job: 0
2025-12-19 17:15:35 - __main__ - INFO - [2025-12-19 17:15:35] Status: ERROR | Text: '' | Job: 0
2025-12-19 17:15:36 - __main__ - INFO - [2025-12-19 17:15:36] Status: ERROR | Text: '' | Job: 0
2025-12-19 17:15:36 - __main__ - INFO - [2025-12-19 17:15:36] Status: ERROR | Text: '' | Job: 0
2025-12-19 17:15:37 - __main__ - INFO - [2025-12-19 17:15:37] Status: ERROR | Text: '' | Job: 0
2025-12-19 17:15:37 - __main__ - INFO - [2025-12-19 17:15:37] Status: ERROR | Text: '' | Job: 0
2025-12-19 17:15:38 - __main__ - INFO - [2025-12-19 17:15:38] Status: ERROR | Text: '' | Job: 0
2025-12-19 17:15:38 - __main__ - INFO - [2025-12-19 17:15:38] Status: ERROR | Text: '' | Job: 0
2025-12-19 17:15:39 - __main__ - INFO - [2025-12-19 17:15:39] Status: ERROR | Text: '' | Job: 0
2025-12-19 17:15:39 - __main__ - INFO - [2025-12-19 17:15:39] Status: ERROR | Text: '' | Job: 0
2025-12-19 17:15:40 - __main__ - INFO - [2025-12-19 17:15:40] Status: ERROR | Text: '' | Job: 0
2025-12-19 17:15:40 - __main__ - INFO - [2025-12-19 17:15:40] Status: ERROR | Text: '' | Job: 0
2025-12-19 17:15:41 - __main__ - INFO - [2025-12-19 17:15:41] Status: ERROR | Text: '' | Job: 0
2025-12-19 17:15:41 - __main__ - INFO - [2025-12-19 17:15:41] Status: ERROR | Text: '' | Job: 0
2025-12-19 17:15:42 - __main__ - INFO - [2025-12-19 17:15:42] Status: ERROR | Text: '' | Job: 0
2025-12-19 17:15:42 - __main__ - INFO - [2025-12-19 17:15:42] Status: ERROR | Text: '' | Job: 0
2025-12-19 17:15:43 - __main__ - INFO - [2025-12-19 17:15:43] Status: ERROR | Text: '' | Job: 0
2025-12-19 17:15:44 - __main__ - INFO - [2025-12-19 17:15:44] Status: ERROR | Text: '' | Job: 0
2025-12-19 17:15:44 - __main__ - INFO - [2025-12-19 17:15:44] Status: ERROR | Text: '' | Job: 0
2025-12-19 17:15:45 - __main__ - INFO - [2025-12-19 17:15:45] Status: ERROR | Text: '' | Job: 0
2025-12-19 17:15:46 - __main__ - INFO - [2025-12-19 17:15:46] Status: ERROR | Text: '' | Job: 0
2025-12-19 17:15:46 - __main__ - INFO - [2025-12-19 17:15:46] Status: ERROR | Text: '' | Job: 0
2025-12-19 17:15:47 - __main__ - INFO - [2025-12-19 17:15:47] Status: ERROR | Text: '' | Job: 0
2025-12-19 17:15:47 - __main__ - INFO - [2025-12-19 17:15:47] Status: ERROR | Text: '' | Job: 0
2025-12-19 17:15:48 - __main__ - INFO - [2025-12-19 17:15:48] Status: ERROR | Text: '' | Job: 0
2025-12-19 17:15:48 - __main__ - INFO - [2025-12-19 17:15:48] Status: ERROR | Text: '' | Job: 0
2025-12-19 17:15:49 - __main__ - INFO - [2025-12-19 17:15:49] Status: ERROR | Text: '' | Job: 0
2025-12-19 17:15:49 - __main__ - INFO - [2025-12-19 17:15:49] Status: ERROR | Text: '' | Job: 0
2025-12-19 17:15:50 - __main__ - INFO - [2025-12-19 17:15:50] Status: ERROR | Text: '' | Job: 0
2025-12-19 17:15:50 - __main__ - INFO - [2025-12-19 17:15:50] Status: ERROR | Text: '' | Job: 0
2025-12-19 17:15:51 - __main__ - INFO - [2025-12-19 17:15:51] Status: ERROR | Text: '' | Job: 0
2025-12-19 17:15:51 - __main__ - INFO - [2025-12-19 17:15:51] Status: ERROR | Text: '' | Job: 0
2025-12-19 17:15:52 - __main__ - INFO - [2025-12-19 17:15:52] Status: ERROR | Text: '' | Job: 0
2025-12-19 17:15:52 - __main__ - INFO - [2025-12-19 17:15:52] Status: ERROR | Text: '' | Job: 0
2025-12-19 17:15:53 - __main__ - INFO - [2025-12-19 17:15:53] Status: ERROR | Text: '' | Job: 0
2025-12-19 17:15:53 - __main__ - INFO - [2025-12-19 17:15:53] Status: ERROR | Text: '' | Job: 0
2025-12-19 17:15:54 - __main__ - INFO - [2025-12-19 17:15:54] Status: ERROR | Text: '' | Job: 0
2025-12-19 17:15:54 - __main__ - INFO - [2025-12-19 17:15:54] Status: ERROR | Text: '' | Job: 0
2025-12-19 17:15:55 - __main__ - INFO - [2025-12-19 17:15:55] Status: ERROR | Text: '' | Job: 0
2025-12-19 17:15:55 - __main__ - INFO - [2025-12-19 17:15:55] Status: ERROR | Text: '' | Job: 0
2025-12-19 17:15:56 - __main__ - INFO - [2025-12-19 17:15:56] Status: ERROR | Text: '' | Job: 0
2025-12-19 17:15:56 - __main__ - INFO - [2025-12-19 17:15:56] Status: ERROR | Text: '' | Job: 0
2025-12-19 17:15:57 - __main__ - INFO - [2025-12-19 17:15:57] Status: ERROR | Text: '' | Job: 0
2025-12-19 17:15:57 - __main__ - INFO - [2025-12-19 17:15:57] Status: ERROR | Text: '' | Job: 0
2025-12-19 17:15:58 - __main__ - INFO - [2025-12-19 17:15:58] Status: ERROR | Text: '' | Job: 0
2025-12-19 17:15:58 - __main__ - INFO - [2025-12-19 17:15:58] Status: ERROR | Text: '' | Job: 0
2025-12-19 17:15:59 - __main__ - INFO - [2025-12-19 17:15:59] Status: ERROR | Text: '' | Job: 0
2025-12-19 17:15:59 - __main__ - INFO - [2025-12-19 17:15:59] Status: ERROR | Text: '' | Job: 0
2025-12-19 17:16:00 - __main__ - INFO - [2025-12-19 17:16:00] Status: ERROR | Text: '' | Job: 0
2025-12-19 17:16:00 - __main__ - INFO - [2025-12-19 17:16:00] Status: ERROR | Text: '' | Job: 0
2025-12-19 17:16:01 - __main__ - INFO - [2025-12-19 17:16:01] Status: ERROR | Text: '' | Job: 0
2025-12-19 17:16:01 - __main__ - INFO - [2025-12-19 17:16:01] Status: ERROR | Text: '' | Job: 0
2025-12-19 17:16:02 - __main__ - INFO - [2025-12-19 17:16:02] Status: ERROR | Text: '' | Job: 0
2025-12-19 17:16:02 - __main__ - INFO - [2025-12-19 17:16:02] Status: ERROR | Text: '' | Job: 0
2025-12-19 17:16:03 - __main__ - INFO - [2025-12-19 17:16:03] Status: ERROR | Text: '' | Job: 0
2025-12-19 17:16:03 - __main__ - INFO - [2025-12-19 17:16:03] Status: ERROR | Text: '' | Job: 0
2025-12-19 17:16:04 - __main__ - INFO - [2025-12-19 17:16:04] Status: ERROR | Text: '' | Job: 0
2025-12-19 17:16:04 - __main__ - INFO - [2025-12-19 17:16:04] Status: ERROR | Text: '' | Job: 0
2025-12-19 17:16:05 - __main__ - INFO - [2025-12-19 17:16:05] Status: ERROR | Text: '' | Job: 0
2025-12-19 17:16:05 - __main__ - INFO - [2025-12-19 17:16:05] Status: ERROR | Text: '' | Job: 0
2025-12-19 17:16:06 - __main__ - INFO - [2025-12-19 17:16:06] Status: ERROR | Text: '' | Job: 0
2025-12-19 17:16:06 - __main__ - INFO - [2025-12-19 17:16:06] Status: ERROR | Text: '' | Job: 0
2025-12-19 17:16:07 - __main__ - INFO - [2025-12-19 17:16:07] Status: ERROR | Text: '' | Job: 0
2025-12-19 17:16:07 - __main__ - INFO - [2025-12-19 17:16:07] Status: ERROR | Text: '' | Job: 0
2025-12-19 17:16:08 - __main__ - INFO - [2025-12-19 17:16:08] Status: ERROR | Text: '' | Job: 0
2025-12-19 17:16:08 - __main__ - INFO - [2025-12-19 17:16:08] Status: ERROR | Text: '' | Job: 0
2025-12-19 17:16:09 - __main__ - INFO - [2025-12-19 17:16:09] Status: ERROR | Text: '' | Job: 0
2025-12-19 17:16:09 - __main__ - INFO - [2025-12-19 17:16:09] Status: ERROR | Text: '' | Job: 0
2025-12-19 17:16:10 - __main__ - INFO - [2025-12-19 17:16:10] Status: ERROR | Text: '' | Job: 0
2025-12-19 17:16:10 - __main__ - INFO - [2025-12-19 17:16:10] Status: ERROR | Text: '' | Job: 0
2025-12-19 17:16:11 - __main__ - INFO - [2025-12-19 17:16:11] Status: ERROR | Text: '' | Job: 0
2025-12-19 17:16:11 - __main__ - INFO - [2025-12-19 17:16:11] Status: ERROR | Text: '' | Job: 0
2025-12-19 17:16:12 - __main__ - INFO - [2025-12-19 17:16:12] Status: ERROR | Text: '' | Job: 0
2025-12-19 17:16:12 - __main__ - INFO - [2025-12-19 17:16:12] Status: ERROR | Text: '' | Job: 0
2025-12-19 17:16:13 - __main__ - INFO - [2025-12-19 17:16:13] Status: ERROR | Text: '' | Job: 0
2025-12-19 17:16:13 - __main__ - INFO - [2025-12-19 17:16:13] Status: ERROR | Text: '' | Job: 0
2025-12-19 17:16:14 - __main__ - INFO - [2025-12-19 17:16:14] Status: ERROR | Text: '' | Job: 0
2025-12-19 17:16:14 - __main__ - INFO - [2025-12-19 17:16:14] Status: ERROR | Text: '' | Job: 0
2025-12-19 17:16:15 - __main__ - INFO - [2025-12-19 17:16:15] Status: ERROR | Text: '' | Job: 0
2025-12-19 17:16:15 - __main__ - INFO - [2025-12-19 17:16:15] Status: ERROR | Text: '' | Job: 0
2025-12-19 17:16:16 - __main__ - INFO - [2025-12-19 17:16:16] Status: ERROR | Text: '' | Job: 0
2025-12-19 17:16:16 - __main__ - INFO - [2025-12-19 17:16:16] Status: ERROR | Text: '' | Job: 0
2025-12-19 17:16:17 - __main__ - INFO - [2025-12-19 17:16:17] Status: ERROR | Text: '' | Job: 0
2025-12-19 17:16:17 - __main__ - INFO - [2025-12-19 17:16:17] Status: ERROR | Text: '' | Job: 0
2025-12-19 17:16:18 - __main__ - INFO - [2025-12-19 17:16:18] Status: ERROR | Text: '' | Job: 0
2025-12-19 17:16:18 - __main__ - INFO - [2025-12-19 17:16:18] Status: ERROR | Text: '' | Job: 0
2025-12-19 17:16:19 - __main__ - INFO - [2025-12-19 17:16:19] Status: ERROR | Text: '' | Job: 0
2025-12-19 17:16:19 - __main__ - INFO - [2025-12-19 17:16:19] Status: ERROR | Text: '' | Job: 0
2025-12-19 17:16:20 - __main__ - INFO - [2025-12-19 17:16:20] Status: ERROR | Text: '' | Job: 0
2025-12-19 17:16:20 - __main__ - INFO - [2025-12-19 17:16:20] Status: ERROR | Text: '' | Job: 0
2025-12-19 17:16:21 - __main__ - INFO - [2025-12-19 17:16:21] Status: ERROR | Text: '' | Job: 0
2025-12-19 17:16:21 - __main__ - INFO - [2025-12-19 17:16:21] Status: ERROR | Text: '' | Job: 0
2025-12-19 17:16:22 - __main__ - INFO - [2025-12-19 17:16:22] Status: ERROR | Text: '' | Job: 0
2025-12-19 17:16:22 - __main__ - INFO - [2025-12-19 17:16:22] Status: ERROR | Text: '' | Job: 0
2025-12-19 17:16:23 - __main__ - INFO - [2025-12-19 17:16:23] Status: ERROR | Text: '' | Job: 0
2025-12-19 17:16:23 - __main__ - INFO - [2025-12-19 17:16:23] Status: ERROR | Text: '' | Job: 0
2025-12-19 17:16:24 - __main__ - INFO - [2025-12-19 17:16:24] Status: ERROR | Text: '' | Job: 0
2025-12-19 17:16:24 - __main__ - INFO - [2025-12-19 17:16:24] Status: ERROR | Text: '' | Job: 0
2025-12-19 17:16:25 - __main__ - INFO - [2025-12-19 17:16:25] Status: ERROR | Text: '' | Job: 0
2025-12-19 17:16:25 - __main__ - INFO - [2025-12-19 17:16:25] Status: ERROR | Text: '' | Job: 0
2025-12-19 17:16:26 - __main__ - INFO - [2025-12-19 17:16:26] Status: ERROR | Text: '' | Job: 0
2025-12-19 17:16:26 - __main__ - INFO - [2025-12-19 17:16:26] Status: ERROR | Text: '' | Job: 0
2025-12-19 17:16:27 - __main__ - INFO - [2025-12-19 17:16:27] Status: ERROR | Text: '' | Job: 0
2025-12-19 17:16:27 - __main__ - INFO - [2025-12-19 17:16:27] Status: ERROR | Text: '' | Job: 0
2025-12-19 17:16:28 - __main__ - INFO - [2025-12-19 17:16:28] Status: ERROR | Text: '' | Job: 0
2025-12-19 17:16:28 - __main__ - INFO - [2025-12-19 17:16:28] Status: ERROR | Text: '' | Job: 0
2025-12-19 17:16:29 - __main__ - INFO - [2025-12-19 17:16:29] Status: ERROR | Text: '' | Job: 0
2025-12-19 17:16:29 - __main__ - INFO - [2025-12-19 17:16:29] Status: ERROR | Text: '' | Job: 0
2025-12-19 17:16:30 - __main__ - INFO - [2025-12-19 17:16:30] Status: ERROR | Text: '' | Job: 0
2025-12-19 17:16:30 - __main__ - INFO - [2025-12-19 17:16:30] Status: ERROR | Text: '' | Job: 0
2025-12-19 17:16:31 - __main__ - INFO - [2025-12-19 17:16:31] Status: ERROR | Text: '' | Job: 0
2025-12-19 17:16:31 - __main__ - INFO - [2025-12-19 17:16:31] Status: ERROR | Text: '' | Job: 0
2025-12-19 17:16:32 - __main__ - INFO - [2025-12-19 17:16:32] Status: ERROR | Text: '' | Job: 0
2025-12-19 17:16:32 - __main__ - INFO - [2025-12-19 17:16:32] Status: ERROR | Text: '' | Job: 0
2025-12-19 17:16:33 - __main__ - INFO - [2025-12-19 17:16:33] Status: ERROR | Text: '' | Job: 0
2025-12-19 17:16:33 - __main__ - INFO - [2025-12-19 17:16:33] Status: ERROR | Text: '' | Job: 0
2025-12-19 17:16:34 - __main__ - INFO - [2025-12-19 17:16:34] Status: ERROR | Text: '' | Job: 0
2025-12-19 17:16:34 - __main__ - INFO - [2025-12-19 17:16:34] Status: ERROR | Text: '' | Job: 0
2025-12-19 17:16:35 - __main__ - INFO - [2025-12-19 17:16:35] Status: ERROR | Text: '' | Job: 0
2025-12-19 17:16:35 - __main__ - INFO - [2025-12-19 17:16:35] Status: ERROR | Text: '' | Job: 0
2025-12-19 17:16:36 - __main__ - INFO - [2025-12-19 17:16:36] Status: ERROR | Text: '' | Job: 0
2025-12-19 17:16:36 - __main__ - INFO - [2025-12-19 17:16:36] Status: ERROR | Text: '' | Job: 0
2025-12-19 17:16:37 - __main__ - INFO - [2025-12-19 17:16:37] Status: ERROR | Text: '' | Job: 0
2025-12-19 17:16:37 - __main__ - INFO - [2025-12-19 17:16:37] Status: ERROR | Text: '' | Job: 0
2025-12-19 17:16:38 - __main__ - INFO - [2025-12-19 17:16:38] Status: ERROR | Text: '' | Job: 0
2025-12-19 17:16:38 - __main__ - INFO - [2025-12-19 17:16:38] Status: ERROR | Text: '' | Job: 0
2025-12-19 17:16:39 - __main__ - INFO - [2025-12-19 17:16:39] Status: ERROR | Text: '' | Job: 0
2025-12-19 17:16:39 - __main__ - INFO - [2025-12-19 17:16:39] Status: ERROR | Text: '' | Job: 0
2025-12-19 17:16:40 - __main__ - INFO - [2025-12-19 17:16:40] Status: ERROR | Text: '' | Job: 0
2025-12-19 17:16:40 - __main__ - INFO - [2025-12-19 17:16:40] Status: ERROR | Text: '' | Job: 0
2025-12-19 17:16:41 - __main__ - INFO - [2025-12-19 17:16:41] Status: ERROR | Text: '' | Job: 0
2025-12-19 17:16:41 - __main__ - INFO - [2025-12-19 17:16:41] Status: ERROR | Text: '' | Job: 0
2025-12-19 17:16:42 - __main__ - INFO - [2025-12-19 17:16:42] Status: ERROR | Text: '' | Job: 0
2025-12-19 17:16:42 - __main__ - INFO - [2025-12-19 17:16:42] Status: ERROR | Text: '' | Job: 0
2025-12-19 17:16:43 - __main__ - INFO - [2025-12-19 17:16:43] Status: ERROR | Text: '' | Job: 0
2025-12-19 17:16:43 - __main__ - INFO - [2025-12-19 17:16:43] Status: ERROR | Text: '' | Job: 0
2025-12-19 17:16:44 - __main__ - INFO - [2025-12-19 17:16:44] Status: ERROR | Text: '' | Job: 0
2025-12-19 17:16:44 - __main__ - INFO - [2025-12-19 17:16:44] Status: ERROR | Text: '' | Job: 0
2025-12-19 17:16:45 - __main__ - INFO - [2025-12-19 17:16:45] Status: ERROR | Text: '' | Job: 0
2025-12-19 17:16:45 - __main__ - INFO - [2025-12-19 17:16:45] Status: ERROR | Text: '' | Job: 0
2025-12-19 17:16:46 - __main__ - INFO - [2025-12-19 17:16:46] Status: ERROR | Text: '' | Job: 0
2025-12-19 17:16:46 - __main__ - INFO - [2025-12-19 17:16:46] Status: ERROR | Text: '' | Job: 0
2025-12-19 17:16:47 - __main__ - INFO - [2025-12-19 17:16:47] Status: ERROR | Text: '' | Job: 0
2025-12-19 17:16:47 - __main__ - INFO - [2025-12-19 17:16:47] Status: ERROR | Text: '' | Job: 0
2025-12-19 17:16:48 - __main__ - INFO - [2025-12-19 17:16:48] Status: ERROR | Text: '' | Job: 0
2025-12-19 17:16:48 - __main__ - INFO - [2025-12-19 17:16:48] Status: ERROR | Text: '' | Job: 0
2025-12-19 17:16:49 - __main__ - INFO - [2025-12-19 17:16:49] Status: ERROR | Text: '' | Job: 0
2025-12-19 17:16:49 - __main__ - INFO - [2025-12-19 17:16:49] Status: ERROR | Text: '' | Job: 0
2025-12-19 17:16:50 - __main__ - INFO - [2025-12-19 17:16:50] Status: ERROR | Text: '' | Job: 0
2025-12-19 17:16:50 - __main__ - INFO - [2025-12-19 17:16:50] Status: ERROR | Text: '' | Job: 0
2025-12-19 17:16:51 - __main__ - INFO - [2025-12-19 17:16:51] Status: ERROR | Text: '' | Job: 0
2025-12-19 17:16:51 - __main__ - INFO - [2025-12-19 17:16:51] Status: ERROR | Text: '' | Job: 0
2025-12-19 17:16:52 - __main__ - INFO - [2025-12-19 17:16:52] Status: ERROR | Text: '' | Job: 0
2025-12-19 17:16:52 - __main__ - INFO - [2025-12-19 17:16:52] Status: ERROR | Text: '' | Job: 0
2025-12-19 17:16:53 - __main__ - INFO - [2025-12-19 17:16:53] Status: ERROR | Text: '' | Job: 0
2025-12-19 17:16:53 - __main__ - INFO - [2025-12-19 17:16:53] Status: ERROR | Text: '' | Job: 0
2025-12-19 17:16:54 - __main__ - INFO - [2025-12-19 17:16:54] Status: ERROR | Text: '' | Job: 0
2025-12-19 17:16:54 - __main__ - INFO - [2025-12-19 17:16:54] Status: ERROR | Text: '' | Job: 0
2025-12-19 17:16:55 - __main__ - INFO - [2025-12-19 17:16:55] Status: ERROR | Text: '' | Job: 0
2025-12-19 17:16:55 - __main__ - INFO - [2025-12-19 17:16:55] Status: ERROR | Text: '' | Job: 0
2025-12-19 17:16:56 - __main__ - INFO - [2025-12-19 17:16:56] Status: ERROR | Text: '' | Job: 0
2025-12-19 17:16:56 - __main__ - INFO - [2025-12-19 17:16:56] Status: ERROR | Text: '' | Job: 0
2025-12-19 17:16:57 - __main__ - INFO - [2025-12-19 17:16:57] Status: ERROR | Text: '' | Job: 0
2025-12-19 17:16:57 - __main__ - INFO - [2025-12-19 17:16:57] Status: ERROR | Text: '' | Job: 0
2025-12-19 17:16:58 - __main__ - INFO - [2025-12-19 17:16:58] Status: ERROR | Text: '' | Job: 0
2025-12-19 17:16:58 - __main__ - INFO - [2025-12-19 17:16:58] Status: ERROR | Text: '' | Job: 0
2025-12-19 17:16:59 - __main__ - INFO - [2025-12-19 17:16:59] Status: ERROR | Text: '' | Job: 0
2025-12-19 17:16:59 - __main__ - INFO - [2025-12-19 17:16:59] Status: ERROR | Text: '' | Job: 0
2025-12-19 17:17:00 - __main__ - INFO - [2025-12-19 17:17:00] Status: ERROR | Text: '' | Job: 0
2025-12-19 17:17:00 - __main__ - INFO - [2025-12-19 17:17:00] Status: ERROR | Text: '' | Job: 0
2025-12-19 17:17:01 - __main__ - INFO - [2025-12-19 17:17:01] Status: ERROR | Text: '' | Job: 0
2025-12-19 17:17:01 - __main__ - INFO - [2025-12-19 17:17:01] Status: ERROR | Text: '' | Job: 0
2025-12-19 17:17:02 - __main__ - INFO - [2025-12-19 17:17:02] Status: ERROR | Text: '' | Job: 0
2025-12-19 17:17:02 - __main__ - INFO - [2025-12-19 17:17:02] Status: ERROR | Text: '' | Job: 0
2025-12-19 17:17:03 - __main__ - INFO - [2025-12-19 17:17:03] Status: ERROR | Text: '' | Job: 0
2025-12-19 17:17:03 - __main__ - INFO - [2025-12-19 17:17:03] Status: ERROR | Text: '' | Job: 0
2025-12-19 17:17:04 - __main__ - INFO - [2025-12-19 17:17:04] Status: ERROR | Text: '' | Job: 0
2025-12-19 17:17:04 - __main__ - INFO - [2025-12-19 17:17:04] Status: ERROR | Text: '' | Job: 0
2025-12-19 17:17:05 - __main__ - INFO - [2025-12-19 17:17:05] Status: ERROR | Text: '' | Job: 0
2025-12-19 17:17:05 - __main__ - INFO - [2025-12-19 17:17:05] Status: ERROR | Text: '' | Job: 0
2025-12-19 17:17:06 - __main__ - INFO - [2025-12-19 17:17:06] Status: ERROR | Text: '' | Job: 0
2025-12-19 17:17:06 - __main__ - INFO - [2025-12-19 17:17:06] Status: ERROR | Text: '' | Job: 0
2025-12-19 17:17:07 - __main__ - INFO - [2025-12-19 17:17:07] Status: ERROR | Text: '' | Job: 0
2025-12-19 17:17:07 - __main__ - INFO - [2025-12-19 17:17:07] Status: ERROR | Text: '' | Job: 0
2025-12-19 17:17:08 - __main__ - INFO - [2025-12-19 17:17:08] Status: ERROR | Text: '' | Job: 0
2025-12-19 17:17:08 - __main__ - INFO - [2025-12-19 17:17:08] Status: ERROR | Text: '' | Job: 0
2025-12-19 17:17:09 - __main__ - INFO - [2025-12-19 17:17:09] Status: ERROR | Text: '' | Job: 0
2025-12-19 17:17:09 - __main__ - INFO - [2025-12-19 17:17:09] Status: ERROR | Text: '' | Job: 0
2025-12-19 17:17:10 - __main__ - INFO - [2025-12-19 17:17:10] Status: ERROR | Text: '' | Job: 0
2025-12-19 17:17:10 - __main__ - INFO - [2025-12-19 17:17:10] Status: ERROR | Text: '' | Job: 0
2025-12-19 17:17:11 - __main__ - INFO - [2025-12-19 17:17:11] Status: ERROR | Text: '' | Job: 0
2025-12-19 17:17:11 - __main__ - INFO - [2025-12-19 17:17:11] Status: ERROR | Text: '' | Job: 0
2025-12-19 17:17:12 - __main__ - INFO - [2025-12-19 17:17:12] Status: ERROR | Text: '' | Job: 0
2025-12-19 17:17:12 - __main__ - INFO - [2025-12-19 17:17:12] Status: ERROR | Text: '' | Job: 0
2025-12-19 17:17:13 - __main__ - INFO - [2025-12-19 17:17:13] Status: ERROR | Text: '' | Job: 0
2025-12-19 17:17:13 - __main__ - INFO - [2025-12-19 17:17:13] Status: ERROR | Text: '' | Job: 0
2025-12-19 17:17:14 - __main__ - INFO - [2025-12-19 17:17:14] Status: ERROR | Text: '' | Job: 0
2025-12-19 17:17:14 - __main__ - INFO - [2025-12-19 17:17:14] Status: ERROR | Text: '' | Job: 0
2025-12-19 17:17:15 - __main__ - INFO - [2025-12-19 17:17:15] Status: ERROR | Text: '' | Job: 0
2025-12-19 17:17:15 - __main__ - INFO - [2025-12-19 17:17:15] Status: ERROR | Text: '' | Job: 0
2025-12-19 17:17:16 - __main__ - INFO - [2025-12-19 17:17:16] Status: ERROR | Text: '' | Job: 0
2025-12-19 17:17:16 - __main__ - INFO - [2025-12-19 17:17:16] Status: ERROR | Text: '' | Job: 0
2025-12-19 17:17:17 - __main__ - INFO - [2025-12-19 17:17:17] Status: ERROR | Text: '' | Job: 0
2025-12-19 17:17:17 - __main__ - INFO - [2025-12-19 17:17:17] Status: ERROR | Text: '' | Job: 0
2025-12-19 17:17:18 - __main__ - INFO - [2025-12-19 17:17:18] Status: ERROR | Text: '' | Job: 0
2025-12-19 17:17:18 - __main__ - INFO - [2025-12-19 17:17:18] Status: ERROR | Text: '' | Job: 0
2025-12-19 17:17:19 - __main__ - INFO - [2025-12-19 17:17:19] Status: ERROR | Text: '' | Job: 0
2025-12-19 17:17:19 - __main__ - INFO - [2025-12-19 17:17:19] Status: ERROR | Text: '' | Job: 0
2025-12-19 17:17:20 - __main__ - INFO - [2025-12-19 17:17:20] Status: ERROR | Text: '' | Job: 0
2025-12-19 17:17:20 - __main__ - INFO - [2025-12-19 17:17:20] Status: ERROR | Text: '' | Job: 0
2025-12-19 17:17:21 - __main__ - INFO - [2025-12-19 17:17:21] Status: ERROR | Text: '' | Job: 0
2025-12-19 17:17:21 - __main__ - INFO - [2025-12-19 17:17:21] Status: ERROR | Text: '' | Job: 0
2025-12-19 17:17:22 - __main__ - INFO - [2025-12-19 17:17:22] Status: ERROR | Text: '' | Job: 0
2025-12-19 17:17:22 - __main__ - INFO - [2025-12-19 17:17:22] Status: ERROR | Text: '' | Job: 0
2025-12-19 17:17:23 - __main__ - INFO - [2025-12-19 17:17:23] Status: ERROR | Text: '' | Job: 0
2025-12-19 17:17:23 - __main__ - INFO - [2025-12-19 17:17:23] Status: ERROR | Text: '' | Job: 0
2025-12-19 17:17:24 - __main__ - INFO - [2025-12-19 17:17:24] Status: ERROR | Text: '' | Job: 0
2025-12-19 17:17:24 - __main__ - INFO - [2025-12-19 17:17:24] Status: ERROR | Text: '' | Job: 0
2025-12-19 17:17:25 - __main__ - INFO - [2025-12-19 17:17:25] Status: ERROR | Text: '' | Job: 0
2025-12-19 17:17:25 - __main__ - INFO - [2025-12-19 17:17:25] Status: ERROR | Text: '' | Job: 0
2025-12-19 17:17:26 - __main__ - INFO - [2025-12-19 17:17:26] Status: ERROR | Text: '' | Job: 0
2025-12-19 17:17:26 - __main__ - INFO - [2025-12-19 17:17:26] Status: ERROR | Text: '' | Job: 0
2025-12-19 17:17:27 - __main__ - INFO - [2025-12-19 17:17:27] Status: ERROR | Text: '' | Job: 0
2025-12-19 17:17:27 - __main__ - INFO - [2025-12-19 17:17:27] Status: ERROR | Text: '' | Job: 0
2025-12-19 17:17:28 - __main__ - INFO - [2025-12-19 17:17:28] Status: ERROR | Text: '' | Job: 0
2025-12-19 17:17:28 - __main__ - INFO - [2025-12-19 17:17:28] Status: ERROR | Text: '' | Job: 0
2025-12-19 17:17:29 - __main__ - INFO - [2025-12-19 17:17:29] Status: ERROR | Text: '' | Job: 0
2025-12-19 17:17:29 - __main__ - INFO - [2025-12-19 17:17:29] Status: ERROR | Text: '' | Job: 0
2025-12-19 17:17:30 - __main__ - INFO - [2025-12-19 17:17:30] Status: ERROR | Text: '' | Job: 0
2025-12-19 17:17:30 - __main__ - INFO - [2025-12-19 17:17:30] Status: ERROR | Text: '' | Job: 0
2025-12-19 17:17:31 - __main__ - INFO - [2025-12-19 17:17:31] Status: ERROR | Text: '' | Job: 0
2025-12-19 17:17:31 - __main__ - INFO - [2025-12-19 17:17:31] Status: ERROR | Text: '' | Job: 0
2025-12-19 17:17:32 - __main__ - INFO - [2025-12-19 17:17:32] Status: ERROR | Text: '' | Job: 0
2025-12-19 17:17:32 - __main__ - INFO - [2025-12-19 17:17:32] Status: ERROR | Text: '' | Job: 0
2025-12-19 17:17:33 - __main__ - INFO - [2025-12-19 17:17:33] Status: ERROR | Text: '' | Job: 0
2025-12-19 17:17:33 - __main__ - INFO - [2025-12-19 17:17:33] Status: ERROR | Text: '' | Job: 0
2025-12-19 17:17:34 - __main__ - INFO - [2025-12-19 17:17:34] Status: ERROR | Text: '' | Job: 0
2025-12-19 17:17:34 - __main__ - INFO - [2025-12-19 17:17:34] Status: ERROR | Text: '' | Job: 0
2025-12-19 17:17:35 - __main__ - INFO - [2025-12-19 17:17:35] Status: ERROR | Text: '' | Job: 0
2025-12-19 17:17:35 - __main__ - INFO - [2025-12-19 17:17:35] Status: ERROR | Text: '' | Job: 0
2025-12-19 17:17:36 - __main__ - INFO - [2025-12-19 17:17:36] Status: ERROR | Text: '' | Job: 0
2025-12-19 17:17:36 - __main__ - INFO - [2025-12-19 17:17:36] Status: ERROR | Text: '' | Job: 0
2025-12-19 17:17:37 - __main__ - INFO - [2025-12-19 17:17:37] Status: ERROR | Text: '' | Job: 0
2025-12-19 17:17:37 - __main__ - INFO - [2025-12-19 17:17:37] Status: ERROR | Text: '' | Job: 0
2025-12-19 17:17:38 - __main__ - INFO - [2025-12-19 17:17:38] Status: ERROR | Text: '' | Job: 0
2025-12-19 17:17:38 - __main__ - INFO - [2025-12-19 17:17:38] Status: ERROR | Text: '' | Job: 0
2025-12-19 17:17:39 - __main__ - INFO - [2025-12-19 17:17:39] Status: ERROR | Text: '' | Job: 0
2025-12-19 17:17:39 - __main__ - INFO - [2025-12-19 17:17:39] Status: ERROR | Text: '' | Job: 0
2025-12-19 17:17:40 - __main__ - INFO - [2025-12-19 17:17:40] Status: ERROR | Text: '' | Job: 0
2025-12-19 17:17:40 - __main__ - INFO - [2025-12-19 17:17:40] Status: ERROR | Text: '' | Job: 0
2025-12-19 17:17:41 - __main__ - INFO - [2025-12-19 17:17:41] Status: ERROR | Text: '' | Job: 0
2025-12-19 17:17:41 - __main__ - INFO - [2025-12-19 17:17:41] Status: ERROR | Text: '' | Job: 0
2025-12-19 17:17:42 - __main__ - INFO - [2025-12-19 17:17:42] Status: ERROR | Text: '' | Job: 0
2025-12-19 17:17:42 - __main__ - INFO - [2025-12-19 17:17:42] Status: ERROR | Text: '' | Job: 0
2025-12-19 17:17:43 - __main__ - INFO - [2025-12-19 17:17:43] Status: ERROR | Text: '' | Job: 0
2025-12-19 17:17:43 - __main__ - INFO - [2025-12-19 17:17:43] Status: ERROR | Text: '' | Job: 0
2025-12-19 17:17:44 - __main__ - INFO - [2025-12-19 17:17:44] Status: ERROR | Text: '' | Job: 0
2025-12-19 17:17:44 - __main__ - INFO - [2025-12-19 17:17:44] Status: ERROR | Text: '' | Job: 0
2025-12-19 17:17:45 - __main__ - INFO - [2025-12-19 17:17:45] Status: ERROR | Text: '' | Job: 0
2025-12-19 17:17:45 - __main__ - INFO - [2025-12-19 17:17:45] Status: ERROR | Text: '' | Job: 0
2025-12-19 17:17:46 - __main__ - INFO - [2025-12-19 17:17:46] Status: ERROR | Text: '' | Job: 0
2025-12-19 17:17:46 - __main__ - INFO - [2025-12-19 17:17:46] Status: ERROR | Text: '' | Job: 0
2025-12-19 17:17:47 - __main__ - INFO - [2025-12-19 17:17:47] Status: ERROR | Text: '' | Job: 0
2025-12-19 17:17:47 - __main__ - INFO - [2025-12-19 17:17:47] Status: ERROR | Text: '' | Job: 0
2025-12-19 17:17:48 - __main__ - INFO - [2025-12-19 17:17:48] Status: ERROR | Text: '' | Job: 0
2025-12-19 17:17:48 - __main__ - INFO - [2025-12-19 17:17:48] Status: ERROR | Text: '' | Job: 0
2025-12-19 17:17:49 - __main__ - INFO - [2025-12-19 17:17:49] Status: ERROR | Text: '' | Job: 0
2025-12-19 17:17:49 - __main__ - INFO - [2025-12-19 17:17:49] Status: ERROR | Text: '' | Job: 0
2025-12-19 17:17:50 - __main__ - INFO - [2025-12-19 17:17:50] Status: ERROR | Text: '' | Job: 0
2025-12-19 17:17:50 - __main__ - INFO - [2025-12-19 17:17:50] Status: ERROR | Text: '' | Job: 0
2025-12-19 17:17:51 - __main__ - INFO - [2025-12-19 17:17:51] Status: ERROR | Text: '' | Job: 0
2025-12-19 17:17:51 - __main__ - INFO - [2025-12-19 17:17:51] Status: ERROR | Text: '' | Job: 0
2025-12-19 17:17:52 - __main__ - INFO - [2025-12-19 17:17:52] Status: ERROR | Text: '' | Job: 0
2025-12-19 17:17:52 - __main__ - INFO - [2025-12-19 17:17:52] Status: ERROR | Text: '' | Job: 0
2025-12-19 17:17:53 - __main__ - INFO - [2025-12-19 17:17:53] Status: ERROR | Text: '' | Job: 0
2025-12-19 17:17:53 - __main__ - INFO - [2025-12-19 17:17:53] Status: ERROR | Text: '' | Job: 0
2025-12-19 17:17:54 - __main__ - INFO - [2025-12-19 17:17:54] Status: ERROR | Text: '' | Job: 0
2025-12-19 17:17:54 - __main__ - INFO - [2025-12-19 17:17:54] Status: ERROR | Text: '' | Job: 0
2025-12-19 17:17:55 - __main__ - INFO - [2025-12-19 17:17:55] Status: ERROR | Text: '' | Job: 0
2025-12-19 17:17:55 - __main__ - INFO - [2025-12-19 17:17:55] Status: ERROR | Text: '' | Job: 0
2025-12-19 17:17:56 - __main__ - INFO - [2025-12-19 17:17:56] Status: ERROR | Text: '' | Job: 0
2025-12-19 17:17:56 - __main__ - INFO - [2025-12-19 17:17:56] Status: ERROR | Text: '' | Job: 0
2025-12-19 17:17:57 - __main__ - INFO - [2025-12-19 17:17:57] Status: ERROR | Text: '' | Job: 0
2025-12-19 17:17:57 - __main__ - INFO - [2025-12-19 17:17:57] Status: ERROR | Text: '' | Job: 0
2025-12-19 17:17:58 - __main__ - INFO - [2025-12-19 17:17:58] Status: ERROR | Text: '' | Job: 0
2025-12-19 17:17:58 - __main__ - INFO - [2025-12-19 17:17:58] Status: ERROR | Text: '' | Job: 0
2025-12-19 17:17:59 - __main__ - INFO - [2025-12-19 17:17:59] Status: ERROR | Text: '' | Job: 0
2025-12-19 17:17:59 - __main__ - INFO - [2025-12-19 17:17:59] Status: ERROR | Text: '' | Job: 0
2025-12-19 17:18:00 - __main__ - INFO - [2025-12-19 17:18:00] Status: ERROR | Text: '' | Job: 0
2025-12-19 17:18:00 - __main__ - INFO - [2025-12-19 17:18:00] Status: ERROR | Text: '' | Job: 0
2025-12-19 17:18:01 - __main__ - INFO - [2025-12-19 17:18:01] Status: ERROR | Text: '' | Job: 0
2025-12-19 17:18:01 - __main__ - INFO - [2025-12-19 17:18:01] Status: ERROR | Text: '' | Job: 0
2025-12-19 17:18:02 - __main__ - INFO - [2025-12-19 17:18:02] Status: ERROR | Text: '' | Job: 0
2025-12-19 17:18:02 - __main__ - INFO - [2025-12-19 17:18:02] Status: ERROR | Text: '' | Job: 0
2025-12-19 17:18:03 - __main__ - INFO - [2025-12-19 17:18:03] Status: ERROR | Text: '' | Job: 0
2025-12-19 17:18:03 - __main__ - INFO - [2025-12-19 17:18:03] Status: ERROR | Text: '' | Job: 0
2025-12-19 17:18:04 - __main__ - INFO - [2025-12-19 17:18:04] Status: ERROR | Text: '' | Job: 0
2025-12-19 17:18:04 - __main__ - INFO - [2025-12-19 17:18:04] Status: ERROR | Text: '' | Job: 0
2025-12-19 17:18:05 - __main__ - INFO - [2025-12-19 17:18:05] Status: ERROR | Text: '' | Job: 0
2025-12-19 17:18:05 - __main__ - INFO - [2025-12-19 17:18:05] Status: ERROR | Text: '' | Job: 0
2025-12-19 17:18:06 - __main__ - INFO - [2025-12-19 17:18:06] Status: ERROR | Text: '' | Job: 0
2025-12-19 17:18:06 - __main__ - INFO - [2025-12-19 17:18:06] Status: ERROR | Text: '' | Job: 0
2025-12-19 17:18:07 - __main__ - INFO - [2025-12-19 17:18:07] Status: ERROR | Text: '' | Job: 0
2025-12-19 17:18:07 - __main__ - INFO - [2025-12-19 17:18:07] Status: ERROR | Text: '' | Job: 0
2025-12-19 17:18:08 - __main__ - INFO - [2025-12-19 17:18:08] Status: ERROR | Text: '' | Job: 0
2025-12-19 17:18:08 - __main__ - INFO - [2025-12-19 17:18:08] Status: ERROR | Text: '' | Job: 0
2025-12-19 17:18:09 - __main__ - INFO - [2025-12-19 17:18:09] Status: ERROR | Text: '' | Job: 0
2025-12-19 17:18:09 - __main__ - INFO - [2025-12-19 17:18:09] Status: ERROR | Text: '' | Job: 0
2025-12-19 17:18:10 - __main__ - INFO - [2025-12-19 17:18:10] Status: ERROR | Text: '' | Job: 0
2025-12-19 17:18:10 - __main__ - INFO - [2025-12-19 17:18:10] Status: ERROR | Text: '' | Job: 0
2025-12-19 17:18:11 - __main__ - INFO - [2025-12-19 17:18:11] Status: ERROR | Text: '' | Job: 0
2025-12-19 17:18:11 - __main__ - INFO - [2025-12-19 17:18:11] Status: ERROR | Text: '' | Job: 0
2025-12-19 17:18:12 - __main__ - INFO - [2025-12-19 17:18:12] Status: ERROR | Text: '' | Job: 0
2025-12-19 17:18:12 - __main__ - INFO - [2025-12-19 17:18:12] Status: ERROR | Text: '' | Job: 0
2025-12-19 17:18:13 - __main__ - INFO - [2025-12-19 17:18:13] Status: ERROR | Text: '' | Job: 0
2025-12-19 17:18:13 - __main__ - INFO - [2025-12-19 17:18:13] Status: ERROR | Text: '' | Job: 0
2025-12-19 17:18:14 - __main__ - INFO - [2025-12-19 17:18:14] Status: ERROR | Text: '' | Job: 0
2025-12-19 17:18:14 - __main__ - INFO - [2025-12-19 17:18:14] Status: ERROR | Text: '' | Job: 0
2025-12-19 17:18:15 - __main__ - INFO - [2025-12-19 17:18:15] Status: ERROR | Text: '' | Job: 0
2025-12-19 17:18:15 - __main__ - INFO - [2025-12-19 17:18:15] Status: ERROR | Text: '' | Job: 0
2025-12-19 17:18:16 - __main__ - INFO - [2025-12-19 17:18:16] Status: ERROR | Text: '' | Job: 0
2025-12-19 17:18:16 - __main__ - INFO - [2025-12-19 17:18:16] Status: ERROR | Text: '' | Job: 0
2025-12-19 17:18:17 - __main__ - INFO - [2025-12-19 17:18:17] Status: ERROR | Text: '' | Job: 0
2025-12-19 17:18:17 - __main__ - INFO - [2025-12-19 17:18:17] Status: ERROR | Text: '' | Job: 0
2025-12-19 17:18:18 - __main__ - INFO - [2025-12-19 17:18:18] Status: ERROR | Text: '' | Job: 0
2025-12-19 17:18:18 - __main__ - INFO - [2025-12-19 17:18:18] Status: ERROR | Text: '' | Job: 0
2025-12-19 17:18:19 - __main__ - INFO - [2025-12-19 17:18:19] Status: ERROR | Text: '' | Job: 0
2025-12-19 17:18:19 - __main__ - INFO - [2025-12-19 17:18:19] Status: ERROR | Text: '' | Job: 0
2025-12-19 17:18:20 - __main__ - INFO - [2025-12-19 17:18:20] Status: ERROR | Text: '' | Job: 0
2025-12-19 17:18:20 - __main__ - INFO - [2025-12-19 17:18:20] Status: ERROR | Text: '' | Job: 0
2025-12-19 17:18:21 - __main__ - INFO - [2025-12-19 17:18:21] Status: ERROR | Text: '' | Job: 0
2025-12-19 17:18:22 - __main__ - INFO - [2025-12-19 17:18:22] Status: ERROR | Text: '' | Job: 0
2025-12-19 17:18:22 - __main__ - INFO - [2025-12-19 17:18:22] Status: ERROR | Text: '' | Job: 0
2025-12-19 17:18:23 - __main__ - INFO - [2025-12-19 17:18:23] Status: ERROR | Text: '' | Job: 0
2025-12-19 17:18:23 - __main__ - INFO - [2025-12-19 17:18:23] Status: ERROR | Text: '' | Job: 0
2025-12-19 17:18:24 - __main__ - INFO - [2025-12-19 17:18:24] Status: ERROR | Text: '' | Job: 0
2025-12-19 17:18:24 - __main__ - INFO - [2025-12-19 17:18:24] Status: ERROR | Text: '' | Job: 0
2025-12-19 17:18:25 - __main__ - INFO - [2025-12-19 17:18:25] Status: ERROR | Text: '' | Job: 0
2025-12-19 17:18:25 - __main__ - INFO - [2025-12-19 17:18:25] Status: ERROR | Text: '' | Job: 0
2025-12-19 17:18:26 - __main__ - INFO - [2025-12-19 17:18:26] Status: ERROR | Text: '' | Job: 0
2025-12-19 17:18:26 - __main__ - INFO - [2025-12-19 17:18:26] Status: ERROR | Text: '' | Job: 0
2025-12-19 17:18:27 - __main__ - INFO - [2025-12-19 17:18:27] Status: ERROR | Text: '' | Job: 0
2025-12-19 17:18:27 - __main__ - INFO - [2025-12-19 17:18:27] Status: ERROR | Text: '' | Job: 0
2025-12-19 17:18:28 - __main__ - INFO - [2025-12-19 17:18:28] Status: ERROR | Text: '' | Job: 0
2025-12-19 17:18:28 - __main__ - INFO - [2025-12-19 17:18:28] Status: ERROR | Text: '' | Job: 0
2025-12-19 17:18:29 - __main__ - INFO - [2025-12-19 17:18:29] Status: ERROR | Text: '' | Job: 0
2025-12-19 17:18:29 - __main__ - INFO - [2025-12-19 17:18:29] Status: ERROR | Text: '' | Job: 0
2025-12-19 17:18:30 - __main__ - INFO - [2025-12-19 17:18:30] Status: ERROR | Text: '' | Job: 0
2025-12-19 17:18:30 - __main__ - INFO - [2025-12-19 17:18:30] Status: ERROR | Text: '' | Job: 0
2025-12-19 17:18:31 - __main__ - INFO - [2025-12-19 17:18:31] Status: ERROR | Text: '' | Job: 0
2025-12-19 17:18:31 - __main__ - INFO - [2025-12-19 17:18:31] Status: ERROR | Text: '' | Job: 0
2025-12-19 17:18:32 - __main__ - INFO - [2025-12-19 17:18:32] Status: ERROR | Text: '' | Job: 0
2025-12-19 17:18:32 - __main__ - INFO - [2025-12-19 17:18:32] Status: ERROR | Text: '' | Job: 0
2025-12-19 17:18:33 - __main__ - INFO - [2025-12-19 17:18:33] Status: ERROR | Text: '' | Job: 0
2025-12-19 17:18:33 - __main__ - INFO - [2025-12-19 17:18:33] Status: ERROR | Text: '' | Job: 0
2025-12-19 17:18:34 - __main__ - INFO - [2025-12-19 17:18:34] Status: ERROR | Text: '' | Job: 0
2025-12-19 17:18:34 - __main__ - INFO - [2025-12-19 17:18:34] Status: ERROR | Text: '' | Job: 0
2025-12-19 17:18:35 - __main__ - INFO - [2025-12-19 17:18:35] Status: ERROR | Text: '' | Job: 0
2025-12-19 17:18:35 - __main__ - INFO - [2025-12-19 17:18:35] Status: ERROR | Text: '' | Job: 0
2025-12-19 17:18:36 - __main__ - INFO - [2025-12-19 17:18:36] Status: ERROR | Text: '' | Job: 0
2025-12-19 17:18:36 - __main__ - INFO - [2025-12-19 17:18:36] Status: ERROR | Text: '' | Job: 0
2025-12-19 17:18:37 - __main__ - INFO - [2025-12-19 17:18:37] Status: ERROR | Text: '' | Job: 0
2025-12-19 17:18:37 - __main__ - INFO - [2025-12-19 17:18:37] Status: ERROR | Text: '' | Job: 0
2025-12-19 17:18:38 - __main__ - INFO - [2025-12-19 17:18:38] Status: ERROR | Text: '' | Job: 0
2025-12-19 17:18:38 - __main__ - INFO - [2025-12-19 17:18:38] Status: ERROR | Text: '' | Job: 0
2025-12-19 17:18:39 - __main__ - INFO - [2025-12-19 17:18:39] Status: ERROR | Text: '' | Job: 0
2025-12-19 17:18:39 - __main__ - INFO - [2025-12-19 17:18:39] Status: ERROR | Text: '' | Job: 0
2025-12-19 17:18:40 - __main__ - INFO - [2025-12-19 17:18:40] Status: ERROR | Text: '' | Job: 0
2025-12-19 17:18:40 - __main__ - INFO - [2025-12-19 17:18:40] Status: ERROR | Text: '' | Job: 0
2025-12-19 17:18:41 - __main__ - INFO - [2025-12-19 17:18:41] Status: ERROR | Text: '' | Job: 0
2025-12-19 17:18:41 - __main__ - INFO - [2025-12-19 17:18:41] Status: ERROR | Text: '' | Job: 0
2025-12-19 17:18:42 - __main__ - INFO - [2025-12-19 17:18:42] Status: ERROR | Text: '' | Job: 0
2025-12-19 17:18:42 - __main__ - INFO - [2025-12-19 17:18:42] Status: ERROR | Text: '' | Job: 0
2025-12-19 17:18:43 - __main__ - INFO - [2025-12-19 17:18:43] Status: ERROR | Text: '' | Job: 0
2025-12-19 17:18:43 - __main__ - INFO - [2025-12-19 17:18:43] Status: ERROR | Text: '' | Job: 0
2025-12-19 17:18:44 - __main__ - INFO - [2025-12-19 17:18:44] Status: ERROR | Text: '' | Job: 0
2025-12-19 17:18:45 - __main__ - INFO - [2025-12-19 17:18:45] Status: ERROR | Text: '' | Job: 0
2025-12-19 17:18:45 - __main__ - INFO - [2025-12-19 17:18:45] Status: ERROR | Text: '' | Job: 0
2025-12-19 17:18:46 - __main__ - INFO - [2025-12-19 17:18:46] Status: ERROR | Text: '' | Job: 0
2025-12-19 17:18:46 - __main__ - INFO - [2025-12-19 17:18:46] Status: ERROR | Text: '' | Job: 0
2025-12-19 17:18:47 - __main__ - INFO - [2025-12-19 17:18:47] Status: ERROR | Text: '' | Job: 0
2025-12-19 17:18:47 - __main__ - INFO - [2025-12-19 17:18:47] Status: ERROR | Text: '' | Job: 0
2025-12-19 17:18:48 - __main__ - INFO - [2025-12-19 17:18:48] Status: ERROR | Text: '' | Job: 0
2025-12-19 17:18:48 - __main__ - INFO - [2025-12-19 17:18:48] Status: ERROR | Text: '' | Job: 0
2025-12-19 17:18:49 - __main__ - INFO - [2025-12-19 17:18:49] Status: ERROR | Text: '' | Job: 0
2025-12-19 17:18:49 - __main__ - INFO - [2025-12-19 17:18:49] Status: ERROR | Text: '' | Job: 0
2025-12-19 17:18:50 - __main__ - INFO - [2025-12-19 17:18:50] Status: ERROR | Text: '' | Job: 0
2025-12-19 17:18:50 - __main__ - INFO - [2025-12-19 17:18:50] Status: ERROR | Text: '' | Job: 0
2025-12-19 17:18:51 - __main__ - INFO - [2025-12-19 17:18:51] Status: ERROR | Text: '' | Job: 0
2025-12-19 17:18:51 - __main__ - INFO - [2025-12-19 17:18:51] Status: ERROR | Text: '' | Job: 0
2025-12-19 17:18:52 - __main__ - INFO - [2025-12-19 17:18:52] Status: ERROR | Text: '' | Job: 0
2025-12-19 17:18:52 - __main__ - INFO - [2025-12-19 17:18:52] Status: ERROR | Text: '' | Job: 0
2025-12-19 17:18:53 - __main__ - INFO - [2025-12-19 17:18:53] Status: ERROR | Text: '' | Job: 0
2025-12-19 17:18:53 - __main__ - INFO - [2025-12-19 17:18:53] Status: ERROR | Text: '' | Job: 0
2025-12-19 17:18:54 - __main__ - INFO - [2025-12-19 17:18:54] Status: ERROR | Text: '' | Job: 0
2025-12-19 17:18:54 - __main__ - INFO - [2025-12-19 17:18:54] Status: ERROR | Text: '' | Job: 0
2025-12-19 17:18:55 - __main__ - INFO - [2025-12-19 17:18:55] Status: ERROR | Text: '' | Job: 0
2025-12-19 17:18:55 - __main__ - INFO - [2025-12-19 17:18:55] Status: ERROR | Text: '' | Job: 0
2025-12-19 17:18:56 - __main__ - INFO - [2025-12-19 17:18:56] Status: ERROR | Text: '' | Job: 0
2025-12-19 17:18:56 - __main__ - INFO - [2025-12-19 17:18:56] Status: ERROR | Text: '' | Job: 0
2025-12-19 17:18:57 - __main__ - INFO - [2025-12-19 17:18:57] Status: ERROR | Text: '' | Job: 0
2025-12-19 17:18:57 - __main__ - INFO - [2025-12-19 17:18:57] Status: ERROR | Text: '' | Job: 0
2025-12-19 17:18:58 - __main__ - INFO - [2025-12-19 17:18:58] Status: ERROR | Text: '' | Job: 0
2025-12-19 17:18:58 - __main__ - INFO - [2025-12-19 17:18:58] Status: ERROR | Text: '' | Job: 0
2025-12-19 17:18:59 - __main__ - INFO - [2025-12-19 17:18:59] Status: ERROR | Text: '' | Job: 0
2025-12-19 17:18:59 - __main__ - INFO - [2025-12-19 17:18:59] Status: ERROR | Text: '' | Job: 0
2025-12-19 17:19:00 - __main__ - INFO - [2025-12-19 17:19:00] Status: ERROR | Text: '' | Job: 0
2025-12-19 17:19:00 - __main__ - INFO - [2025-12-19 17:19:00] Status: ERROR | Text: '' | Job: 0
2025-12-19 17:19:01 - __main__ - INFO - [2025-12-19 17:19:01] Status: ERROR | Text: '' | Job: 0
2025-12-19 17:19:01 - __main__ - INFO - [2025-12-19 17:19:01] Status: ERROR | Text: '' | Job: 0
2025-12-19 17:19:02 - __main__ - INFO - [2025-12-19 17:19:02] Status: ERROR | Text: '' | Job: 0
2025-12-19 17:19:02 - __main__ - INFO - [2025-12-19 17:19:02] Status: ERROR | Text: '' | Job: 0
2025-12-19 17:19:03 - __main__ - INFO - [2025-12-19 17:19:03] Status: ERROR | Text: '' | Job: 0
2025-12-19 17:19:03 - __main__ - INFO - [2025-12-19 17:19:03] Status: ERROR | Text: '' | Job: 0
2025-12-19 17:19:04 - __main__ - INFO - [2025-12-19 17:19:04] Status: ERROR | Text: '' | Job: 0
2025-12-19 17:19:04 - __main__ - INFO - [2025-12-19 17:19:04] Status: ERROR | Text: '' | Job: 0
2025-12-19 17:19:05 - __main__ - INFO - [2025-12-19 17:19:05] Status: ERROR | Text: '' | Job: 0
2025-12-19 17:19:05 - __main__ - INFO - [2025-12-19 17:19:05] Status: ERROR | Text: '' | Job: 0
2025-12-19 17:19:06 - __main__ - INFO - [2025-12-19 17:19:06] Status: ERROR | Text: '' | Job: 0
2025-12-19 17:19:06 - __main__ - INFO - [2025-12-19 17:19:06] Status: ERROR | Text: '' | Job: 0
2025-12-19 17:19:07 - __main__ - INFO - [2025-12-19 17:19:07] Status: ERROR | Text: '' | Job: 0
2025-12-19 17:19:07 - __main__ - INFO - [2025-12-19 17:19:07] Status: ERROR | Text: '' | Job: 0
2025-12-19 17:19:08 - __main__ - INFO - [2025-12-19 17:19:08] Status: ERROR | Text: '' | Job: 0
2025-12-19 17:19:08 - __main__ - INFO - [2025-12-19 17:19:08] Status: ERROR | Text: '' | Job: 0
2025-12-19 17:19:09 - __main__ - INFO - [2025-12-19 17:19:09] Status: ERROR | Text: '' | Job: 0
2025-12-19 17:19:09 - __main__ - INFO - [2025-12-19 17:19:09] Status: ERROR | Text: '' | Job: 0
2025-12-19 17:19:10 - __main__ - INFO - [2025-12-19 17:19:10] Status: ERROR | Text: '' | Job: 0
2025-12-19 17:19:10 - __main__ - INFO - [2025-12-19 17:19:10] Status: ERROR | Text: '' | Job: 0
2025-12-19 17:19:11 - __main__ - INFO - [2025-12-19 17:19:11] Status: ERROR | Text: '' | Job: 0
2025-12-19 17:19:11 - __main__ - INFO - [2025-12-19 17:19:11] Status: ERROR | Text: '' | Job: 0
2025-12-19 17:19:12 - __main__ - INFO - [2025-12-19 17:19:12] Status: ERROR | Text: '' | Job: 0
2025-12-19 17:19:12 - __main__ - INFO - [2025-12-19 17:19:12] Status: ERROR | Text: '' | Job: 0
2025-12-19 17:19:13 - __main__ - INFO - [2025-12-19 17:19:13] Status: ERROR | Text: '' | Job: 0
2025-12-19 17:19:13 - __main__ - INFO - [2025-12-19 17:19:13] Status: ERROR | Text: '' | Job: 0
2025-12-19 17:19:14 - __main__ - INFO - [2025-12-19 17:19:14] Status: ERROR | Text: '' | Job: 0
2025-12-19 17:19:14 - __main__ - INFO - [2025-12-19 17:19:14] Status: ERROR | Text: '' | Job: 0
2025-12-19 17:19:15 - __main__ - INFO - [2025-12-19 17:19:15] Status: ERROR | Text: '' | Job: 0
2025-12-19 17:19:15 - __main__ - INFO - [2025-12-19 17:19:15] Status: ERROR | Text: '' | Job: 0
2025-12-19 17:19:16 - __main__ - INFO - [2025-12-19 17:19:16] Status: ERROR | Text: '' | Job: 0
2025-12-19 17:19:16 - __main__ - INFO - [2025-12-19 17:19:16] Status: ERROR | Text: '' | Job: 0
2025-12-19 17:19:17 - __main__ - INFO - [2025-12-19 17:19:17] Status: ERROR | Text: '' | Job: 0
2025-12-19 17:19:17 - __main__ - INFO - [2025-12-19 17:19:17] Status: ERROR | Text: '' | Job: 0
2025-12-19 17:19:18 - __main__ - INFO - [2025-12-19 17:19:18] Status: ERROR | Text: '' | Job: 0
2025-12-19 17:19:18 - __main__ - INFO - [2025-12-19 17:19:18] Status: ERROR | Text: '' | Job: 0
2025-12-19 17:19:19 - __main__ - INFO - [2025-12-19 17:19:19] Status: ERROR | Text: '' | Job: 0
2025-12-19 17:19:19 - __main__ - INFO - [2025-12-19 17:19:19] Status: ERROR | Text: '' | Job: 0
2025-12-19 17:19:20 - __main__ - INFO - [2025-12-19 17:19:20] Status: ERROR | Text: '' | Job: 0
2025-12-19 17:19:20 - __main__ - INFO - [2025-12-19 17:19:20] Status: ERROR | Text: '' | Job: 0
2025-12-19 17:19:21 - __main__ - INFO - [2025-12-19 17:19:21] Status: ERROR | Text: '' | Job: 0
2025-12-19 17:19:21 - __main__ - INFO - [2025-12-19 17:19:21] Status: ERROR | Text: '' | Job: 0
2025-12-19 17:19:22 - __main__ - INFO - [2025-12-19 17:19:22] Status: ERROR | Text: '' | Job: 0
2025-12-19 17:19:22 - __main__ - INFO - [2025-12-19 17:19:22] Status: ERROR | Text: '' | Job: 0
2025-12-19 17:19:23 - __main__ - INFO - [2025-12-19 17:19:23] Status: ERROR | Text: '' | Job: 0
2025-12-19 17:19:23 - __main__ - INFO - [2025-12-19 17:19:23] Status: ERROR | Text: '' | Job: 0
2025-12-19 17:19:24 - __main__ - INFO - [2025-12-19 17:19:24] Status: ERROR | Text: '' | Job: 0
2025-12-19 17:19:24 - __main__ - INFO - [2025-12-19 17:19:24] Status: ERROR | Text: '' | Job: 0
2025-12-19 17:19:25 - __main__ - INFO - [2025-12-19 17:19:25] Status: ERROR | Text: '' | Job: 0
2025-12-19 17:19:25 - __main__ - INFO - [2025-12-19 17:19:25] Status: ERROR | Text: '' | Job: 0
2025-12-19 17:19:26 - __main__ - INFO - [2025-12-19 17:19:26] Status: ERROR | Text: '' | Job: 0
2025-12-19 17:19:26 - __main__ - INFO - [2025-12-19 17:19:26] Status: ERROR | Text: '' | Job: 0
2025-12-19 17:19:27 - __main__ - INFO - [2025-12-19 17:19:27] Status: ERROR | Text: '' | Job: 0
2025-12-19 17:19:27 - __main__ - INFO - [2025-12-19 17:19:27] Status: ERROR | Text: '' | Job: 0
2025-12-19 17:19:28 - __main__ - INFO - [2025-12-19 17:19:28] Status: ERROR | Text: '' | Job: 0
2025-12-19 17:19:28 - __main__ - INFO - [2025-12-19 17:19:28] Status: ERROR | Text: '' | Job: 0
2025-12-19 17:19:29 - __main__ - INFO - [2025-12-19 17:19:29] Status: ERROR | Text: '' | Job: 0
2025-12-19 17:19:29 - __main__ - INFO - [2025-12-19 17:19:29] Status: ERROR | Text: '' | Job: 0
2025-12-19 17:19:30 - __main__ - INFO - [2025-12-19 17:19:30] Status: ERROR | Text: '' | Job: 0
2025-12-19 17:19:30 - __main__ - INFO - [2025-12-19 17:19:30] Status: ERROR | Text: '' | Job: 0
2025-12-19 17:19:31 - __main__ - INFO - [2025-12-19 17:19:31] Status: ERROR | Text: '' | Job: 0
2025-12-19 17:19:31 - __main__ - INFO - [2025-12-19 17:19:31] Status: ERROR | Text: '' | Job: 0
2025-12-19 17:19:32 - __main__ - INFO - [2025-12-19 17:19:32] Status: ERROR | Text: '' | Job: 0
2025-12-19 17:19:32 - __main__ - INFO - [2025-12-19 17:19:32] Status: ERROR | Text: '' | Job: 0
2025-12-19 17:19:33 - __main__ - INFO - [2025-12-19 17:19:33] Status: ERROR | Text: '' | Job: 0
2025-12-19 17:19:33 - __main__ - INFO - [2025-12-19 17:19:33] Status: ERROR | Text: '' | Job: 0
2025-12-19 17:19:34 - __main__ - INFO - [2025-12-19 17:19:34] Status: ERROR | Text: '' | Job: 0
2025-12-19 17:19:34 - __main__ - INFO - [2025-12-19 17:19:34] Status: ERROR | Text: '' | Job: 0
2025-12-19 17:19:35 - __main__ - INFO - [2025-12-19 17:19:35] Status: ERROR | Text: '' | Job: 0
2025-12-19 17:19:35 - __main__ - INFO - [2025-12-19 17:19:35] Status: ERROR | Text: '' | Job: 0
2025-12-19 17:19:36 - __main__ - INFO - [2025-12-19 17:19:36] Status: ERROR | Text: '' | Job: 0
2025-12-19 17:19:36 - __main__ - INFO - [2025-12-19 17:19:36] Status: ERROR | Text: '' | Job: 0
2025-12-19 17:19:37 - __main__ - INFO - [2025-12-19 17:19:37] Status: ERROR | Text: '' | Job: 0
2025-12-19 17:19:37 - __main__ - INFO - [2025-12-19 17:19:37] Status: ERROR | Text: '' | Job: 0
2025-12-19 17:19:38 - __main__ - INFO - [2025-12-19 17:19:38] Status: ERROR | Text: '' | Job: 0
2025-12-19 17:19:38 - __main__ - INFO - [2025-12-19 17:19:38] Status: ERROR | Text: '' | Job: 0
2025-12-19 17:19:39 - __main__ - INFO - [2025-12-19 17:19:39] Status: ERROR | Text: '' | Job: 0
2025-12-19 17:19:39 - __main__ - INFO - [2025-12-19 17:19:39] Status: ERROR | Text: '' | Job: 0
2025-12-19 17:19:40 - __main__ - INFO - [2025-12-19 17:19:40] Status: ERROR | Text: '' | Job: 0
2025-12-19 17:19:40 - __main__ - INFO - [2025-12-19 17:19:40] Status: ERROR | Text: '' | Job: 0
2025-12-19 17:19:41 - __main__ - INFO - [2025-12-19 17:19:41] Status: ERROR | Text: '' | Job: 0
2025-12-19 17:19:41 - __main__ - INFO - [2025-12-19 17:19:41] Status: ERROR | Text: '' | Job: 0
2025-12-19 17:19:42 - __main__ - INFO - [2025-12-19 17:19:42] Status: ERROR | Text: '' | Job: 0
2025-12-19 17:19:42 - __main__ - INFO - [2025-12-19 17:19:42] Status: ERROR | Text: '' | Job: 0
2025-12-19 17:19:43 - __main__ - INFO - [2025-12-19 17:19:43] Status: ERROR | Text: '' | Job: 0
2025-12-19 17:19:43 - __main__ - INFO - [2025-12-19 17:19:43] Status: ERROR | Text: '' | Job: 0
2025-12-19 17:19:44 - __main__ - INFO - [2025-12-19 17:19:44] Status: ERROR | Text: '' | Job: 0
2025-12-19 17:19:44 - __main__ - INFO - [2025-12-19 17:19:44] Status: ERROR | Text: '' | Job: 0
2025-12-19 17:19:45 - __main__ - INFO - [2025-12-19 17:19:45] Status: ERROR | Text: '' | Job: 0
2025-12-19 17:19:45 - __main__ - INFO - [2025-12-19 17:19:45] Status: ERROR | Text: '' | Job: 0
2025-12-19 17:19:46 - __main__ - INFO - [2025-12-19 17:19:46] Status: ERROR | Text: '' | Job: 0
2025-12-19 17:19:46 - __main__ - INFO - [2025-12-19 17:19:46] Status: ERROR | Text: '' | Job: 0
2025-12-19 17:19:47 - __main__ - INFO - [2025-12-19 17:19:47] Status: ERROR | Text: '' | Job: 0
2025-12-19 17:19:47 - __main__ - INFO - [2025-12-19 17:19:47] Status: ERROR | Text: '' | Job: 0
2025-12-19 17:19:48 - __main__ - INFO - [2025-12-19 17:19:48] Status: ERROR | Text: '' | Job: 0
2025-12-19 17:19:48 - __main__ - INFO - [2025-12-19 17:19:48] Status: ERROR | Text: '' | Job: 0
2025-12-19 17:19:49 - __main__ - INFO - [2025-12-19 17:19:49] Status: ERROR | Text: '' | Job: 0
2025-12-19 17:19:49 - __main__ - INFO - [2025-12-19 17:19:49] Status: ERROR | Text: '' | Job: 0
2025-12-19 17:19:50 - __main__ - INFO - [2025-12-19 17:19:50] Status: ERROR | Text: '' | Job: 0
2025-12-19 17:19:50 - __main__ - INFO - [2025-12-19 17:19:50] Status: ERROR | Text: '' | Job: 0
2025-12-19 17:19:51 - __main__ - INFO - [2025-12-19 17:19:51] Status: ERROR | Text: '' | Job: 0
2025-12-19 17:19:51 - __main__ - INFO - [2025-12-19 17:19:51] Status: ERROR | Text: '' | Job: 0
2025-12-19 17:19:52 - __main__ - INFO - [2025-12-19 17:19:52] Status: ERROR | Text: '' | Job: 0
2025-12-19 17:19:52 - __main__ - INFO - [2025-12-19 17:19:52] Status: ERROR | Text: '' | Job: 0
2025-12-19 17:19:53 - __main__ - INFO - [2025-12-19 17:19:53] Status: ERROR | Text: '' | Job: 0
2025-12-19 17:19:53 - __main__ - INFO - [2025-12-19 17:19:53] Status: ERROR | Text: '' | Job: 0
2025-12-19 17:19:54 - __main__ - INFO - [2025-12-19 17:19:54] Status: ERROR | Text: '' | Job: 0
2025-12-19 17:19:54 - __main__ - INFO - [2025-12-19 17:19:54] Status: ERROR | Text: '' | Job: 0
2025-12-19 17:19:55 - __main__ - INFO - [2025-12-19 17:19:55] Status: ERROR | Text: '' | Job: 0
2025-12-19 17:19:55 - __main__ - INFO - [2025-12-19 17:19:55] Status: ERROR | Text: '' | Job: 0
2025-12-19 17:19:56 - __main__ - INFO - [2025-12-19 17:19:56] Status: ERROR | Text: '' | Job: 0
2025-12-19 17:19:56 - __main__ - INFO - [2025-12-19 17:19:56] Status: ERROR | Text: '' | Job: 0
2025-12-19 17:19:57 - __main__ - INFO - [2025-12-19 17:19:57] Status: ERROR | Text: '' | Job: 0
2025-12-19 17:19:57 - __main__ - INFO - [2025-12-19 17:19:57] Status: ERROR | Text: '' | Job: 0
2025-12-19 17:19:58 - __main__ - INFO - [2025-12-19 17:19:58] Status: ERROR | Text: '' | Job: 0
2025-12-19 17:19:58 - __main__ - INFO - [2025-12-19 17:19:58] Status: ERROR | Text: '' | Job: 0
2025-12-19 17:19:59 - __main__ - INFO - [2025-12-19 17:19:59] Status: ERROR | Text: '' | Job: 0
2025-12-19 17:19:59 - __main__ - INFO - [2025-12-19 17:19:59] Status: ERROR | Text: '' | Job: 0
2025-12-19 17:20:00 - __main__ - INFO - [2025-12-19 17:20:00] Status: ERROR | Text: '' | Job: 0
2025-12-19 17:20:00 - __main__ - INFO - [2025-12-19 17:20:00] Status: ERROR | Text: '' | Job: 0
2025-12-19 17:20:01 - __main__ - INFO - [2025-12-19 17:20:01] Status: ERROR | Text: '' | Job: 0
2025-12-19 17:20:01 - __main__ - INFO - [2025-12-19 17:20:01] Status: ERROR | Text: '' | Job: 0
2025-12-19 17:20:02 - __main__ - INFO - [2025-12-19 17:20:02] Status: ERROR | Text: '' | Job: 0
2025-12-19 17:20:02 - __main__ - INFO - [2025-12-19 17:20:02] Status: ERROR | Text: '' | Job: 0
2025-12-19 17:20:03 - __main__ - INFO - [2025-12-19 17:20:03] Status: ERROR | Text: '' | Job: 0
2025-12-19 17:20:03 - __main__ - INFO - [2025-12-19 17:20:03] Status: ERROR | Text: '' | Job: 0
2025-12-19 17:20:04 - __main__ - INFO - [2025-12-19 17:20:04] Status: ERROR | Text: '' | Job: 0
2025-12-19 17:20:04 - __main__ - INFO - [2025-12-19 17:20:04] Status: ERROR | Text: '' | Job: 0
2025-12-19 17:20:05 - __main__ - INFO - [2025-12-19 17:20:05] Status: ERROR | Text: '' | Job: 0
2025-12-19 17:20:05 - __main__ - INFO - [2025-12-19 17:20:05] Status: ERROR | Text: '' | Job: 0
2025-12-19 17:20:06 - __main__ - INFO - [2025-12-19 17:20:06] Status: ERROR | Text: '' | Job: 0
2025-12-19 17:20:06 - __main__ - INFO - [2025-12-19 17:20:06] Status: ERROR | Text: '' | Job: 0
2025-12-19 17:20:07 - __main__ - INFO - [2025-12-19 17:20:07] Status: ERROR | Text: '' | Job: 0
2025-12-19 17:20:07 - __main__ - INFO - [2025-12-19 17:20:07] Status: ERROR | Text: '' | Job: 0
2025-12-19 17:20:08 - __main__ - INFO - [2025-12-19 17:20:08] Status: ERROR | Text: '' | Job: 0
2025-12-19 17:20:08 - __main__ - INFO - [2025-12-19 17:20:08] Status: ERROR | Text: '' | Job: 0
2025-12-19 17:20:09 - __main__ - INFO - [2025-12-19 17:20:09] Status: ERROR | Text: '' | Job: 0
2025-12-19 17:20:09 - __main__ - INFO - [2025-12-19 17:20:09] Status: ERROR | Text: '' | Job: 0
2025-12-19 17:20:10 - __main__ - INFO - [2025-12-19 17:20:10] Status: ERROR | Text: '' | Job: 0
2025-12-19 17:20:10 - __main__ - INFO - [2025-12-19 17:20:10] Status: ERROR | Text: '' | Job: 0
2025-12-19 17:20:11 - __main__ - INFO - [2025-12-19 17:20:11] Status: ERROR | Text: '' | Job: 0
2025-12-19 17:20:11 - __main__ - INFO - [2025-12-19 17:20:11] Status: ERROR | Text: '' | Job: 0
2025-12-19 17:20:12 - __main__ - INFO - [2025-12-19 17:20:12] Status: ERROR | Text: '' | Job: 0
2025-12-19 17:20:12 - __main__ - INFO - [2025-12-19 17:20:12] Status: ERROR | Text: '' | Job: 0
2025-12-19 17:20:13 - __main__ - INFO - [2025-12-19 17:20:13] Status: ERROR | Text: '' | Job: 0
2025-12-19 17:20:13 - __main__ - INFO - [2025-12-19 17:20:13] Status: ERROR | Text: '' | Job: 0
2025-12-19 17:20:14 - __main__ - INFO - [2025-12-19 17:20:14] Status: ERROR | Text: '' | Job: 0
2025-12-19 17:20:14 - __main__ - INFO - [2025-12-19 17:20:14] Status: ERROR | Text: '' | Job: 0
2025-12-19 17:20:15 - __main__ - INFO - [2025-12-19 17:20:15] Status: ERROR | Text: '' | Job: 0
2025-12-19 17:20:15 - __main__ - INFO - [2025-12-19 17:20:15] Status: ERROR | Text: '' | Job: 0
2025-12-19 17:20:16 - __main__ - INFO - [2025-12-19 17:20:16] Status: ERROR | Text: '' | Job: 0
2025-12-19 17:20:16 - __main__ - INFO - [2025-12-19 17:20:16] Status: ERROR | Text: '' | Job: 0
2025-12-19 17:20:18 - __main__ - INFO - [2025-12-19 17:20:18] Status: ERROR | Text: '' | Job: 0
2025-12-19 17:20:18 - __main__ - INFO - [2025-12-19 17:20:18] Status: ERROR | Text: '' | Job: 0
2025-12-19 17:20:19 - __main__ - INFO - [2025-12-19 17:20:19] Status: ERROR | Text: '' | Job: 0
2025-12-19 17:20:19 - __main__ - INFO - [2025-12-19 17:20:19] Status: ERROR | Text: '' | Job: 0
2025-12-19 17:20:20 - __main__ - INFO - [2025-12-19 17:20:20] Status: ERROR | Text: '' | Job: 0
2025-12-19 17:20:20 - __main__ - INFO - [2025-12-19 17:20:20] Status: ERROR | Text: '' | Job: 0
2025-12-19 17:20:21 - __main__ - INFO - [2025-12-19 17:20:21] Status: ERROR | Text: '' | Job: 0
2025-12-19 17:20:21 - __main__ - INFO - [2025-12-19 17:20:21] Status: ERROR | Text: '' | Job: 0
2025-12-19 17:20:22 - __main__ - INFO - [2025-12-19 17:20:22] Status: ERROR | Text: '' | Job: 0
2025-12-19 17:20:22 - __main__ - INFO - [2025-12-19 17:20:22] Status: ERROR | Text: '' | Job: 0
2025-12-19 17:20:23 - __main__ - INFO - [2025-12-19 17:20:23] Status: ERROR | Text: '' | Job: 0
2025-12-19 17:20:23 - __main__ - INFO - [2025-12-19 17:20:23] Status: ERROR | Text: '' | Job: 0
2025-12-19 17:20:24 - __main__ - INFO - [2025-12-19 17:20:24] Status: ERROR | Text: '' | Job: 0
2025-12-19 17:20:24 - __main__ - INFO - [2025-12-19 17:20:24] Status: ERROR | Text: '' | Job: 0
2025-12-19 17:20:25 - __main__ - INFO - [2025-12-19 17:20:25] Status: ERROR | Text: '' | Job: 0
2025-12-19 17:20:25 - __main__ - INFO - [2025-12-19 17:20:25] Status: ERROR | Text: '' | Job: 0
2025-12-19 17:20:26 - __main__ - INFO - [2025-12-19 17:20:26] Status: ERROR | Text: '' | Job: 0
2025-12-19 17:20:26 - __main__ - INFO - [2025-12-19 17:20:26] Status: ERROR | Text: '' | Job: 0
2025-12-19 17:20:27 - __main__ - INFO - [2025-12-19 17:20:27] Status: ERROR | Text: '' | Job: 0
2025-12-19 17:20:27 - __main__ - INFO - [2025-12-19 17:20:27] Status: ERROR | Text: '' | Job: 0
2025-12-19 17:20:28 - __main__ - INFO - [2025-12-19 17:20:28] Status: ERROR | Text: '' | Job: 0
2025-12-19 17:20:28 - __main__ - INFO - [2025-12-19 17:20:28] Status: ERROR | Text: '' | Job: 0
2025-12-19 17:20:29 - __main__ - INFO - [2025-12-19 17:20:29] Status: ERROR | Text: '' | Job: 0
2025-12-19 17:20:29 - __main__ - INFO - [2025-12-19 17:20:29] Status: ERROR | Text: '' | Job: 0
2025-12-19 17:20:30 - __main__ - INFO - [2025-12-19 17:20:30] Status: ERROR | Text: '' | Job: 0
2025-12-19 17:20:30 - __main__ - INFO - [2025-12-19 17:20:30] Status: ERROR | Text: '' | Job: 0
2025-12-19 17:20:31 - __main__ - INFO - [2025-12-19 17:20:31] Status: ERROR | Text: '' | Job: 0
2025-12-19 17:20:31 - __main__ - INFO - [2025-12-19 17:20:31] Status: ERROR | Text: '' | Job: 0
2025-12-19 17:20:32 - __main__ - INFO - [2025-12-19 17:20:32] Status: ERROR | Text: '' | Job: 0
2025-12-19 17:20:32 - __main__ - INFO - [2025-12-19 17:20:32] Status: ERROR | Text: '' | Job: 0
2025-12-19 17:20:33 - __main__ - INFO - [2025-12-19 17:20:33] Status: ERROR | Text: '' | Job: 0
2025-12-19 17:20:33 - __main__ - INFO - [2025-12-19 17:20:33] Status: ERROR | Text: '' | Job: 0
2025-12-19 17:20:34 - __main__ - INFO - [2025-12-19 17:20:34] Status: ERROR | Text: '' | Job: 0
2025-12-19 17:20:34 - __main__ - INFO - [2025-12-19 17:20:34] Status: ERROR | Text: '' | Job: 0
2025-12-19 17:20:35 - __main__ - INFO - [2025-12-19 17:20:35] Status: ERROR | Text: '' | Job: 0
2025-12-19 17:20:35 - __main__ - INFO - [2025-12-19 17:20:35] Status: ERROR | Text: '' | Job: 0
2025-12-19 17:20:36 - __main__ - INFO - [2025-12-19 17:20:36] Status: ERROR | Text: '' | Job: 0
2025-12-19 17:20:36 - __main__ - INFO - [2025-12-19 17:20:36] Status: ERROR | Text: '' | Job: 0
2025-12-19 17:20:37 - __main__ - INFO - [2025-12-19 17:20:37] Status: ERROR | Text: '' | Job: 0
2025-12-19 17:20:37 - __main__ - INFO - [2025-12-19 17:20:37] Status: ERROR | Text: '' | Job: 0
2025-12-19 17:20:38 - __main__ - INFO - [2025-12-19 17:20:38] Status: ERROR | Text: '' | Job: 0
2025-12-19 17:20:38 - __main__ - INFO - [2025-12-19 17:20:38] Status: ERROR | Text: '' | Job: 0
2025-12-19 17:20:39 - __main__ - INFO - [2025-12-19 17:20:39] Status: ERROR | Text: '' | Job: 0
2025-12-19 17:20:39 - __main__ - INFO - [2025-12-19 17:20:39] Status: ERROR | Text: '' | Job: 0
2025-12-19 17:20:40 - __main__ - INFO - [2025-12-19 17:20:40] Status: ERROR | Text: '' | Job: 0
2025-12-19 17:20:40 - __main__ - INFO - [2025-12-19 17:20:40] Status: ERROR | Text: '' | Job: 0
2025-12-19 17:20:41 - __main__ - INFO - [2025-12-19 17:20:41] Status: ERROR | Text: '' | Job: 0
2025-12-19 17:20:41 - __main__ - INFO - [2025-12-19 17:20:41] Status: ERROR | Text: '' | Job: 0
2025-12-19 17:20:42 - __main__ - INFO - [2025-12-19 17:20:42] Status: ERROR | Text: '' | Job: 0
2025-12-19 17:20:42 - __main__ - INFO - [2025-12-19 17:20:42] Status: ERROR | Text: '' | Job: 0
2025-12-19 17:20:43 - __main__ - INFO - [2025-12-19 17:20:43] Status: ERROR | Text: '' | Job: 0
2025-12-19 17:20:43 - __main__ - INFO - [2025-12-19 17:20:43] Status: ERROR | Text: '' | Job: 0
2025-12-19 17:20:44 - __main__ - INFO - [2025-12-19 17:20:44] Status: ERROR | Text: '' | Job: 0
2025-12-19 17:20:44 - __main__ - INFO - [2025-12-19 17:20:44] Status: ERROR | Text: '' | Job: 0
2025-12-19 17:20:45 - __main__ - INFO - [2025-12-19 17:20:45] Status: ERROR | Text: '' | Job: 0
2025-12-19 17:20:45 - __main__ - INFO - [2025-12-19 17:20:45] Status: ERROR | Text: '' | Job: 0
2025-12-19 17:20:46 - __main__ - INFO - [2025-12-19 17:20:46] Status: ERROR | Text: '' | Job: 0
2025-12-19 17:20:46 - __main__ - INFO - [2025-12-19 17:20:46] Status: ERROR | Text: '' | Job: 0
2025-12-19 17:20:47 - __main__ - INFO - [2025-12-19 17:20:47] Status: ERROR | Text: '' | Job: 0
2025-12-19 17:20:47 - __main__ - INFO - [2025-12-19 17:20:47] Status: ERROR | Text: '' | Job: 0
2025-12-19 17:20:48 - __main__ - INFO - [2025-12-19 17:20:48] Status: ERROR | Text: '' | Job: 0
2025-12-19 17:20:48 - __main__ - INFO - [2025-12-19 17:20:48] Status: ERROR | Text: '' | Job: 0
2025-12-19 17:20:49 - __main__ - INFO - [2025-12-19 17:20:49] Status: ERROR | Text: '' | Job: 0
2025-12-19 17:20:49 - __main__ - INFO - [2025-12-19 17:20:49] Status: ERROR | Text: '' | Job: 0
2025-12-19 17:20:50 - __main__ - INFO - [2025-12-19 17:20:50] Status: ERROR | Text: '' | Job: 0
2025-12-19 17:20:50 - __main__ - INFO - [2025-12-19 17:20:50] Status: ERROR | Text: '' | Job: 0
2025-12-19 17:20:51 - __main__ - INFO - [2025-12-19 17:20:51] Status: ERROR | Text: '' | Job: 0
2025-12-19 17:20:51 - __main__ - INFO - [2025-12-19 17:20:51] Status: ERROR | Text: '' | Job: 0
2025-12-19 17:20:52 - __main__ - INFO - [2025-12-19 17:20:52] Status: ERROR | Text: '' | Job: 0
2025-12-19 17:20:52 - __main__ - INFO - [2025-12-19 17:20:52] Status: ERROR | Text: '' | Job: 0
2025-12-19 17:20:53 - __main__ - INFO - [2025-12-19 17:20:53] Status: ERROR | Text: '' | Job: 0
2025-12-19 17:20:53 - __main__ - INFO - [2025-12-19 17:20:53] Status: ERROR | Text: '' | Job: 0
2025-12-19 17:20:54 - __main__ - INFO - [2025-12-19 17:20:54] Status: ERROR | Text: '' | Job: 0
2025-12-19 17:20:54 - __main__ - INFO - [2025-12-19 17:20:54] Status: ERROR | Text: '' | Job: 0
2025-12-19 17:20:55 - __main__ - INFO - [2025-12-19 17:20:55] Status: ERROR | Text: '' | Job: 0
2025-12-19 17:20:55 - __main__ - INFO - [2025-12-19 17:20:55] Status: ERROR | Text: '' | Job: 0
2025-12-19 17:20:56 - __main__ - INFO - [2025-12-19 17:20:56] Status: ERROR | Text: '' | Job: 0
2025-12-19 17:20:56 - __main__ - INFO - [2025-12-19 17:20:56] Status: ERROR | Text: '' | Job: 0
2025-12-19 17:20:57 - __main__ - INFO - [2025-12-19 17:20:57] Status: ERROR | Text: '' | Job: 0
2025-12-19 17:20:58 - __main__ - INFO - [2025-12-19 17:20:58] Status: ERROR | Text: '' | Job: 0
2025-12-19 17:20:58 - __main__ - INFO - [2025-12-19 17:20:58] Status: ERROR | Text: '' | Job: 0
2025-12-19 17:20:59 - __main__ - INFO - [2025-12-19 17:20:59] Status: ERROR | Text: '' | Job: 0
2025-12-19 17:20:59 - __main__ - INFO - [2025-12-19 17:20:59] Status: ERROR | Text: '' | Job: 0
2025-12-19 17:21:00 - __main__ - INFO - [2025-12-19 17:21:00] Status: ERROR | Text: '' | Job: 0
2025-12-19 17:21:00 - __main__ - INFO - [2025-12-19 17:21:00] Status: ERROR | Text: '' | Job: 0
2025-12-19 17:21:01 - __main__ - INFO - [2025-12-19 17:21:01] Status: ERROR | Text: '' | Job: 0
2025-12-19 17:21:01 - __main__ - INFO - [2025-12-19 17:21:01] Status: ERROR | Text: '' | Job: 0
2025-12-19 17:21:02 - __main__ - INFO - [2025-12-19 17:21:02] Status: ERROR | Text: '' | Job: 0
2025-12-19 17:21:02 - __main__ - INFO - [2025-12-19 17:21:02] Status: ERROR | Text: '' | Job: 0
2025-12-19 17:21:03 - __main__ - INFO - [2025-12-19 17:21:03] Status: ERROR | Text: '' | Job: 0
2025-12-19 17:21:03 - __main__ - INFO - [2025-12-19 17:21:03] Status: ERROR | Text: '' | Job: 0
2025-12-19 17:21:04 - __main__ - INFO - [2025-12-19 17:21:04] Status: ERROR | Text: '' | Job: 0
2025-12-19 17:21:04 - __main__ - INFO - [2025-12-19 17:21:04] Status: ERROR | Text: '' | Job: 0
2025-12-19 17:21:05 - __main__ - INFO - [2025-12-19 17:21:05] Status: ERROR | Text: '' | Job: 0
2025-12-19 17:21:06 - __main__ - INFO - [2025-12-19 17:21:06] Status: ERROR | Text: '' | Job: 0
2025-12-19 17:21:06 - __main__ - INFO - [2025-12-19 17:21:06] Status: ERROR | Text: '' | Job: 0
2025-12-19 17:21:07 - __main__ - INFO - [2025-12-19 17:21:07] Status: ERROR | Text: '' | Job: 0
2025-12-19 17:21:07 - __main__ - INFO - [2025-12-19 17:21:07] Status: ERROR | Text: '' | Job: 0
2025-12-19 17:21:08 - __main__ - INFO - [2025-12-19 17:21:08] Status: ERROR | Text: '' | Job: 0
2025-12-19 17:21:08 - __main__ - INFO - [2025-12-19 17:21:08] Status: ERROR | Text: '' | Job: 0
2025-12-19 17:21:09 - __main__ - INFO - [2025-12-19 17:21:09] Status: ERROR | Text: '' | Job: 0
2025-12-19 17:21:09 - __main__ - INFO - [2025-12-19 17:21:09] Status: ERROR | Text: '' | Job: 0
2025-12-19 17:21:10 - __main__ - INFO - [2025-12-19 17:21:10] Status: ERROR | Text: '' | Job: 0
2025-12-19 17:21:10 - __main__ - INFO - [2025-12-19 17:21:10] Status: ERROR | Text: '' | Job: 0
2025-12-19 17:21:11 - __main__ - INFO - [2025-12-19 17:21:11] Status: ERROR | Text: '' | Job: 0
2025-12-19 17:21:11 - __main__ - INFO - [2025-12-19 17:21:11] Status: ERROR | Text: '' | Job: 0
2025-12-19 17:21:12 - __main__ - INFO - [2025-12-19 17:21:12] Status: ERROR | Text: '' | Job: 0
2025-12-19 17:21:12 - __main__ - INFO - [2025-12-19 17:21:12] Status: ERROR | Text: '' | Job: 0
2025-12-19 17:21:13 - __main__ - INFO - [2025-12-19 17:21:13] Status: ERROR | Text: '' | Job: 0
2025-12-19 17:21:13 - __main__ - INFO - [2025-12-19 17:21:13] Status: ERROR | Text: '' | Job: 0
2025-12-19 17:21:14 - __main__ - INFO - [2025-12-19 17:21:14] Status: ERROR | Text: '' | Job: 0
2025-12-19 17:21:14 - __main__ - INFO - [2025-12-19 17:21:14] Status: ERROR | Text: '' | Job: 0
2025-12-19 17:21:15 - __main__ - INFO - [2025-12-19 17:21:15] Status: ERROR | Text: '' | Job: 0
2025-12-19 17:21:15 - __main__ - INFO - [2025-12-19 17:21:15] Status: ERROR | Text: '' | Job: 0
2025-12-19 17:21:16 - __main__ - INFO - [2025-12-19 17:21:16] Status: ERROR | Text: '' | Job: 0
2025-12-19 17:21:16 - __main__ - INFO - [2025-12-19 17:21:16] Status: ERROR | Text: '' | Job: 0
2025-12-19 17:21:17 - __main__ - INFO - [2025-12-19 17:21:17] Status: ERROR | Text: '' | Job: 0
2025-12-19 17:21:17 - __main__ - INFO - [2025-12-19 17:21:17] Status: ERROR | Text: '' | Job: 0
2025-12-19 17:21:18 - __main__ - INFO - [2025-12-19 17:21:18] Status: ERROR | Text: '' | Job: 0
2025-12-19 17:21:18 - __main__ - INFO - [2025-12-19 17:21:18] Status: ERROR | Text: '' | Job: 0
2025-12-19 17:21:19 - __main__ - INFO - [2025-12-19 17:21:19] Status: ERROR | Text: '' | Job: 0
2025-12-19 17:21:19 - __main__ - INFO - [2025-12-19 17:21:19] Status: ERROR | Text: '' | Job: 0
2025-12-19 17:21:20 - __main__ - INFO - [2025-12-19 17:21:20] Status: ERROR | Text: '' | Job: 0
2025-12-19 17:21:20 - __main__ - INFO - [2025-12-19 17:21:20] Status: ERROR | Text: '' | Job: 0
2025-12-19 17:21:21 - __main__ - INFO - [2025-12-19 17:21:21] Status: ERROR | Text: '' | Job: 0
2025-12-19 17:21:21 - __main__ - INFO - [2025-12-19 17:21:21] Status: ERROR | Text: '' | Job: 0
2025-12-19 17:21:22 - __main__ - INFO - [2025-12-19 17:21:22] Status: ERROR | Text: '' | Job: 0
2025-12-19 17:21:22 - __main__ - INFO - [2025-12-19 17:21:22] Status: ERROR | Text: '' | Job: 0
2025-12-19 17:21:23 - __main__ - INFO - [2025-12-19 17:21:23] Status: ERROR | Text: '' | Job: 0
2025-12-19 17:21:23 - __main__ - INFO - [2025-12-19 17:21:23] Status: ERROR | Text: '' | Job: 0
2025-12-19 17:21:24 - __main__ - INFO - [2025-12-19 17:21:24] Status: ERROR | Text: '' | Job: 0
2025-12-19 17:21:24 - __main__ - INFO - [2025-12-19 17:21:24] Status: ERROR | Text: '' | Job: 0
2025-12-19 17:21:25 - __main__ - INFO - [2025-12-19 17:21:25] Status: ERROR | Text: '' | Job: 0
2025-12-19 17:21:25 - __main__ - INFO - [2025-12-19 17:21:25] Status: ERROR | Text: '' | Job: 0
2025-12-19 17:21:26 - __main__ - INFO - [2025-12-19 17:21:26] Status: ERROR | Text: '' | Job: 0
2025-12-19 17:21:26 - __main__ - INFO - [2025-12-19 17:21:26] Status: ERROR | Text: '' | Job: 0
2025-12-19 17:21:27 - __main__ - INFO - [2025-12-19 17:21:27] Status: ERROR | Text: '' | Job: 0
2025-12-19 17:21:27 - __main__ - INFO - [2025-12-19 17:21:27] Status: ERROR | Text: '' | Job: 0
2025-12-19 17:21:28 - __main__ - INFO - [2025-12-19 17:21:28] Status: ERROR | Text: '' | Job: 0
2025-12-19 17:21:28 - __main__ - INFO - [2025-12-19 17:21:28] Status: ERROR | Text: '' | Job: 0
2025-12-19 17:21:29 - __main__ - INFO - [2025-12-19 17:21:29] Status: ERROR | Text: '' | Job: 0
2025-12-19 17:21:29 - __main__ - INFO - [2025-12-19 17:21:29] Status: ERROR | Text: '' | Job: 0
2025-12-19 17:21:30 - __main__ - INFO - [2025-12-19 17:21:30] Status: ERROR | Text: '' | Job: 0
2025-12-19 17:21:30 - __main__ - INFO - [2025-12-19 17:21:30] Status: ERROR | Text: '' | Job: 0
2025-12-19 17:21:31 - __main__ - INFO - [2025-12-19 17:21:31] Status: ERROR | Text: '' | Job: 0
2025-12-19 17:21:31 - __main__ - INFO - [2025-12-19 17:21:31] Status: ERROR | Text: '' | Job: 0
2025-12-19 17:21:32 - __main__ - INFO - [2025-12-19 17:21:32] Status: ERROR | Text: '' | Job: 0
2025-12-19 17:21:32 - __main__ - INFO - [2025-12-19 17:21:32] Status: ERROR | Text: '' | Job: 0
2025-12-19 17:21:33 - __main__ - INFO - [2025-12-19 17:21:33] Status: ERROR | Text: '' | Job: 0
2025-12-19 17:21:33 - __main__ - INFO - [2025-12-19 17:21:33] Status: ERROR | Text: '' | Job: 0
2025-12-19 17:21:34 - __main__ - INFO - [2025-12-19 17:21:34] Status: ERROR | Text: '' | Job: 0
2025-12-19 17:21:34 - __main__ - INFO - [2025-12-19 17:21:34] Status: ERROR | Text: '' | Job: 0
2025-12-19 17:21:35 - __main__ - INFO - [2025-12-19 17:21:35] Status: ERROR | Text: '' | Job: 0
2025-12-19 17:21:35 - __main__ - INFO - [2025-12-19 17:21:35] Status: ERROR | Text: '' | Job: 0
2025-12-19 17:21:36 - __main__ - INFO - [2025-12-19 17:21:36] Status: ERROR | Text: '' | Job: 0
2025-12-19 17:21:36 - __main__ - INFO - [2025-12-19 17:21:36] Status: ERROR | Text: '' | Job: 0
2025-12-19 17:21:37 - __main__ - INFO - [2025-12-19 17:21:37] Status: ERROR | Text: '' | Job: 0
2025-12-19 17:21:37 - __main__ - INFO - [2025-12-19 17:21:37] Status: ERROR | Text: '' | Job: 0
2025-12-19 17:21:38 - __main__ - INFO - [2025-12-19 17:21:38] Status: ERROR | Text: '' | Job: 0
2025-12-19 17:21:38 - __main__ - INFO - [2025-12-19 17:21:38] Status: ERROR | Text: '' | Job: 0
2025-12-19 17:21:39 - __main__ - INFO - [2025-12-19 17:21:39] Status: ERROR | Text: '' | Job: 0
2025-12-19 17:21:39 - __main__ - INFO - [2025-12-19 17:21:39] Status: ERROR | Text: '' | Job: 0
2025-12-19 17:21:40 - __main__ - INFO - [2025-12-19 17:21:40] Status: ERROR | Text: '' | Job: 0
2025-12-19 17:21:40 - __main__ - INFO - [2025-12-19 17:21:40] Status: ERROR | Text: '' | Job: 0
2025-12-19 17:21:41 - __main__ - INFO - [2025-12-19 17:21:41] Status: ERROR | Text: '' | Job: 0
2025-12-19 17:21:41 - __main__ - INFO - [2025-12-19 17:21:41] Status: ERROR | Text: '' | Job: 0
2025-12-19 17:21:42 - __main__ - INFO - [2025-12-19 17:21:42] Status: ERROR | Text: '' | Job: 0
2025-12-19 17:21:42 - __main__ - INFO - [2025-12-19 17:21:42] Status: ERROR | Text: '' | Job: 0
2025-12-19 17:21:43 - __main__ - INFO - [2025-12-19 17:21:43] Status: ERROR | Text: '' | Job: 0
2025-12-19 17:21:43 - __main__ - INFO - [2025-12-19 17:21:43] Status: ERROR | Text: '' | Job: 0
2025-12-19 17:21:44 - __main__ - INFO - [2025-12-19 17:21:44] Status: ERROR | Text: '' | Job: 0
2025-12-19 17:21:44 - __main__ - INFO - [2025-12-19 17:21:44] Status: ERROR | Text: '' | Job: 0
2025-12-19 17:21:45 - __main__ - INFO - [2025-12-19 17:21:45] Status: ERROR | Text: '' | Job: 0
2025-12-19 17:21:45 - __main__ - INFO - [2025-12-19 17:21:45] Status: ERROR | Text: '' | Job: 0
2025-12-19 17:21:46 - __main__ - INFO - [2025-12-19 17:21:46] Status: ERROR | Text: '' | Job: 0
2025-12-19 17:21:46 - __main__ - INFO - [2025-12-19 17:21:46] Status: ERROR | Text: '' | Job: 0
2025-12-19 17:21:47 - __main__ - INFO - [2025-12-19 17:21:47] Status: ERROR | Text: '' | Job: 0
2025-12-19 17:21:47 - __main__ - INFO - [2025-12-19 17:21:47] Status: ERROR | Text: '' | Job: 0
2025-12-19 17:21:48 - __main__ - INFO - [2025-12-19 17:21:48] Status: ERROR | Text: '' | Job: 0
2025-12-19 17:21:48 - __main__ - INFO - [2025-12-19 17:21:48] Status: ERROR | Text: '' | Job: 0
2025-12-19 17:21:49 - __main__ - INFO - [2025-12-19 17:21:49] Status: ERROR | Text: '' | Job: 0
2025-12-19 17:21:49 - __main__ - INFO - [2025-12-19 17:21:49] Status: ERROR | Text: '' | Job: 0
2025-12-19 17:21:50 - __main__ - INFO - [2025-12-19 17:21:50] Status: ERROR | Text: '' | Job: 0
2025-12-19 17:21:50 - __main__ - INFO - [2025-12-19 17:21:50] Status: ERROR | Text: '' | Job: 0
2025-12-19 17:21:51 - __main__ - INFO - [2025-12-19 17:21:51] Status: ERROR | Text: '' | Job: 0
2025-12-19 17:21:51 - __main__ - INFO - [2025-12-19 17:21:51] Status: ERROR | Text: '' | Job: 0
2025-12-19 17:21:52 - __main__ - INFO - [2025-12-19 17:21:52] Status: ERROR | Text: '' | Job: 0
2025-12-19 17:21:52 - __main__ - INFO - [2025-12-19 17:21:52] Status: ERROR | Text: '' | Job: 0
2025-12-19 17:21:53 - __main__ - INFO - [2025-12-19 17:21:53] Status: ERROR | Text: '' | Job: 0
2025-12-19 17:21:53 - __main__ - INFO - [2025-12-19 17:21:53] Status: ERROR | Text: '' | Job: 0
2025-12-19 17:21:54 - __main__ - INFO - [2025-12-19 17:21:54] Status: ERROR | Text: '' | Job: 0
2025-12-19 17:21:54 - __main__ - INFO - [2025-12-19 17:21:54] Status: ERROR | Text: '' | Job: 0
2025-12-19 17:21:55 - __main__ - INFO - [2025-12-19 17:21:55] Status: ERROR | Text: '' | Job: 0
2025-12-19 17:21:55 - __main__ - INFO - [2025-12-19 17:21:55] Status: ERROR | Text: '' | Job: 0
2025-12-19 17:21:56 - __main__ - INFO - [2025-12-19 17:21:56] Status: ERROR | Text: '' | Job: 0
2025-12-19 17:21:56 - __main__ - INFO - [2025-12-19 17:21:56] Status: ERROR | Text: '' | Job: 0
2025-12-19 17:21:57 - __main__ - INFO - [2025-12-19 17:21:57] Status: ERROR | Text: '' | Job: 0
2025-12-19 17:21:57 - __main__ - INFO - [2025-12-19 17:21:57] Status: ERROR | Text: '' | Job: 0
2025-12-19 17:21:58 - __main__ - INFO - [2025-12-19 17:21:58] Status: ERROR | Text: '' | Job: 0
2025-12-19 17:21:58 - __main__ - INFO - [2025-12-19 17:21:58] Status: ERROR | Text: '' | Job: 0
2025-12-19 17:21:59 - __main__ - INFO - [2025-12-19 17:21:59] Status: ERROR | Text: '' | Job: 0
2025-12-19 17:21:59 - __main__ - INFO - [2025-12-19 17:21:59] Status: ERROR | Text: '' | Job: 0
2025-12-19 17:22:00 - __main__ - INFO - [2025-12-19 17:22:00] Status: ERROR | Text: '' | Job: 0
2025-12-19 17:22:00 - __main__ - INFO - [2025-12-19 17:22:00] Status: ERROR | Text: '' | Job: 0
2025-12-19 17:22:01 - __main__ - INFO - [2025-12-19 17:22:01] Status: ERROR | Text: '' | Job: 0
2025-12-19 17:22:01 - __main__ - INFO - [2025-12-19 17:22:01] Status: ERROR | Text: '' | Job: 0
2025-12-19 17:22:02 - __main__ - INFO - [2025-12-19 17:22:02] Status: ERROR | Text: '' | Job: 0
2025-12-19 17:22:02 - __main__ - INFO - [2025-12-19 17:22:02] Status: ERROR | Text: '' | Job: 0
2025-12-19 17:22:03 - __main__ - INFO - [2025-12-19 17:22:03] Status: ERROR | Text: '' | Job: 0
2025-12-19 17:22:03 - __main__ - INFO - [2025-12-19 17:22:03] Status: ERROR | Text: '' | Job: 0
2025-12-19 17:22:04 - __main__ - INFO - [2025-12-19 17:22:04] Status: ERROR | Text: '' | Job: 0
2025-12-19 17:22:04 - __main__ - INFO - [2025-12-19 17:22:04] Status: ERROR | Text: '' | Job: 0
2025-12-19 17:22:05 - __main__ - INFO - [2025-12-19 17:22:05] Status: ERROR | Text: '' | Job: 0
2025-12-19 17:22:05 - __main__ - INFO - [2025-12-19 17:22:05] Status: ERROR | Text: '' | Job: 0
2025-12-19 17:22:06 - __main__ - INFO - [2025-12-19 17:22:06] Status: ERROR | Text: '' | Job: 0
2025-12-19 17:22:06 - __main__ - INFO - [2025-12-19 17:22:06] Status: ERROR | Text: '' | Job: 0
2025-12-19 17:22:07 - __main__ - INFO - [2025-12-19 17:22:07] Status: ERROR | Text: '' | Job: 0
2025-12-19 17:22:07 - __main__ - INFO - [2025-12-19 17:22:07] Status: ERROR | Text: '' | Job: 0
2025-12-19 17:22:08 - __main__ - INFO - [2025-12-19 17:22:08] Status: ERROR | Text: '' | Job: 0
2025-12-19 17:22:08 - __main__ - INFO - [2025-12-19 17:22:08] Status: ERROR | Text: '' | Job: 0
2025-12-19 17:22:09 - __main__ - INFO - [2025-12-19 17:22:09] Status: ERROR | Text: '' | Job: 0
2025-12-19 17:22:09 - __main__ - INFO - [2025-12-19 17:22:09] Status: ERROR | Text: '' | Job: 0
2025-12-19 17:22:10 - __main__ - INFO - [2025-12-19 17:22:10] Status: ERROR | Text: '' | Job: 0
2025-12-19 17:22:10 - __main__ - INFO - [2025-12-19 17:22:10] Status: ERROR | Text: '' | Job: 0
2025-12-19 17:22:11 - __main__ - INFO - [2025-12-19 17:22:11] Status: ERROR | Text: '' | Job: 0
2025-12-19 17:22:11 - __main__ - INFO - [2025-12-19 17:22:11] Status: ERROR | Text: '' | Job: 0
2025-12-19 17:22:12 - __main__ - INFO - [2025-12-19 17:22:12] Status: ERROR | Text: '' | Job: 0
2025-12-19 17:22:12 - __main__ - INFO - [2025-12-19 17:22:12] Status: ERROR | Text: '' | Job: 0
2025-12-19 17:22:13 - __main__ - INFO - [2025-12-19 17:22:13] Status: ERROR | Text: '' | Job: 0
2025-12-19 17:22:13 - __main__ - INFO - [2025-12-19 17:22:13] Status: ERROR | Text: '' | Job: 0
2025-12-19 17:22:14 - __main__ - INFO - [2025-12-19 17:22:14] Status: ERROR | Text: '' | Job: 0
2025-12-19 17:22:14 - __main__ - INFO - [2025-12-19 17:22:14] Status: ERROR | Text: '' | Job: 0
2025-12-19 17:22:15 - __main__ - INFO - [2025-12-19 17:22:15] Status: ERROR | Text: '' | Job: 0
2025-12-19 17:22:15 - __main__ - INFO - [2025-12-19 17:22:15] Status: ERROR | Text: '' | Job: 0
2025-12-19 17:22:16 - __main__ - INFO - [2025-12-19 17:22:16] Status: ERROR | Text: '' | Job: 0
2025-12-19 17:22:16 - __main__ - INFO - [2025-12-19 17:22:16] Status: ERROR | Text: '' | Job: 0
2025-12-19 17:22:17 - __main__ - INFO - [2025-12-19 17:22:17] Status: ERROR | Text: '' | Job: 0
2025-12-19 17:22:17 - __main__ - INFO - [2025-12-19 17:22:17] Status: ERROR | Text: '' | Job: 0
2025-12-19 17:22:18 - __main__ - INFO - [2025-12-19 17:22:18] Status: ERROR | Text: '' | Job: 0
2025-12-19 17:22:18 - __main__ - INFO - [2025-12-19 17:22:18] Status: ERROR | Text: '' | Job: 0
2025-12-19 17:22:19 - __main__ - INFO - [2025-12-19 17:22:19] Status: ERROR | Text: '' | Job: 0
2025-12-19 17:22:19 - __main__ - INFO - [2025-12-19 17:22:19] Status: ERROR | Text: '' | Job: 0
2025-12-19 17:22:20 - __main__ - INFO - [2025-12-19 17:22:20] Status: ERROR | Text: '' | Job: 0
2025-12-19 17:22:20 - __main__ - INFO - [2025-12-19 17:22:20] Status: ERROR | Text: '' | Job: 0
2025-12-19 17:22:21 - __main__ - INFO - [2025-12-19 17:22:21] Status: ERROR | Text: '' | Job: 0
2025-12-19 17:22:21 - __main__ - INFO - [2025-12-19 17:22:21] Status: ERROR | Text: '' | Job: 0
2025-12-19 17:22:22 - __main__ - INFO - [2025-12-19 17:22:22] Status: ERROR | Text: '' | Job: 0
2025-12-19 17:22:22 - __main__ - INFO - [2025-12-19 17:22:22] Status: ERROR | Text: '' | Job: 0
2025-12-19 17:22:23 - __main__ - INFO - [2025-12-19 17:22:23] Status: ERROR | Text: '' | Job: 0
2025-12-19 17:22:23 - __main__ - INFO - [2025-12-19 17:22:23] Status: ERROR | Text: '' | Job: 0
2025-12-19 17:22:24 - __main__ - INFO - [2025-12-19 17:22:24] Status: ERROR | Text: '' | Job: 0
2025-12-19 17:22:24 - __main__ - INFO - [2025-12-19 17:22:24] Status: ERROR | Text: '' | Job: 0
2025-12-19 17:22:25 - __main__ - INFO - [2025-12-19 17:22:25] Status: ERROR | Text: '' | Job: 0
2025-12-19 17:22:25 - __main__ - INFO - [2025-12-19 17:22:25] Status: ERROR | Text: '' | Job: 0
2025-12-19 17:22:26 - __main__ - INFO - [2025-12-19 17:22:26] Status: ERROR | Text: '' | Job: 0
2025-12-19 17:22:26 - __main__ - INFO - [2025-12-19 17:22:26] Status: ERROR | Text: '' | Job: 0
2025-12-19 17:22:27 - __main__ - INFO - [2025-12-19 17:22:27] Status: ERROR | Text: '' | Job: 0
2025-12-19 17:22:27 - __main__ - INFO - [2025-12-19 17:22:27] Status: ERROR | Text: '' | Job: 0
2025-12-19 17:22:28 - __main__ - INFO - [2025-12-19 17:22:28] Status: ERROR | Text: '' | Job: 0
2025-12-19 17:22:28 - __main__ - INFO - [2025-12-19 17:22:28] Status: ERROR | Text: '' | Job: 0
2025-12-19 17:22:29 - __main__ - INFO - [2025-12-19 17:22:29] Status: ERROR | Text: '' | Job: 0
2025-12-19 17:22:29 - __main__ - INFO - [2025-12-19 17:22:29] Status: ERROR | Text: '' | Job: 0
2025-12-19 17:22:30 - __main__ - INFO - [2025-12-19 17:22:30] Status: ERROR | Text: '' | Job: 0
2025-12-19 17:22:30 - __main__ - INFO - [2025-12-19 17:22:30] Status: ERROR | Text: '' | Job: 0
2025-12-19 17:22:31 - __main__ - INFO - [2025-12-19 17:22:31] Status: ERROR | Text: '' | Job: 0
2025-12-19 17:22:31 - __main__ - INFO - [2025-12-19 17:22:31] Status: ERROR | Text: '' | Job: 0
2025-12-19 17:22:32 - __main__ - INFO - [2025-12-19 17:22:32] Status: ERROR | Text: '' | Job: 0
2025-12-19 17:22:32 - __main__ - INFO - [2025-12-19 17:22:32] Status: ERROR | Text: '' | Job: 0
2025-12-19 17:22:33 - __main__ - INFO - [2025-12-19 17:22:33] Status: ERROR | Text: '' | Job: 0
2025-12-19 17:22:33 - __main__ - INFO - [2025-12-19 17:22:33] Status: ERROR | Text: '' | Job: 0
2025-12-19 17:22:34 - __main__ - INFO - [2025-12-19 17:22:34] Status: ERROR | Text: '' | Job: 0
2025-12-19 17:22:34 - __main__ - INFO - [2025-12-19 17:22:34] Status: ERROR | Text: '' | Job: 0
2025-12-19 17:22:35 - __main__ - INFO - [2025-12-19 17:22:35] Status: ERROR | Text: '' | Job: 0
2025-12-19 17:22:35 - __main__ - INFO - [2025-12-19 17:22:35] Status: ERROR | Text: '' | Job: 0
2025-12-19 17:22:36 - __main__ - INFO - [2025-12-19 17:22:36] Status: ERROR | Text: '' | Job: 0
2025-12-19 17:22:36 - __main__ - INFO - [2025-12-19 17:22:36] Status: ERROR | Text: '' | Job: 0
2025-12-19 17:22:37 - __main__ - INFO - [2025-12-19 17:22:37] Status: ERROR | Text: '' | Job: 0
2025-12-19 17:22:37 - __main__ - INFO - [2025-12-19 17:22:37] Status: ERROR | Text: '' | Job: 0
2025-12-19 17:22:38 - __main__ - INFO - [2025-12-19 17:22:38] Status: ERROR | Text: '' | Job: 0
2025-12-19 17:22:38 - __main__ - INFO - [2025-12-19 17:22:38] Status: ERROR | Text: '' | Job: 0
2025-12-19 17:22:39 - __main__ - INFO - [2025-12-19 17:22:39] Status: ERROR | Text: '' | Job: 0
2025-12-19 17:22:39 - __main__ - INFO - [2025-12-19 17:22:39] Status: ERROR | Text: '' | Job: 0
2025-12-19 17:22:40 - __main__ - INFO - [2025-12-19 17:22:40] Status: ERROR | Text: '' | Job: 0
2025-12-19 17:22:40 - __main__ - INFO - [2025-12-19 17:22:40] Status: ERROR | Text: '' | Job: 0
2025-12-19 17:22:41 - __main__ - INFO - [2025-12-19 17:22:41] Status: ERROR | Text: '' | Job: 0
2025-12-19 17:22:41 - __main__ - INFO - [2025-12-19 17:22:41] Status: ERROR | Text: '' | Job: 0
2025-12-19 17:22:42 - __main__ - INFO - [2025-12-19 17:22:42] Status: ERROR | Text: '' | Job: 0
2025-12-19 17:22:42 - __main__ - INFO - [2025-12-19 17:22:42] Status: ERROR | Text: '' | Job: 0
2025-12-19 17:22:43 - __main__ - INFO - [2025-12-19 17:22:43] Status: ERROR | Text: '' | Job: 0
2025-12-19 17:22:43 - __main__ - INFO - [2025-12-19 17:22:43] Status: ERROR | Text: '' | Job: 0
2025-12-19 17:22:44 - __main__ - INFO - [2025-12-19 17:22:44] Status: ERROR | Text: '' | Job: 0
2025-12-19 17:22:44 - __main__ - INFO - [2025-12-19 17:22:44] Status: ERROR | Text: '' | Job: 0
2025-12-19 17:22:45 - __main__ - INFO - [2025-12-19 17:22:45] Status: ERROR | Text: '' | Job: 0
2025-12-19 17:22:45 - __main__ - INFO - [2025-12-19 17:22:45] Status: ERROR | Text: '' | Job: 0
2025-12-19 17:22:46 - __main__ - INFO - [2025-12-19 17:22:46] Status: ERROR | Text: '' | Job: 0
2025-12-19 17:22:46 - __main__ - INFO - [2025-12-19 17:22:46] Status: ERROR | Text: '' | Job: 0
2025-12-19 17:22:47 - __main__ - INFO - [2025-12-19 17:22:47] Status: ERROR | Text: '' | Job: 0
2025-12-19 17:22:47 - __main__ - INFO - [2025-12-19 17:22:47] Status: ERROR | Text: '' | Job: 0
2025-12-19 17:22:48 - __main__ - INFO - [2025-12-19 17:22:48] Status: ERROR | Text: '' | Job: 0
2025-12-19 17:22:48 - __main__ - INFO - [2025-12-19 17:22:48] Status: ERROR | Text: '' | Job: 0
2025-12-19 17:22:49 - __main__ - INFO - [2025-12-19 17:22:49] Status: ERROR | Text: '' | Job: 0
2025-12-19 17:22:49 - __main__ - INFO - [2025-12-19 17:22:49] Status: ERROR | Text: '' | Job: 0
2025-12-19 17:22:50 - __main__ - INFO - [2025-12-19 17:22:50] Status: ERROR | Text: '' | Job: 0
2025-12-19 17:22:50 - __main__ - INFO - [2025-12-19 17:22:50] Status: ERROR | Text: '' | Job: 0
2025-12-19 17:22:51 - __main__ - INFO - [2025-12-19 17:22:51] Status: ERROR | Text: '' | Job: 0
2025-12-19 17:22:51 - __main__ - INFO - [2025-12-19 17:22:51] Status: ERROR | Text: '' | Job: 0
2025-12-19 17:22:52 - __main__ - INFO - [2025-12-19 17:22:52] Status: ERROR | Text: '' | Job: 0
2025-12-19 17:22:52 - __main__ - INFO - [2025-12-19 17:22:52] Status: ERROR | Text: '' | Job: 0
2025-12-19 17:22:53 - __main__ - INFO - [2025-12-19 17:22:53] Status: ERROR | Text: '' | Job: 0
2025-12-19 17:22:53 - __main__ - INFO - [2025-12-19 17:22:53] Status: ERROR | Text: '' | Job: 0
2025-12-19 17:22:54 - __main__ - INFO - [2025-12-19 17:22:54] Status: ERROR | Text: '' | Job: 0
2025-12-19 17:22:54 - __main__ - INFO - [2025-12-19 17:22:54] Status: ERROR | Text: '' | Job: 0
2025-12-19 17:22:55 - __main__ - INFO - [2025-12-19 17:22:55] Status: ERROR | Text: '' | Job: 0
2025-12-19 17:22:55 - __main__ - INFO - [2025-12-19 17:22:55] Status: ERROR | Text: '' | Job: 0
2025-12-19 17:22:56 - __main__ - INFO - [2025-12-19 17:22:56] Status: ERROR | Text: '' | Job: 0
2025-12-19 17:22:56 - __main__ - INFO - [2025-12-19 17:22:56] Status: ERROR | Text: '' | Job: 0
2025-12-19 17:22:57 - __main__ - INFO - [2025-12-19 17:22:57] Status: ERROR | Text: '' | Job: 0
2025-12-19 17:22:57 - __main__ - INFO - [2025-12-19 17:22:57] Status: ERROR | Text: '' | Job: 0
2025-12-19 17:22:58 - __main__ - INFO - [2025-12-19 17:22:58] Status: ERROR | Text: '' | Job: 0
2025-12-19 17:22:58 - __main__ - INFO - [2025-12-19 17:22:58] Status: ERROR | Text: '' | Job: 0
2025-12-19 17:22:59 - __main__ - INFO - [2025-12-19 17:22:59] Status: ERROR | Text: '' | Job: 0
2025-12-19 17:22:59 - __main__ - INFO - [2025-12-19 17:22:59] Status: ERROR | Text: '' | Job: 0
2025-12-19 17:23:00 - __main__ - INFO - [2025-12-19 17:23:00] Status: ERROR | Text: '' | Job: 0
2025-12-19 17:23:00 - __main__ - INFO - [2025-12-19 17:23:00] Status: ERROR | Text: '' | Job: 0
2025-12-19 17:23:01 - __main__ - INFO - [2025-12-19 17:23:01] Status: ERROR | Text: '' | Job: 0
2025-12-19 17:23:01 - __main__ - INFO - [2025-12-19 17:23:01] Status: ERROR | Text: '' | Job: 0
2025-12-19 17:23:02 - __main__ - INFO - [2025-12-19 17:23:02] Status: ERROR | Text: '' | Job: 0
2025-12-19 17:23:02 - __main__ - INFO - [2025-12-19 17:23:02] Status: ERROR | Text: '' | Job: 0
2025-12-19 17:23:03 - __main__ - INFO - [2025-12-19 17:23:03] Status: ERROR | Text: '' | Job: 0
2025-12-19 17:23:03 - __main__ - INFO - [2025-12-19 17:23:03] Status: ERROR | Text: '' | Job: 0
2025-12-19 17:23:04 - __main__ - INFO - [2025-12-19 17:23:04] Status: ERROR | Text: '' | Job: 0
2025-12-19 17:23:04 - __main__ - INFO - [2025-12-19 17:23:04] Status: ERROR | Text: '' | Job: 0
2025-12-19 17:23:05 - __main__ - INFO - [2025-12-19 17:23:05] Status: ERROR | Text: '' | Job: 0
2025-12-19 17:23:05 - __main__ - INFO - [2025-12-19 17:23:05] Status: ERROR | Text: '' | Job: 0
2025-12-19 17:23:06 - __main__ - INFO - [2025-12-19 17:23:06] Status: ERROR | Text: '' | Job: 0
2025-12-19 17:23:06 - __main__ - INFO - [2025-12-19 17:23:06] Status: ERROR | Text: '' | Job: 0
2025-12-19 17:23:07 - __main__ - INFO - [2025-12-19 17:23:07] Status: ERROR | Text: '' | Job: 0
2025-12-19 17:23:07 - __main__ - INFO - [2025-12-19 17:23:07] Status: ERROR | Text: '' | Job: 0
2025-12-19 17:23:08 - __main__ - INFO - [2025-12-19 17:23:08] Status: ERROR | Text: '' | Job: 0
2025-12-19 17:23:08 - __main__ - INFO - [2025-12-19 17:23:08] Status: ERROR | Text: '' | Job: 0
2025-12-19 17:23:09 - __main__ - INFO - [2025-12-19 17:23:09] Status: ERROR | Text: '' | Job: 0
2025-12-19 17:23:09 - __main__ - INFO - [2025-12-19 17:23:09] Status: ERROR | Text: '' | Job: 0
2025-12-19 17:23:10 - __main__ - INFO - [2025-12-19 17:23:10] Status: ERROR | Text: '' | Job: 0
2025-12-19 17:23:10 - __main__ - INFO - [2025-12-19 17:23:10] Status: ERROR | Text: '' | Job: 0
2025-12-19 17:23:11 - __main__ - INFO - [2025-12-19 17:23:11] Status: ERROR | Text: '' | Job: 0
2025-12-19 17:23:11 - __main__ - INFO - [2025-12-19 17:23:11] Status: ERROR | Text: '' | Job: 0
2025-12-19 17:23:12 - __main__ - INFO - [2025-12-19 17:23:12] Status: ERROR | Text: '' | Job: 0
2025-12-19 17:23:12 - __main__ - INFO - [2025-12-19 17:23:12] Status: ERROR | Text: '' | Job: 0
2025-12-19 17:23:13 - __main__ - INFO - [2025-12-19 17:23:13] Status: ERROR | Text: '' | Job: 0
2025-12-19 17:23:13 - __main__ - INFO - [2025-12-19 17:23:13] Status: ERROR | Text: '' | Job: 0
2025-12-19 17:23:14 - __main__ - INFO - [2025-12-19 17:23:14] Status: ERROR | Text: '' | Job: 0
2025-12-19 17:23:14 - __main__ - INFO - [2025-12-19 17:23:14] Status: ERROR | Text: '' | Job: 0
2025-12-19 17:23:15 - __main__ - INFO - [2025-12-19 17:23:15] Status: ERROR | Text: '' | Job: 0
2025-12-19 17:23:15 - __main__ - INFO - [2025-12-19 17:23:15] Status: ERROR | Text: '' | Job: 0
2025-12-19 17:23:16 - __main__ - INFO - [2025-12-19 17:23:16] Status: ERROR | Text: '' | Job: 0
2025-12-19 17:23:16 - __main__ - INFO - [2025-12-19 17:23:16] Status: ERROR | Text: '' | Job: 0
2025-12-19 17:23:17 - __main__ - INFO - [2025-12-19 17:23:17] Status: ERROR | Text: '' | Job: 0
2025-12-19 17:23:17 - __main__ - INFO - [2025-12-19 17:23:17] Status: ERROR | Text: '' | Job: 0
2025-12-19 17:23:18 - __main__ - INFO - [2025-12-19 17:23:18] Status: ERROR | Text: '' | Job: 0
2025-12-19 17:23:19 - __main__ - INFO - [2025-12-19 17:23:19] Status: ERROR | Text: '' | Job: 0
2025-12-19 17:23:19 - __main__ - INFO - [2025-12-19 17:23:19] Status: ERROR | Text: '' | Job: 0
2025-12-19 17:23:20 - __main__ - INFO - [2025-12-19 17:23:20] Status: ERROR | Text: '' | Job: 0
2025-12-19 17:23:20 - __main__ - INFO - [2025-12-19 17:23:20] Status: ERROR | Text: '' | Job: 0
2025-12-19 17:23:21 - __main__ - INFO - [2025-12-19 17:23:21] Status: ERROR | Text: '' | Job: 0
2025-12-19 17:23:21 - __main__ - INFO - [2025-12-19 17:23:21] Status: ERROR | Text: '' | Job: 0
2025-12-19 17:23:22 - __main__ - INFO - [2025-12-19 17:23:22] Status: ERROR | Text: '' | Job: 0
2025-12-19 17:23:22 - __main__ - INFO - [2025-12-19 17:23:22] Status: ERROR | Text: '' | Job: 0
2025-12-19 17:23:23 - __main__ - INFO - [2025-12-19 17:23:23] Status: ERROR | Text: '' | Job: 0
2025-12-19 17:23:23 - __main__ - INFO - [2025-12-19 17:23:23] Status: ERROR | Text: '' | Job: 0
2025-12-19 17:23:24 - __main__ - INFO - [2025-12-19 17:23:24] Status: ERROR | Text: '' | Job: 0
2025-12-19 17:23:24 - __main__ - INFO - [2025-12-19 17:23:24] Status: ERROR | Text: '' | Job: 0
2025-12-19 17:23:25 - __main__ - INFO - [2025-12-19 17:23:25] Status: ERROR | Text: '' | Job: 0
2025-12-19 17:23:25 - __main__ - INFO - [2025-12-19 17:23:25] Status: ERROR | Text: '' | Job: 0
2025-12-19 17:23:26 - __main__ - INFO - [2025-12-19 17:23:26] Status: ERROR | Text: '' | Job: 0
2025-12-19 17:23:26 - __main__ - INFO - [2025-12-19 17:23:26] Status: ERROR | Text: '' | Job: 0
2025-12-19 17:23:27 - __main__ - INFO - [2025-12-19 17:23:27] Status: ERROR | Text: '' | Job: 0
2025-12-19 17:23:27 - __main__ - INFO - [2025-12-19 17:23:27] Status: ERROR | Text: '' | Job: 0
2025-12-19 17:23:28 - __main__ - INFO - [2025-12-19 17:23:28] Status: ERROR | Text: '' | Job: 0
2025-12-19 17:23:28 - __main__ - INFO - [2025-12-19 17:23:28] Status: ERROR | Text: '' | Job: 0
2025-12-19 17:23:29 - __main__ - INFO - [2025-12-19 17:23:29] Status: ERROR | Text: '' | Job: 0
2025-12-19 17:23:29 - __main__ - INFO - [2025-12-19 17:23:29] Status: ERROR | Text: '' | Job: 0
2025-12-19 17:23:30 - __main__ - INFO - [2025-12-19 17:23:30] Status: ERROR | Text: '' | Job: 0
2025-12-19 17:23:30 - __main__ - INFO - [2025-12-19 17:23:30] Status: ERROR | Text: '' | Job: 0
2025-12-19 17:23:31 - __main__ - INFO - [2025-12-19 17:23:31] Status: ERROR | Text: '' | Job: 0
2025-12-19 17:23:31 - __main__ - INFO - [2025-12-19 17:23:31] Status: ERROR | Text: '' | Job: 0
2025-12-19 17:23:32 - __main__ - INFO - [2025-12-19 17:23:32] Status: ERROR | Text: '' | Job: 0
2025-12-19 17:23:32 - __main__ - INFO - [2025-12-19 17:23:32] Status: ERROR | Text: '' | Job: 0
2025-12-19 17:23:33 - __main__ - INFO - [2025-12-19 17:23:33] Status: ERROR | Text: '' | Job: 0
2025-12-19 17:23:33 - __main__ - INFO - [2025-12-19 17:23:33] Status: ERROR | Text: '' | Job: 0
2025-12-19 17:23:34 - __main__ - INFO - [2025-12-19 17:23:34] Status: ERROR | Text: '' | Job: 0
2025-12-19 17:23:34 - __main__ - INFO - [2025-12-19 17:23:34] Status: ERROR | Text: '' | Job: 0
2025-12-19 17:23:35 - __main__ - INFO - [2025-12-19 17:23:35] Status: ERROR | Text: '' | Job: 0
2025-12-19 17:23:35 - __main__ - INFO - [2025-12-19 17:23:35] Status: ERROR | Text: '' | Job: 0
2025-12-19 17:23:36 - __main__ - INFO - [2025-12-19 17:23:36] Status: ERROR | Text: '' | Job: 0
2025-12-19 17:23:36 - __main__ - INFO - [2025-12-19 17:23:36] Status: ERROR | Text: '' | Job: 0
2025-12-19 17:23:37 - __main__ - INFO - [2025-12-19 17:23:37] Status: ERROR | Text: '' | Job: 0
2025-12-19 17:23:37 - __main__ - INFO - [2025-12-19 17:23:37] Status: ERROR | Text: '' | Job: 0
2025-12-19 17:23:38 - __main__ - INFO - [2025-12-19 17:23:38] Status: ERROR | Text: '' | Job: 0
2025-12-19 17:23:38 - __main__ - INFO - [2025-12-19 17:23:38] Status: ERROR | Text: '' | Job: 0
2025-12-19 17:23:39 - __main__ - INFO - [2025-12-19 17:23:39] Status: ERROR | Text: '' | Job: 0
2025-12-19 17:23:39 - __main__ - INFO - [2025-12-19 17:23:39] Status: ERROR | Text: '' | Job: 0
2025-12-19 17:23:40 - __main__ - INFO - [2025-12-19 17:23:40] Status: ERROR | Text: '' | Job: 0
2025-12-19 17:23:40 - __main__ - INFO - [2025-12-19 17:23:40] Status: ERROR | Text: '' | Job: 0
2025-12-19 17:23:41 - __main__ - INFO - [2025-12-19 17:23:41] Status: ERROR | Text: '' | Job: 0
2025-12-19 17:23:41 - __main__ - INFO - [2025-12-19 17:23:41] Status: ERROR | Text: '' | Job: 0
2025-12-19 17:23:42 - __main__ - INFO - [2025-12-19 17:23:42] Status: ERROR | Text: '' | Job: 0
2025-12-19 17:23:42 - __main__ - INFO - [2025-12-19 17:23:42] Status: ERROR | Text: '' | Job: 0
2025-12-19 17:23:43 - __main__ - INFO - [2025-12-19 17:23:43] Status: ERROR | Text: '' | Job: 0
2025-12-19 17:23:43 - __main__ - INFO - [2025-12-19 17:23:43] Status: ERROR | Text: '' | Job: 0
2025-12-19 17:23:44 - __main__ - INFO - [2025-12-19 17:23:44] Status: ERROR | Text: '' | Job: 0
2025-12-19 17:23:44 - __main__ - INFO - [2025-12-19 17:23:44] Status: ERROR | Text: '' | Job: 0
2025-12-19 17:23:45 - __main__ - INFO - [2025-12-19 17:23:45] Status: ERROR | Text: '' | Job: 0
2025-12-19 17:23:45 - __main__ - INFO - [2025-12-19 17:23:45] Status: ERROR | Text: '' | Job: 0
2025-12-19 17:23:46 - __main__ - INFO - [2025-12-19 17:23:46] Status: ERROR | Text: '' | Job: 0
2025-12-19 17:23:46 - __main__ - INFO - [2025-12-19 17:23:46] Status: ERROR | Text: '' | Job: 0
2025-12-19 17:23:47 - __main__ - INFO - [2025-12-19 17:23:47] Status: ERROR | Text: '' | Job: 0
2025-12-19 17:23:47 - __main__ - INFO - [2025-12-19 17:23:47] Status: ERROR | Text: '' | Job: 0
2025-12-19 17:23:48 - __main__ - INFO - [2025-12-19 17:23:48] Status: ERROR | Text: '' | Job: 0
2025-12-19 17:23:48 - __main__ - INFO - [2025-12-19 17:23:48] Status: ERROR | Text: '' | Job: 0
2025-12-19 17:23:49 - __main__ - INFO - [2025-12-19 17:23:49] Status: ERROR | Text: '' | Job: 0
2025-12-19 17:23:49 - __main__ - INFO - [2025-12-19 17:23:49] Status: ERROR | Text: '' | Job: 0
2025-12-19 17:23:50 - __main__ - INFO - [2025-12-19 17:23:50] Status: ERROR | Text: '' | Job: 0
2025-12-19 17:23:51 - __main__ - INFO - [2025-12-19 17:23:51] Status: ERROR | Text: '' | Job: 0
2025-12-19 17:23:51 - __main__ - INFO - [2025-12-19 17:23:51] Status: ERROR | Text: '' | Job: 0
2025-12-19 17:23:52 - __main__ - INFO - [2025-12-19 17:23:52] Status: ERROR | Text: '' | Job: 0
2025-12-19 17:23:52 - __main__ - INFO - [2025-12-19 17:23:52] Status: ERROR | Text: '' | Job: 0
2025-12-19 17:23:53 - __main__ - INFO - [2025-12-19 17:23:53] Status: ERROR | Text: '' | Job: 0
2025-12-19 17:23:53 - __main__ - INFO - [2025-12-19 17:23:53] Status: ERROR | Text: '' | Job: 0
2025-12-19 17:23:54 - __main__ - INFO - [2025-12-19 17:23:54] Status: ERROR | Text: '' | Job: 0
2025-12-19 17:23:54 - __main__ - INFO - [2025-12-19 17:23:54] Status: ERROR | Text: '' | Job: 0
2025-12-19 17:23:55 - __main__ - INFO - [2025-12-19 17:23:55] Status: ERROR | Text: '' | Job: 0
2025-12-19 17:23:55 - __main__ - INFO - [2025-12-19 17:23:55] Status: ERROR | Text: '' | Job: 0
2025-12-19 17:23:56 - __main__ - INFO - [2025-12-19 17:23:56] Status: ERROR | Text: '' | Job: 0
2025-12-19 17:23:56 - __main__ - INFO - [2025-12-19 17:23:56] Status: ERROR | Text: '' | Job: 0
2025-12-19 17:23:57 - __main__ - INFO - [2025-12-19 17:23:57] Status: ERROR | Text: '' | Job: 0
2025-12-19 17:23:57 - __main__ - INFO - [2025-12-19 17:23:57] Status: ERROR | Text: '' | Job: 0
2025-12-19 17:23:58 - __main__ - INFO - [2025-12-19 17:23:58] Status: ERROR | Text: '' | Job: 0
2025-12-19 17:23:58 - __main__ - INFO - [2025-12-19 17:23:58] Status: ERROR | Text: '' | Job: 0
2025-12-19 17:23:59 - __main__ - INFO - [2025-12-19 17:23:59] Status: ERROR | Text: '' | Job: 0
2025-12-19 17:23:59 - __main__ - INFO - [2025-12-19 17:23:59] Status: ERROR | Text: '' | Job: 0
2025-12-19 17:24:00 - __main__ - INFO - [2025-12-19 17:24:00] Status: ERROR | Text: '' | Job: 0
2025-12-19 17:24:00 - __main__ - INFO - [2025-12-19 17:24:00] Status: ERROR | Text: '' | Job: 0
2025-12-19 17:24:01 - __main__ - INFO - [2025-12-19 17:24:01] Status: ERROR | Text: '' | Job: 0
2025-12-19 17:24:01 - __main__ - INFO - [2025-12-19 17:24:01] Status: ERROR | Text: '' | Job: 0
2025-12-19 17:24:02 - __main__ - INFO - [2025-12-19 17:24:02] Status: ERROR | Text: '' | Job: 0
2025-12-19 17:24:02 - __main__ - INFO - [2025-12-19 17:24:02] Status: ERROR | Text: '' | Job: 0
2025-12-19 17:24:03 - __main__ - INFO - [2025-12-19 17:24:03] Status: ERROR | Text: '' | Job: 0
2025-12-19 17:24:03 - __main__ - INFO - [2025-12-19 17:24:03] Status: ERROR | Text: '' | Job: 0
2025-12-19 17:24:04 - __main__ - INFO - [2025-12-19 17:24:04] Status: ERROR | Text: '' | Job: 0
2025-12-19 17:24:04 - __main__ - INFO - [2025-12-19 17:24:04] Status: ERROR | Text: '' | Job: 0
2025-12-19 17:24:05 - __main__ - INFO - [2025-12-19 17:24:05] Status: ERROR | Text: '' | Job: 0
2025-12-19 17:24:05 - __main__ - INFO - [2025-12-19 17:24:05] Status: ERROR | Text: '' | Job: 0
2025-12-19 17:24:06 - __main__ - INFO - [2025-12-19 17:24:06] Status: ERROR | Text: '' | Job: 0
2025-12-19 17:24:06 - __main__ - INFO - [2025-12-19 17:24:06] Status: ERROR | Text: '' | Job: 0
2025-12-19 17:24:07 - __main__ - INFO - [2025-12-19 17:24:07] Status: ERROR | Text: '' | Job: 0
2025-12-19 17:24:07 - __main__ - INFO - [2025-12-19 17:24:07] Status: ERROR | Text: '' | Job: 0
2025-12-19 17:24:08 - __main__ - INFO - [2025-12-19 17:24:08] Status: ERROR | Text: '' | Job: 0
2025-12-19 17:24:08 - __main__ - INFO - [2025-12-19 17:24:08] Status: ERROR | Text: '' | Job: 0
2025-12-19 17:24:09 - __main__ - INFO - [2025-12-19 17:24:09] Status: ERROR | Text: '' | Job: 0
2025-12-19 17:24:09 - __main__ - INFO - [2025-12-19 17:24:09] Status: ERROR | Text: '' | Job: 0
2025-12-19 17:24:10 - __main__ - INFO - [2025-12-19 17:24:10] Status: ERROR | Text: '' | Job: 0
2025-12-19 17:24:10 - __main__ - INFO - [2025-12-19 17:24:10] Status: ERROR | Text: '' | Job: 0
2025-12-19 17:24:11 - __main__ - INFO - [2025-12-19 17:24:11] Status: ERROR | Text: '' | Job: 0
2025-12-19 17:24:11 - __main__ - INFO - [2025-12-19 17:24:11] Status: ERROR | Text: '' | Job: 0
2025-12-19 17:24:12 - __main__ - INFO - [2025-12-19 17:24:12] Status: ERROR | Text: '' | Job: 0
2025-12-19 17:24:12 - __main__ - INFO - [2025-12-19 17:24:12] Status: ERROR | Text: '' | Job: 0
2025-12-19 17:24:13 - __main__ - INFO - [2025-12-19 17:24:13] Status: ERROR | Text: '' | Job: 0
2025-12-19 17:24:13 - __main__ - INFO - [2025-12-19 17:24:13] Status: ERROR | Text: '' | Job: 0
2025-12-19 17:24:14 - __main__ - INFO - [2025-12-19 17:24:14] Status: ERROR | Text: '' | Job: 0
2025-12-19 17:24:14 - __main__ - INFO - [2025-12-19 17:24:14] Status: ERROR | Text: '' | Job: 0
2025-12-19 17:24:15 - __main__ - INFO - [2025-12-19 17:24:15] Status: ERROR | Text: '' | Job: 0
2025-12-19 17:24:15 - __main__ - INFO - [2025-12-19 17:24:15] Status: ERROR | Text: '' | Job: 0
2025-12-19 17:24:16 - __main__ - INFO - [2025-12-19 17:24:16] Status: ERROR | Text: '' | Job: 0
2025-12-19 17:24:16 - __main__ - INFO - [2025-12-19 17:24:16] Status: ERROR | Text: '' | Job: 0
2025-12-19 17:24:17 - __main__ - INFO - [2025-12-19 17:24:17] Status: ERROR | Text: '' | Job: 0
2025-12-19 17:24:17 - __main__ - INFO - [2025-12-19 17:24:17] Status: ERROR | Text: '' | Job: 0
2025-12-19 17:24:18 - __main__ - INFO - [2025-12-19 17:24:18] Status: ERROR | Text: '' | Job: 0
2025-12-19 17:24:18 - __main__ - INFO - [2025-12-19 17:24:18] Status: ERROR | Text: '' | Job: 0
2025-12-19 17:24:19 - __main__ - INFO - [2025-12-19 17:24:19] Status: ERROR | Text: '' | Job: 0
2025-12-19 17:24:19 - __main__ - INFO - [2025-12-19 17:24:19] Status: ERROR | Text: '' | Job: 0
2025-12-19 17:24:20 - __main__ - INFO - [2025-12-19 17:24:20] Status: ERROR | Text: '' | Job: 0
2025-12-19 17:24:20 - __main__ - INFO - [2025-12-19 17:24:20] Status: ERROR | Text: '' | Job: 0
2025-12-19 17:24:21 - __main__ - INFO - [2025-12-19 17:24:21] Status: ERROR | Text: '' | Job: 0
2025-12-19 17:24:21 - __main__ - INFO - [2025-12-19 17:24:21] Status: ERROR | Text: '' | Job: 0
2025-12-19 17:24:22 - __main__ - INFO - [2025-12-19 17:24:22] Status: ERROR | Text: '' | Job: 0
2025-12-19 17:24:22 - __main__ - INFO - [2025-12-19 17:24:22] Status: ERROR | Text: '' | Job: 0
2025-12-19 17:24:23 - __main__ - INFO - [2025-12-19 17:24:23] Status: ERROR | Text: '' | Job: 0
2025-12-19 17:24:23 - __main__ - INFO - [2025-12-19 17:24:23] Status: ERROR | Text: '' | Job: 0
2025-12-19 17:24:24 - __main__ - INFO - [2025-12-19 17:24:24] Status: ERROR | Text: '' | Job: 0
2025-12-19 17:24:24 - __main__ - INFO - [2025-12-19 17:24:24] Status: ERROR | Text: '' | Job: 0
2025-12-19 17:24:25 - __main__ - INFO - [2025-12-19 17:24:25] Status: ERROR | Text: '' | Job: 0
2025-12-19 17:24:25 - __main__ - INFO - [2025-12-19 17:24:25] Status: ERROR | Text: '' | Job: 0
2025-12-19 17:24:26 - __main__ - INFO - [2025-12-19 17:24:26] Status: ERROR | Text: '' | Job: 0
2025-12-19 17:24:26 - __main__ - INFO - [2025-12-19 17:24:26] Status: ERROR | Text: '' | Job: 0
2025-12-19 17:24:27 - __main__ - INFO - [2025-12-19 17:24:27] Status: ERROR | Text: '' | Job: 0
2025-12-19 17:24:27 - __main__ - INFO - [2025-12-19 17:24:27] Status: ERROR | Text: '' | Job: 0
2025-12-19 17:24:28 - __main__ - INFO - [2025-12-19 17:24:28] Status: ERROR | Text: '' | Job: 0
2025-12-19 17:24:28 - __main__ - INFO - [2025-12-19 17:24:28] Status: ERROR | Text: '' | Job: 0
2025-12-19 17:24:29 - __main__ - INFO - [2025-12-19 17:24:29] Status: ERROR | Text: '' | Job: 0
2025-12-19 17:24:29 - __main__ - INFO - [2025-12-19 17:24:29] Status: ERROR | Text: '' | Job: 0
2025-12-19 17:24:30 - __main__ - INFO - [2025-12-19 17:24:30] Status: ERROR | Text: '' | Job: 0
2025-12-19 17:24:30 - __main__ - INFO - [2025-12-19 17:24:30] Status: ERROR | Text: '' | Job: 0
2025-12-19 17:24:31 - __main__ - INFO - [2025-12-19 17:24:31] Status: ERROR | Text: '' | Job: 0
2025-12-19 17:24:32 - __main__ - INFO - [2025-12-19 17:24:32] Status: ERROR | Text: '' | Job: 0
2025-12-19 17:24:32 - __main__ - INFO - [2025-12-19 17:24:32] Status: ERROR | Text: '' | Job: 0
2025-12-19 17:24:33 - __main__ - INFO - [2025-12-19 17:24:33] Status: ERROR | Text: '' | Job: 0
2025-12-19 17:24:33 - __main__ - INFO - [2025-12-19 17:24:33] Status: ERROR | Text: '' | Job: 0
2025-12-19 17:24:34 - __main__ - INFO - [2025-12-19 17:24:34] Status: ERROR | Text: '' | Job: 0
2025-12-19 17:24:34 - __main__ - INFO - [2025-12-19 17:24:34] Status: ERROR | Text: '' | Job: 0
2025-12-19 17:24:35 - __main__ - INFO - [2025-12-19 17:24:35] Status: ERROR | Text: '' | Job: 0
2025-12-19 17:24:35 - __main__ - INFO - [2025-12-19 17:24:35] Status: ERROR | Text: '' | Job: 0
2025-12-19 17:24:36 - __main__ - INFO - [2025-12-19 17:24:36] Status: ERROR | Text: '' | Job: 0
2025-12-19 17:24:36 - __main__ - INFO - [2025-12-19 17:24:36] Status: ERROR | Text: '' | Job: 0
2025-12-19 17:24:37 - __main__ - INFO - [2025-12-19 17:24:37] Status: ERROR | Text: '' | Job: 0
2025-12-19 17:24:37 - __main__ - INFO - [2025-12-19 17:24:37] Status: ERROR | Text: '' | Job: 0
2025-12-19 17:24:38 - __main__ - INFO - [2025-12-19 17:24:38] Status: ERROR | Text: '' | Job: 0
2025-12-19 17:24:38 - __main__ - INFO - [2025-12-19 17:24:38] Status: ERROR | Text: '' | Job: 0
2025-12-19 17:24:39 - __main__ - INFO - [2025-12-19 17:24:39] Status: ERROR | Text: '' | Job: 0
2025-12-19 17:24:39 - __main__ - INFO - [2025-12-19 17:24:39] Status: ERROR | Text: '' | Job: 0
2025-12-19 17:24:40 - __main__ - INFO - [2025-12-19 17:24:40] Status: ERROR | Text: '' | Job: 0
2025-12-19 17:24:40 - __main__ - INFO - [2025-12-19 17:24:40] Status: ERROR | Text: '' | Job: 0
2025-12-19 17:24:40 - __main__ - INFO - Shutdown signal received. Stopping...
2025-12-19 17:24:41 - keyence_client - INFO - Disconnected from Keyence MD-X2000
2025-12-19 17:24:41 - api_client - INFO - API client session closed
2025-12-19 17:24:41 - __main__ - INFO - Monitoring stopped.
2025-12-19 17:24:41 - api_client - INFO - API client session closed
2025-12-19 17:24:41 - __main__ - INFO - [2025-12-19 17:24:41] Status: ERROR | Text: '' | Job: 0
2025-12-19 17:24:42 - __main__ - INFO - [2025-12-19 17:24:42] Status: ERROR | Text: '' | Job: 0
2025-12-19 17:24:43 - __main__ - INFO - [2025-12-19 17:24:43] Status: ERROR | Text: '' | Job: 0
2025-12-19 17:24:44 - __main__ - INFO - [2025-12-19 17:24:44] Status: ERROR | Text: '' | Job: 0
2025-12-19 17:24:45 - __main__ - INFO - [2025-12-19 17:24:45] Status: ERROR | Text: '' | Job: 0
2025-12-19 17:24:46 - __main__ - INFO - [2025-12-19 17:24:46] Status: ERROR | Text: '' | Job: 0
2025-12-19 17:24:47 - __main__ - INFO - [2025-12-19 17:24:47] Status: ERROR | Text: '' | Job: 0
2025-12-19 17:24:48 - __main__ - INFO - [2025-12-19 17:24:48] Status: ERROR | Text: '' | Job: 0
2025-12-19 17:24:49 - __main__ - INFO - [2025-12-19 17:24:49] Status: ERROR | Text: '' | Job: 0
2025-12-19 17:24:50 - __main__ - INFO - [2025-12-19 17:24:50] Status: ERROR | Text: '' | Job: 0
2025-12-19 17:24:51 - __main__ - INFO - [2025-12-19 17:24:51] Status: ERROR | Text: '' | Job: 0
2025-12-19 17:24:52 - __main__ - INFO - [2025-12-19 17:24:52] Status: ERROR | Text: '' | Job: 0
2025-12-19 17:24:53 - __main__ - INFO - [2025-12-19 17:24:53] Status: ERROR | Text: '' | Job: 0
2025-12-19 17:24:54 - __main__ - INFO - [2025-12-19 17:24:54] Status: ERROR | Text: '' | Job: 0
2025-12-19 17:24:55 - __main__ - INFO - [2025-12-19 17:24:55] Status: ERROR | Text: '' | Job: 0
2025-12-19 17:24:56 - __main__ - INFO - [2025-12-19 17:24:56] Status: ERROR | Text: '' | Job: 0
2025-12-19 17:24:57 - __main__ - INFO - [2025-12-19 17:24:57] Status: ERROR | Text: '' | Job: 0
2025-12-19 17:24:58 - __main__ - INFO - [2025-12-19 17:24:58] Status: ERROR | Text: '' | Job: 0
2025-12-19 17:24:59 - __main__ - INFO - [2025-12-19 17:24:59] Status: ERROR | Text: '' | Job: 0
2025-12-19 17:25:00 - __main__ - INFO - [2025-12-19 17:25:00] Status: ERROR | Text: '' | Job: 0
2025-12-19 17:25:01 - __main__ - INFO - [2025-12-19 17:25:01] Status: ERROR | Text: '' | Job: 0
2025-12-19 17:25:02 - __main__ - INFO - [2025-12-19 17:25:02] Status: ERROR | Text: '' | Job: 0
2025-12-19 17:25:03 - __main__ - INFO - [2025-12-19 17:25:03] Status: ERROR | Text: '' | Job: 0
2025-12-19 17:25:04 - __main__ - INFO - [2025-12-19 17:25:04] Status: ERROR | Text: '' | Job: 0
2025-12-19 17:25:05 - __main__ - INFO - [2025-12-19 17:25:05] Status: ERROR | Text: '' | Job: 0
2025-12-19 17:25:06 - __main__ - INFO - [2025-12-19 17:25:06] Status: ERROR | Text: '' | Job: 0
2025-12-19 17:25:07 - __main__ - INFO - [2025-12-19 17:25:07] Status: ERROR | Text: '' | Job: 0
2025-12-19 17:25:08 - __main__ - INFO - [2025-12-19 17:25:08] Status: ERROR | Text: '' | Job: 0
2025-12-19 17:25:09 - __main__ - INFO - [2025-12-19 17:25:09] Status: ERROR | Text: '' | Job: 0
2025-12-19 17:25:10 - __main__ - INFO - [2025-12-19 17:25:10] Status: ERROR | Text: '' | Job: 0
2025-12-19 17:25:11 - __main__ - INFO - [2025-12-19 17:25:11] Status: ERROR | Text: '' | Job: 0
2025-12-19 17:25:12 - __main__ - INFO - [2025-12-19 17:25:12] Status: ERROR | Text: '' | Job: 0
2025-12-19 17:25:13 - __main__ - INFO - [2025-12-19 17:25:13] Status: ERROR | Text: '' | Job: 0
2025-12-19 17:25:14 - __main__ - INFO - [2025-12-19 17:25:14] Status: ERROR | Text: '' | Job: 0
2025-12-19 17:25:15 - __main__ - INFO - [2025-12-19 17:25:15] Status: ERROR | Text: '' | Job: 0
2025-12-19 17:25:16 - __main__ - INFO - [2025-12-19 17:25:16] Status: ERROR | Text: '' | Job: 0
2025-12-19 17:25:17 - __main__ - INFO - [2025-12-19 17:25:17] Status: ERROR | Text: '' | Job: 0
2025-12-19 17:25:18 - __main__ - INFO - [2025-12-19 17:25:18] Status: ERROR | Text: '' | Job: 0
2025-12-19 17:25:19 - __main__ - INFO - [2025-12-19 17:25:19] Status: ERROR | Text: '' | Job: 0
2025-12-19 17:25:20 - __main__ - INFO - [2025-12-19 17:25:20] Status: ERROR | Text: '' | Job: 0
2025-12-19 17:25:21 - __main__ - INFO - [2025-12-19 17:25:21] Status: ERROR | Text: '' | Job: 0
2025-12-19 17:25:22 - __main__ - INFO - [2025-12-19 17:25:22] Status: ERROR | Text: '' | Job: 0
2025-12-19 17:25:23 - __main__ - INFO - [2025-12-19 17:25:23] Status: ERROR | Text: '' | Job: 0
2025-12-19 17:25:24 - __main__ - INFO - [2025-12-19 17:25:24] Status: ERROR | Text: '' | Job: 0
2025-12-19 17:25:25 - __main__ - INFO - [2025-12-19 17:25:25] Status: ERROR | Text: '' | Job: 0
2025-12-19 17:25:26 - __main__ - INFO - [2025-12-19 17:25:26] Status: ERROR | Text: '' | Job: 0
2025-12-19 17:25:27 - __main__ - INFO - [2025-12-19 17:25:27] Status: ERROR | Text: '' | Job: 0
2025-12-19 17:25:28 - __main__ - INFO - [2025-12-19 17:25:28] Status: ERROR | Text: '' | Job: 0
2025-12-19 17:25:29 - __main__ - INFO - [2025-12-19 17:25:29] Status: ERROR | Text: '' | Job: 0
2025-12-19 17:25:30 - __main__ - INFO - [2025-12-19 17:25:30] Status: ERROR | Text: '' | Job: 0
2025-12-19 17:25:31 - __main__ - INFO - [2025-12-19 17:25:31] Status: ERROR | Text: '' | Job: 0
2025-12-19 17:25:32 - __main__ - INFO - [2025-12-19 17:25:32] Status: ERROR | Text: '' | Job: 0
2025-12-19 17:25:33 - __main__ - INFO - [2025-12-19 17:25:33] Status: ERROR | Text: '' | Job: 0
2025-12-19 17:25:34 - __main__ - INFO - [2025-12-19 17:25:34] Status: ERROR | Text: '' | Job: 0
2025-12-19 17:25:35 - __main__ - INFO - [2025-12-19 17:25:35] Status: ERROR | Text: '' | Job: 0
2025-12-19 17:25:36 - __main__ - INFO - [2025-12-19 17:25:36] Status: ERROR | Text: '' | Job: 0
2025-12-19 17:25:37 - __main__ - INFO - [2025-12-19 17:25:37] Status: ERROR | Text: '' | Job: 0
2025-12-19 17:25:38 - __main__ - INFO - [2025-12-19 17:25:38] Status: ERROR | Text: '' | Job: 0
2025-12-19 17:25:39 - __main__ - INFO - [2025-12-19 17:25:39] Status: ERROR | Text: '' | Job: 0
2025-12-19 17:25:40 - __main__ - INFO - [2025-12-19 17:25:40] Status: ERROR | Text: '' | Job: 0
2025-12-19 17:25:41 - __main__ - INFO - [2025-12-19 17:25:41] Status: ERROR | Text: '' | Job: 0
2025-12-19 17:25:42 - __main__ - INFO - [2025-12-19 17:25:42] Status: ERROR | Text: '' | Job: 0
2025-12-19 17:25:43 - __main__ - INFO - [2025-12-19 17:25:43] Status: ERROR | Text: '' | Job: 0
2025-12-19 17:25:44 - __main__ - INFO - [2025-12-19 17:25:44] Status: ERROR | Text: '' | Job: 0
2025-12-19 17:25:45 - __main__ - INFO - [2025-12-19 17:25:45] Status: ERROR | Text: '' | Job: 0
2025-12-19 17:25:46 - __main__ - INFO - [2025-12-19 17:25:46] Status: ERROR | Text: '' | Job: 0
2025-12-19 17:25:47 - __main__ - INFO - [2025-12-19 17:25:47] Status: ERROR | Text: '' | Job: 0
2025-12-19 17:25:48 - __main__ - INFO - [2025-12-19 17:25:48] Status: ERROR | Text: '' | Job: 0
2025-12-19 17:25:49 - __main__ - INFO - [2025-12-19 17:25:49] Status: ERROR | Text: '' | Job: 0
2025-12-19 17:25:50 - __main__ - INFO - [2025-12-19 17:25:50] Status: ERROR | Text: '' | Job: 0
2025-12-19 17:25:51 - __main__ - INFO - [2025-12-19 17:25:51] Status: ERROR | Text: '' | Job: 0
2025-12-19 17:25:52 - __main__ - INFO - [2025-12-19 17:25:52] Status: ERROR | Text: '' | Job: 0
2025-12-19 17:25:53 - __main__ - INFO - [2025-12-19 17:25:53] Status: ERROR | Text: '' | Job: 0
2025-12-19 17:25:54 - __main__ - INFO - [2025-12-19 17:25:54] Status: ERROR | Text: '' | Job: 0
2025-12-19 17:25:55 - __main__ - INFO - [2025-12-19 17:25:55] Status: ERROR | Text: '' | Job: 0
2025-12-19 17:25:56 - __main__ - ERROR - Keyence Error: Communication error: [WinError 10054] An existing connection was forcibly closed by the remote host
2025-12-19 17:25:56 - keyence_client - INFO - Disconnected from Keyence MD-X2000
2025-12-19 17:25:56 - __main__ - INFO - Attempting to reconnect (1/5)...
2025-12-19 17:25:58 - __main__ - INFO - Connecting to laser marker...
2025-12-19 17:25:58 - keyence_client - INFO - Connecting to Keyence MD-X2000 at 192.168.0.20:50002
2025-12-19 17:26:08 - __main__ - ERROR - Keyence Error: Connection timeout to 192.168.0.20:50002
2025-12-19 17:26:08 - keyence_client - INFO - Disconnected from Keyence MD-X2000
2025-12-19 17:26:08 - __main__ - INFO - Attempting to reconnect (2/5)...
2025-12-19 17:26:10 - __main__ - INFO - Connecting to laser marker...
2025-12-19 17:26:10 - keyence_client - INFO - Connecting to Keyence MD-X2000 at 192.168.0.20:50002
2025-12-19 17:26:20 - __main__ - ERROR - Keyence Error: Connection timeout to 192.168.0.20:50002
2025-12-19 17:26:20 - keyence_client - INFO - Disconnected from Keyence MD-X2000
2025-12-19 17:26:20 - __main__ - INFO - Attempting to reconnect (3/5)...
2025-12-19 17:26:22 - __main__ - INFO - Connecting to laser marker...
2025-12-19 17:26:22 - keyence_client - INFO - Connecting to Keyence MD-X2000 at 192.168.0.20:50002
2025-12-19 17:26:32 - __main__ - ERROR - Keyence Error: Connection timeout to 192.168.0.20:50002
2025-12-19 17:26:32 - keyence_client - INFO - Disconnected from Keyence MD-X2000
2025-12-19 17:26:32 - __main__ - INFO - Attempting to reconnect (4/5)...
2025-12-19 17:26:34 - __main__ - INFO - Connecting to laser marker...
2025-12-19 17:26:34 - keyence_client - INFO - Connecting to Keyence MD-X2000 at 192.168.0.20:50002
2025-12-19 17:26:44 - __main__ - ERROR - Keyence Error: Connection timeout to 192.168.0.20:50002
2025-12-19 17:26:44 - keyence_client - INFO - Disconnected from Keyence MD-X2000
2025-12-19 17:26:44 - __main__ - INFO - Attempting to reconnect (5/5)...
2025-12-19 17:26:46 - __main__ - INFO - Connecting to laser marker...
2025-12-19 17:26:46 - keyence_client - INFO - Connecting to Keyence MD-X2000 at 192.168.0.20:50002
2025-12-19 17:26:56 - __main__ - ERROR - Keyence Error: Connection timeout to 192.168.0.20:50002
2025-12-19 17:26:56 - keyence_client - INFO - Disconnected from Keyence MD-X2000
2025-12-19 17:26:56 - __main__ - ERROR - Max reconnection attempts reached. Stopping.
2025-12-19 17:26:56 - api_client - INFO - API client session closed
2025-12-19 17:26:56 - __main__ - INFO - Monitoring stopped.
2025-12-19 17:26:56 - api_client - INFO - API client session closed
2025-12-19 17:41:34 - __main__ - INFO - ============================================================
2025-12-19 17:41:34 - __main__ - INFO -   Keyence MD-X2000 Laser Marker Communication Script
2025-12-19 17:41:34 - __main__ - INFO - ============================================================
2025-12-19 17:41:34 - keyence_client - INFO - Connecting to Keyence MD-X2000 at 192.168.0.20:50002
2025-12-19 17:41:44 - __main__ - ERROR - Keyence Error: Connection timeout to 192.168.0.20:50002
2025-12-19 17:41:44 - __main__ - ERROR - Failed to read marking data
2025-12-19 17:41:44 - keyence_client - INFO - Disconnected from Keyence MD-X2000
2025-12-19 17:41:44 - api_client - INFO - API client session closed
2026-01-27 17:12:01 - __main__ - INFO - ============================================================
2026-01-27 17:12:01 - __main__ - INFO -   Keyence MD-X2000 Laser Marker Communication Script
2026-01-27 17:12:01 - __main__ - INFO - ============================================================
2026-01-27 17:12:01 - __main__ - INFO - ==================================================
2026-01-27 17:12:01 - __main__ - INFO - Starting continuous monitoring mode
2026-01-27 17:12:01 - __main__ - INFO - Poll interval: 1.0 seconds
2026-01-27 17:12:01 - __main__ - INFO - Press Ctrl+C to stop
2026-01-27 17:12:01 - __main__ - INFO - ==================================================
2026-01-27 17:12:01 - __main__ - INFO - Connecting to laser marker...
2026-01-27 17:12:01 - keyence_client - INFO - Connecting to Keyence MD-X2000 at 192.168.0.20:50002
2026-01-27 17:12:11 - __main__ - ERROR - Keyence Error: Connection timeout to 192.168.0.20:50002
2026-01-27 17:12:11 - keyence_client - INFO - Disconnected from Keyence MD-X2000
2026-01-27 17:12:11 - __main__ - INFO - Attempting to reconnect (1/5)...
2026-01-27 17:12:13 - __main__ - INFO - Connecting to laser marker...
2026-01-27 17:12:13 - keyence_client - INFO - Connecting to Keyence MD-X2000 at 192.168.0.20:50002
2026-01-27 17:12:23 - __main__ - ERROR - Keyence Error: Connection timeout to 192.168.0.20:50002
2026-01-27 17:12:23 - keyence_client - INFO - Disconnected from Keyence MD-X2000
2026-01-27 17:12:24 - __main__ - INFO - Attempting to reconnect (2/5)...
2026-01-27 17:12:26 - __main__ - INFO - Connecting to laser marker...
2026-01-27 17:12:26 - keyence_client - INFO - Connecting to Keyence MD-X2000 at 192.168.0.20:50002
2026-01-27 17:12:36 - __main__ - ERROR - Keyence Error: Connection timeout to 192.168.0.20:50002
2026-01-27 17:12:36 - keyence_client - INFO - Disconnected from Keyence MD-X2000
2026-01-27 17:12:36 - __main__ - INFO - Attempting to reconnect (3/5)...
2026-01-27 17:12:38 - __main__ - INFO - Connecting to laser marker...
2026-01-27 17:12:38 - keyence_client - INFO - Connecting to Keyence MD-X2000 at 192.168.0.20:50002
2026-01-27 17:12:48 - __main__ - ERROR - Keyence Error: Connection timeout to 192.168.0.20:50002
2026-01-27 17:12:48 - keyence_client - INFO - Disconnected from Keyence MD-X2000
2026-01-27 17:12:48 - __main__ - INFO - Attempting to reconnect (4/5)...
2026-01-27 17:12:50 - __main__ - INFO - Connecting to laser marker...
2026-01-27 17:12:50 - keyence_client - INFO - Connecting to Keyence MD-X2000 at 192.168.0.20:50002
2026-01-27 17:13:00 - __main__ - ERROR - Keyence Error: Connection timeout to 192.168.0.20:50002
2026-01-27 17:13:00 - keyence_client - INFO - Disconnected from Keyence MD-X2000
2026-01-27 17:13:00 - __main__ - INFO - Attempting to reconnect (5/5)...
2026-01-27 17:13:02 - __main__ - INFO - Connecting to laser marker...
2026-01-27 17:13:02 - keyence_client - INFO - Connecting to Keyence MD-X2000 at 192.168.0.20:50002
2026-01-27 17:13:12 - __main__ - ERROR - Keyence Error: Connection timeout to 192.168.0.20:50002
2026-01-27 17:13:12 - keyence_client - INFO - Disconnected from Keyence MD-X2000
2026-01-27 17:13:12 - __main__ - ERROR - Max reconnection attempts reached. Stopping.
2026-01-27 17:13:12 - api_client - INFO - API client session closed
2026-01-27 17:13:12 - __main__ - INFO - Monitoring stopped.
2026-01-27 17:13:12 - api_client - INFO - API client session closed
2026-01-28 16:12:57 - __main__ - INFO - ============================================================
2026-01-28 16:12:57 - __main__ - INFO -   Keyence MD-X2000 Laser Marker Communication Script
2026-01-28 16:12:57 - __main__ - INFO - ============================================================
2026-01-28 16:12:57 - __main__ - INFO - ==================================================
2026-01-28 16:12:57 - __main__ - INFO - Starting continuous monitoring mode
2026-01-28 16:12:57 - __main__ - INFO - Poll interval: 1.0 seconds
2026-01-28 16:12:57 - __main__ - INFO - Press Ctrl+C to stop
2026-01-28 16:12:57 - __main__ - INFO - ==================================================
2026-01-28 16:12:57 - __main__ - INFO - Connecting to laser marker...
2026-01-28 16:12:57 - keyence_client - INFO - Connecting to Keyence MD-X2000 at 192.168.0.20:50002
2026-01-28 16:13:07 - __main__ - INFO - Shutdown signal received. Stopping...
2026-01-28 16:13:07 - __main__ - ERROR - Keyence Error: Connection timeout to 192.168.0.20:50002
2026-01-28 16:13:07 - keyence_client - INFO - Disconnected from Keyence MD-X2000
2026-01-28 16:13:07 - __main__ - INFO - Attempting to reconnect (1/5)...
2026-01-28 16:13:07 - __main__ - INFO - Shutdown signal received. Stopping...
2026-01-28 16:13:08 - __main__ - INFO - Shutdown signal received. Stopping...
2026-01-28 16:13:08 - __main__ - INFO - Shutdown signal received. Stopping...
2026-01-28 16:13:08 - __main__ - INFO - Shutdown signal received. Stopping...
2026-01-28 16:13:09 - api_client - INFO - API client session closed
2026-01-28 16:13:09 - __main__ - INFO - Monitoring stopped.
2026-01-28 16:13:09 - api_client - INFO - API client session closed
2026-01-28 16:15:13 - __main__ - INFO - ============================================================
2026-01-28 16:15:14 - __main__ - INFO -   Keyence MD-X2000 Laser Marker Communication Script
2026-01-28 16:15:14 - __main__ - INFO - ============================================================
2026-01-28 16:15:14 - __main__ - INFO - ==================================================
2026-01-28 16:15:14 - __main__ - INFO - Starting continuous monitoring mode
2026-01-28 16:15:14 - __main__ - INFO - Poll interval: 1.0 seconds
2026-01-28 16:15:14 - __main__ - INFO - Press Ctrl+C to stop
2026-01-28 16:15:14 - __main__ - INFO - ==================================================
2026-01-28 16:15:14 - __main__ - INFO - Connecting to laser marker...
2026-01-28 16:15:14 - keyence_client - INFO - Connecting to Keyence MD-X2000 at 192.168.1.9:50002
2026-01-28 16:15:14 - keyence_client - INFO - Successfully connected to Keyence MD-X2000
2026-01-28 16:15:14 - __main__ - INFO - [2026-01-28 16:15:14] Status: ERROR | Text: '' | Job: 0
2026-01-28 16:15:15 - __main__ - INFO - [2026-01-28 16:15:15] Status: ERROR | Text: '' | Job: 0
2026-01-28 16:15:16 - __main__ - INFO - [2026-01-28 16:15:16] Status: ERROR | Text: '' | Job: 0
2026-01-28 16:15:17 - __main__ - INFO - [2026-01-28 16:15:17] Status: ERROR | Text: '' | Job: 0
2026-01-28 16:15:18 - __main__ - INFO - [2026-01-28 16:15:18] Status: ERROR | Text: '' | Job: 0
2026-01-28 16:15:19 - __main__ - INFO - [2026-01-28 16:15:19] Status: ERROR | Text: '' | Job: 0
2026-01-28 16:15:20 - __main__ - INFO - [2026-01-28 16:15:20] Status: ERROR | Text: '' | Job: 0
2026-01-28 16:15:21 - __main__ - INFO - [2026-01-28 16:15:21] Status: ERROR | Text: '' | Job: 0
2026-01-28 16:15:22 - __main__ - INFO - [2026-01-28 16:15:22] Status: ERROR | Text: '' | Job: 0
2026-01-28 16:15:23 - __main__ - INFO - [2026-01-28 16:15:23] Status: ERROR | Text: '' | Job: 0
2026-01-28 16:15:24 - __main__ - INFO - [2026-01-28 16:15:24] Status: ERROR | Text: '' | Job: 0
2026-01-28 16:15:25 - __main__ - INFO - [2026-01-28 16:15:25] Status: ERROR | Text: '' | Job: 0
2026-01-28 16:15:26 - __main__ - INFO - [2026-01-28 16:15:26] Status: ERROR | Text: '' | Job: 0
2026-01-28 16:15:27 - __main__ - INFO - [2026-01-28 16:15:27] Status: ERROR | Text: '' | Job: 0
2026-01-28 16:15:28 - __main__ - INFO - [2026-01-28 16:15:28] Status: ERROR | Text: '' | Job: 0
2026-01-28 16:15:29 - __main__ - INFO - [2026-01-28 16:15:29] Status: ERROR | Text: '' | Job: 0
2026-01-28 16:15:30 - __main__ - INFO - [2026-01-28 16:15:30] Status: ERROR | Text: '' | Job: 0
2026-01-28 16:15:31 - __main__ - INFO - [2026-01-28 16:15:31] Status: ERROR | Text: '' | Job: 0
2026-01-28 16:15:32 - __main__ - INFO - [2026-01-28 16:15:32] Status: ERROR | Text: '' | Job: 0
2026-01-28 16:15:33 - __main__ - INFO - [2026-01-28 16:15:33] Status: ERROR | Text: '' | Job: 0
2026-01-28 16:15:34 - __main__ - INFO - [2026-01-28 16:15:34] Status: ERROR | Text: '' | Job: 0
2026-01-28 16:15:35 - __main__ - INFO - [2026-01-28 16:15:35] Status: ERROR | Text: '' | Job: 0
2026-01-28 16:15:36 - __main__ - INFO - [2026-01-28 16:15:36] Status: ERROR | Text: '' | Job: 0
2026-01-28 16:15:37 - __main__ - INFO - [2026-01-28 16:15:37] Status: ERROR | Text: '' | Job: 0
2026-01-28 16:15:38 - __main__ - INFO - [2026-01-28 16:15:38] Status: ERROR | Text: '' | Job: 0
2026-01-28 16:15:39 - __main__ - INFO - [2026-01-28 16:15:39] Status: ERROR | Text: '' | Job: 0
2026-01-28 16:15:40 - __main__ - INFO - [2026-01-28 16:15:40] Status: ERROR | Text: '' | Job: 0
2026-01-28 16:15:40 - __main__ - INFO - Shutdown signal received. Stopping...
2026-01-28 16:15:41 - keyence_client - INFO - Disconnected from Keyence MD-X2000
2026-01-28 16:15:41 - api_client - INFO - API client session closed
2026-01-28 16:15:41 - __main__ - INFO - Monitoring stopped.
2026-01-28 16:15:41 - api_client - INFO - API client session closed
2026-01-28 16:23:47 - __main__ - INFO - ============================================================
2026-01-28 16:23:47 - __main__ - INFO -   Keyence MD-X2000 Laser Marker Communication Script
2026-01-28 16:23:47 - __main__ - INFO - ============================================================
2026-01-28 16:23:47 - __main__ - INFO - ==================================================
2026-01-28 16:23:47 - __main__ - INFO - Starting continuous monitoring mode
2026-01-28 16:23:47 - __main__ - INFO - Poll interval: 1.0 seconds
2026-01-28 16:23:47 - __main__ - INFO - Press Ctrl+C to stop
2026-01-28 16:23:47 - __main__ - INFO - ==================================================
2026-01-28 16:23:47 - __main__ - INFO - Connecting to laser marker...
2026-01-28 16:23:47 - keyence_client - INFO - Connecting to Keyence MD-X2000 at 192.168.1.9:50002
2026-01-28 16:23:47 - keyence_client - INFO - Successfully connected to Keyence MD-X2000
2026-01-28 16:23:47 - __main__ - INFO - [2026-01-28 16:23:47] Status: ERROR | Text: '' | Job: 0
2026-01-28 16:23:48 - __main__ - INFO - [2026-01-28 16:23:48] Status: ERROR | Text: '' | Job: 0
2026-01-28 16:23:49 - __main__ - INFO - [2026-01-28 16:23:49] Status: ERROR | Text: '' | Job: 0
2026-01-28 16:23:50 - __main__ - INFO - [2026-01-28 16:23:50] Status: ERROR | Text: '' | Job: 0
2026-01-28 16:23:51 - __main__ - INFO - [2026-01-28 16:23:51] Status: ERROR | Text: '' | Job: 0
2026-01-28 16:23:52 - __main__ - INFO - [2026-01-28 16:23:52] Status: ERROR | Text: '' | Job: 0
2026-01-28 16:23:53 - __main__ - INFO - [2026-01-28 16:23:53] Status: ERROR | Text: '' | Job: 0
2026-01-28 16:23:54 - __main__ - INFO - [2026-01-28 16:23:54] Status: ERROR | Text: '' | Job: 0
2026-01-28 16:23:55 - __main__ - INFO - [2026-01-28 16:23:55] Status: ERROR | Text: '' | Job: 0
2026-01-28 16:23:56 - __main__ - INFO - [2026-01-28 16:23:56] Status: ERROR | Text: '' | Job: 0
2026-01-28 16:23:57 - __main__ - INFO - [2026-01-28 16:23:57] Status: ERROR | Text: '' | Job: 0
2026-01-28 16:23:58 - __main__ - INFO - [2026-01-28 16:23:58] Status: ERROR | Text: '' | Job: 0
2026-01-28 16:23:59 - __main__ - INFO - [2026-01-28 16:23:59] Status: ERROR | Text: '' | Job: 0
2026-01-28 16:24:00 - __main__ - INFO - [2026-01-28 16:24:00] Status: ERROR | Text: '' | Job: 0
2026-01-28 16:24:01 - __main__ - INFO - [2026-01-28 16:24:01] Status: ERROR | Text: '' | Job: 0
2026-01-28 16:24:02 - __main__ - INFO - [2026-01-28 16:24:02] Status: ERROR | Text: '' | Job: 0
2026-01-28 16:24:03 - __main__ - INFO - [2026-01-28 16:24:03] Status: ERROR | Text: '' | Job: 0
2026-01-28 16:24:04 - __main__ - INFO - [2026-01-28 16:24:04] Status: ERROR | Text: '' | Job: 0
2026-01-28 16:24:05 - __main__ - INFO - [2026-01-28 16:24:05] Status: ERROR | Text: '' | Job: 0
2026-01-28 16:24:06 - __main__ - INFO - [2026-01-28 16:24:06] Status: ERROR | Text: '' | Job: 0
2026-01-28 16:24:07 - __main__ - INFO - [2026-01-28 16:24:07] Status: ERROR | Text: '' | Job: 0
2026-01-28 16:24:08 - __main__ - INFO - [2026-01-28 16:24:08] Status: ERROR | Text: '' | Job: 0
2026-01-28 16:24:09 - __main__ - INFO - [2026-01-28 16:24:09] Status: ERROR | Text: '' | Job: 0
2026-01-28 16:24:10 - __main__ - INFO - [2026-01-28 16:24:10] Status: ERROR | Text: '' | Job: 0
2026-01-28 16:24:11 - __main__ - INFO - [2026-01-28 16:24:11] Status: ERROR | Text: '' | Job: 0
2026-01-28 16:24:12 - __main__ - INFO - [2026-01-28 16:24:12] Status: ERROR | Text: '' | Job: 0
2026-01-28 16:24:13 - __main__ - INFO - [2026-01-28 16:24:13] Status: ERROR | Text: '' | Job: 0
2026-01-28 16:24:14 - __main__ - INFO - [2026-01-28 16:24:14] Status: ERROR | Text: '' | Job: 0
2026-01-28 16:24:15 - __main__ - INFO - [2026-01-28 16:24:15] Status: ERROR | Text: '' | Job: 0
2026-01-28 16:24:16 - __main__ - INFO - [2026-01-28 16:24:16] Status: ERROR | Text: '' | Job: 0
2026-01-28 16:24:17 - __main__ - INFO - [2026-01-28 16:24:17] Status: ERROR | Text: '' | Job: 0
2026-01-28 16:24:18 - __main__ - INFO - [2026-01-28 16:24:18] Status: ERROR | Text: '' | Job: 0
2026-01-28 16:24:19 - __main__ - INFO - [2026-01-28 16:24:19] Status: ERROR | Text: '' | Job: 0
2026-01-28 16:24:20 - __main__ - INFO - [2026-01-28 16:24:20] Status: ERROR | Text: '' | Job: 0
2026-01-28 16:24:21 - __main__ - INFO - [2026-01-28 16:24:21] Status: ERROR | Text: '' | Job: 0
2026-01-28 16:24:22 - __main__ - INFO - [2026-01-28 16:24:22] Status: ERROR | Text: '' | Job: 0
2026-01-28 16:24:23 - __main__ - INFO - [2026-01-28 16:24:23] Status: ERROR | Text: '' | Job: 0
2026-01-28 16:24:24 - __main__ - INFO - [2026-01-28 16:24:24] Status: ERROR | Text: '' | Job: 0
2026-01-28 16:24:25 - __main__ - INFO - [2026-01-28 16:24:25] Status: ERROR | Text: '' | Job: 0
2026-01-28 16:24:26 - __main__ - INFO - [2026-01-28 16:24:26] Status: ERROR | Text: '' | Job: 0
2026-01-28 16:24:27 - __main__ - INFO - [2026-01-28 16:24:27] Status: ERROR | Text: '' | Job: 0
2026-01-28 16:24:28 - __main__ - INFO - [2026-01-28 16:24:28] Status: ERROR | Text: '' | Job: 0
2026-01-28 16:24:29 - __main__ - INFO - [2026-01-28 16:24:29] Status: ERROR | Text: '' | Job: 0
2026-01-28 16:24:30 - __main__ - INFO - [2026-01-28 16:24:30] Status: ERROR | Text: '' | Job: 0
2026-01-28 16:24:31 - __main__ - INFO - [2026-01-28 16:24:31] Status: ERROR | Text: '' | Job: 0
2026-01-28 16:24:32 - __main__ - INFO - [2026-01-28 16:24:32] Status: ERROR | Text: '' | Job: 0
2026-01-28 16:24:33 - __main__ - INFO - [2026-01-28 16:24:33] Status: ERROR | Text: '' | Job: 0
2026-01-28 16:24:34 - __main__ - INFO - [2026-01-28 16:24:34] Status: ERROR | Text: '' | Job: 0
2026-01-28 16:24:35 - __main__ - INFO - [2026-01-28 16:24:35] Status: ERROR | Text: '' | Job: 0
2026-01-28 16:24:36 - __main__ - INFO - [2026-01-28 16:24:36] Status: ERROR | Text: '' | Job: 0
2026-01-28 16:24:37 - __main__ - INFO - [2026-01-28 16:24:37] Status: ERROR | Text: '' | Job: 0
2026-01-28 16:24:38 - __main__ - INFO - [2026-01-28 16:24:38] Status: ERROR | Text: '' | Job: 0
2026-01-28 16:24:39 - __main__ - INFO - [2026-01-28 16:24:39] Status: ERROR | Text: '' | Job: 0
2026-01-28 16:24:40 - __main__ - INFO - [2026-01-28 16:24:40] Status: ERROR | Text: '' | Job: 0
2026-01-28 16:24:41 - __main__ - INFO - [2026-01-28 16:24:41] Status: ERROR | Text: '' | Job: 0
2026-01-28 16:24:42 - __main__ - INFO - [2026-01-28 16:24:42] Status: ERROR | Text: '' | Job: 0
2026-01-28 16:24:43 - __main__ - INFO - [2026-01-28 16:24:43] Status: ERROR | Text: '' | Job: 0
2026-01-28 16:24:44 - __main__ - INFO - [2026-01-28 16:24:44] Status: ERROR | Text: '' | Job: 0
2026-01-28 16:24:45 - __main__ - INFO - [2026-01-28 16:24:45] Status: ERROR | Text: '' | Job: 0
2026-01-28 16:24:46 - __main__ - INFO - [2026-01-28 16:24:46] Status: ERROR | Text: '' | Job: 0
2026-01-28 16:24:47 - __main__ - INFO - [2026-01-28 16:24:47] Status: ERROR | Text: '' | Job: 0
2026-01-28 16:24:48 - __main__ - INFO - [2026-01-28 16:24:48] Status: ERROR | Text: '' | Job: 0
2026-01-28 16:24:49 - __main__ - INFO - [2026-01-28 16:24:49] Status: ERROR | Text: '' | Job: 0
2026-01-28 16:24:50 - __main__ - INFO - [2026-01-28 16:24:50] Status: ERROR | Text: '' | Job: 0
2026-01-28 16:24:51 - __main__ - INFO - [2026-01-28 16:24:51] Status: ERROR | Text: '' | Job: 0
2026-01-28 16:24:52 - __main__ - INFO - [2026-01-28 16:24:52] Status: ERROR | Text: '' | Job: 0
2026-01-28 16:24:53 - __main__ - INFO - [2026-01-28 16:24:53] Status: ERROR | Text: '' | Job: 0
2026-01-28 16:24:54 - __main__ - INFO - [2026-01-28 16:24:54] Status: ERROR | Text: '' | Job: 0
2026-01-28 16:24:55 - __main__ - INFO - [2026-01-28 16:24:55] Status: ERROR | Text: '' | Job: 0
2026-01-28 16:24:56 - __main__ - INFO - [2026-01-28 16:24:56] Status: ERROR | Text: '' | Job: 0
2026-01-28 16:24:57 - __main__ - INFO - [2026-01-28 16:24:57] Status: ERROR | Text: '' | Job: 0
2026-01-28 16:24:58 - __main__ - INFO - [2026-01-28 16:24:58] Status: ERROR | Text: '' | Job: 0
2026-01-28 16:24:59 - __main__ - INFO - [2026-01-28 16:24:59] Status: ERROR | Text: '' | Job: 0
2026-01-28 16:25:00 - __main__ - INFO - [2026-01-28 16:25:00] Status: ERROR | Text: '' | Job: 0
2026-01-28 16:25:01 - __main__ - INFO - [2026-01-28 16:25:01] Status: ERROR | Text: '' | Job: 0
2026-01-28 16:25:02 - __main__ - INFO - [2026-01-28 16:25:02] Status: ERROR | Text: '' | Job: 0
2026-01-28 16:25:03 - __main__ - INFO - [2026-01-28 16:25:03] Status: ERROR | Text: '' | Job: 0
2026-01-28 16:25:04 - __main__ - INFO - [2026-01-28 16:25:04] Status: ERROR | Text: '' | Job: 0
2026-01-28 16:25:05 - __main__ - INFO - [2026-01-28 16:25:05] Status: ERROR | Text: '' | Job: 0
2026-01-28 16:25:06 - __main__ - INFO - [2026-01-28 16:25:06] Status: ERROR | Text: '' | Job: 0
2026-01-28 16:25:07 - __main__ - INFO - [2026-01-28 16:25:07] Status: ERROR | Text: '' | Job: 0
2026-01-28 16:25:08 - __main__ - INFO - [2026-01-28 16:25:08] Status: ERROR | Text: '' | Job: 0
2026-01-28 16:25:09 - __main__ - INFO - [2026-01-28 16:25:09] Status: ERROR | Text: '' | Job: 0
2026-01-28 16:25:10 - __main__ - INFO - [2026-01-28 16:25:10] Status: ERROR | Text: '' | Job: 0
2026-01-28 16:25:11 - __main__ - INFO - [2026-01-28 16:25:11] Status: ERROR | Text: '' | Job: 0
2026-01-28 16:25:12 - __main__ - INFO - [2026-01-28 16:25:12] Status: ERROR | Text: '' | Job: 0
2026-01-28 16:25:13 - __main__ - INFO - [2026-01-28 16:25:13] Status: ERROR | Text: '' | Job: 0
2026-01-28 16:25:14 - __main__ - INFO - [2026-01-28 16:25:14] Status: ERROR | Text: '' | Job: 0
2026-01-28 16:25:15 - __main__ - INFO - [2026-01-28 16:25:15] Status: ERROR | Text: '' | Job: 0
2026-01-28 16:25:16 - __main__ - INFO - [2026-01-28 16:25:16] Status: ERROR | Text: '' | Job: 0
2026-01-28 16:25:17 - __main__ - INFO - [2026-01-28 16:25:17] Status: ERROR | Text: '' | Job: 0
2026-01-28 16:25:18 - __main__ - INFO - [2026-01-28 16:25:18] Status: ERROR | Text: '' | Job: 0
2026-01-28 16:25:19 - __main__ - INFO - [2026-01-28 16:25:19] Status: ERROR | Text: '' | Job: 0
2026-01-28 16:25:20 - __main__ - INFO - [2026-01-28 16:25:20] Status: ERROR | Text: '' | Job: 0
2026-01-28 16:25:21 - __main__ - INFO - [2026-01-28 16:25:21] Status: ERROR | Text: '' | Job: 0
2026-01-28 16:25:22 - __main__ - INFO - [2026-01-28 16:25:22] Status: ERROR | Text: '' | Job: 0
2026-01-28 16:25:23 - __main__ - INFO - [2026-01-28 16:25:23] Status: ERROR | Text: '' | Job: 0
2026-01-28 16:25:24 - __main__ - INFO - [2026-01-28 16:25:24] Status: ERROR | Text: '' | Job: 0
2026-01-28 16:25:25 - __main__ - INFO - [2026-01-28 16:25:25] Status: ERROR | Text: '' | Job: 0
2026-01-28 16:25:26 - __main__ - INFO - [2026-01-28 16:25:26] Status: ERROR | Text: '' | Job: 0
2026-01-28 16:25:27 - __main__ - INFO - [2026-01-28 16:25:27] Status: ERROR | Text: '' | Job: 0
2026-01-28 16:25:28 - __main__ - INFO - [2026-01-28 16:25:28] Status: ERROR | Text: '' | Job: 0
2026-01-28 16:25:29 - __main__ - INFO - [2026-01-28 16:25:29] Status: ERROR | Text: '' | Job: 0
2026-01-28 16:25:30 - __main__ - INFO - [2026-01-28 16:25:30] Status: ERROR | Text: '' | Job: 0
2026-01-28 16:25:31 - __main__ - INFO - [2026-01-28 16:25:31] Status: ERROR | Text: '' | Job: 0
2026-01-28 16:25:32 - __main__ - INFO - [2026-01-28 16:25:32] Status: ERROR | Text: '' | Job: 0
2026-01-28 16:25:33 - __main__ - INFO - [2026-01-28 16:25:33] Status: ERROR | Text: '' | Job: 0
2026-01-28 16:25:34 - __main__ - INFO - [2026-01-28 16:25:34] Status: ERROR | Text: '' | Job: 0
2026-01-28 16:25:35 - __main__ - INFO - [2026-01-28 16:25:35] Status: ERROR | Text: '' | Job: 0
2026-01-28 16:25:36 - __main__ - INFO - [2026-01-28 16:25:36] Status: ERROR | Text: '' | Job: 0
2026-01-28 16:25:37 - __main__ - INFO - [2026-01-28 16:25:37] Status: ERROR | Text: '' | Job: 0
2026-01-28 16:25:38 - __main__ - INFO - [2026-01-28 16:25:38] Status: ERROR | Text: '' | Job: 0
2026-01-28 16:25:39 - __main__ - INFO - [2026-01-28 16:25:39] Status: ERROR | Text: '' | Job: 0
2026-01-28 16:25:40 - __main__ - INFO - [2026-01-28 16:25:40] Status: ERROR | Text: '' | Job: 0
2026-01-28 16:25:41 - __main__ - INFO - [2026-01-28 16:25:41] Status: ERROR | Text: '' | Job: 0
2026-01-28 16:25:42 - __main__ - INFO - [2026-01-28 16:25:42] Status: ERROR | Text: '' | Job: 0
2026-01-28 16:25:43 - __main__ - INFO - [2026-01-28 16:25:43] Status: ERROR | Text: '' | Job: 0
2026-01-28 16:25:44 - __main__ - INFO - [2026-01-28 16:25:44] Status: ERROR | Text: '' | Job: 0
2026-01-28 16:25:45 - __main__ - INFO - [2026-01-28 16:25:45] Status: ERROR | Text: '' | Job: 0
2026-01-28 16:25:46 - __main__ - INFO - [2026-01-28 16:25:46] Status: ERROR | Text: '' | Job: 0
2026-01-28 16:25:47 - __main__ - INFO - [2026-01-28 16:25:47] Status: ERROR | Text: '' | Job: 0
2026-01-28 16:25:48 - __main__ - INFO - [2026-01-28 16:25:48] Status: ERROR | Text: '' | Job: 0
2026-01-28 16:25:49 - __main__ - INFO - [2026-01-28 16:25:49] Status: ERROR | Text: '' | Job: 0
2026-01-28 16:25:50 - __main__ - INFO - [2026-01-28 16:25:50] Status: ERROR | Text: '' | Job: 0
2026-01-28 16:25:51 - __main__ - INFO - [2026-01-28 16:25:51] Status: ERROR | Text: '' | Job: 0
2026-01-28 16:25:52 - __main__ - INFO - [2026-01-28 16:25:52] Status: ERROR | Text: '' | Job: 0
2026-01-28 16:25:53 - __main__ - INFO - Shutdown signal received. Stopping...
2026-01-28 16:25:53 - keyence_client - INFO - Disconnected from Keyence MD-X2000
2026-01-28 16:25:53 - api_client - INFO - API client session closed
2026-01-28 16:25:53 - __main__ - INFO - Monitoring stopped.
2026-01-28 16:25:53 - api_client - INFO - API client session closed
2026-01-28 16:31:21 - __main__ - INFO - ============================================================
2026-01-28 16:31:21 - __main__ - INFO -   Keyence MD-X2000 Laser Marker Communication Script
2026-01-28 16:31:21 - __main__ - INFO - ============================================================
2026-01-28 16:31:21 - __main__ - INFO - ==================================================
2026-01-28 16:31:21 - __main__ - INFO - Starting continuous monitoring mode
2026-01-28 16:31:21 - __main__ - INFO - Poll interval: 1.0 seconds
2026-01-28 16:31:21 - __main__ - INFO - Press Ctrl+C to stop
2026-01-28 16:31:21 - __main__ - INFO - ==================================================
2026-01-28 16:31:21 - __main__ - INFO - Connecting to laser marker...
2026-01-28 16:31:21 - keyence_client - INFO - Connecting to Keyence MD-X2000 at 192.168.1.9:50002
2026-01-28 16:31:21 - keyence_client - INFO - Successfully connected to Keyence MD-X2000
2026-01-28 16:31:21 - __main__ - INFO - [2026-01-28 16:31:21] Status: ERROR | Text: '' | Job: 0
2026-01-28 16:31:22 - __main__ - INFO - [2026-01-28 16:31:22] Status: ERROR | Text: '' | Job: 0
2026-01-28 16:31:23 - __main__ - INFO - [2026-01-28 16:31:23] Status: ERROR | Text: '' | Job: 0
2026-01-28 16:31:24 - __main__ - INFO - [2026-01-28 16:31:24] Status: ERROR | Text: '' | Job: 0
2026-01-28 16:31:25 - __main__ - INFO - [2026-01-28 16:31:25] Status: ERROR | Text: '' | Job: 0
2026-01-28 16:31:26 - __main__ - INFO - [2026-01-28 16:31:26] Status: ERROR | Text: '' | Job: 0
2026-01-28 16:31:27 - __main__ - INFO - [2026-01-28 16:31:27] Status: ERROR | Text: '' | Job: 0
2026-01-28 16:31:28 - __main__ - INFO - [2026-01-28 16:31:28] Status: ERROR | Text: '' | Job: 0
2026-01-28 16:31:29 - __main__ - INFO - [2026-01-28 16:31:29] Status: ERROR | Text: '' | Job: 0
2026-01-28 16:31:30 - __main__ - INFO - [2026-01-28 16:31:30] Status: ERROR | Text: '' | Job: 0
2026-01-28 16:31:31 - __main__ - INFO - [2026-01-28 16:31:31] Status: ERROR | Text: '' | Job: 0
2026-01-28 16:31:32 - __main__ - INFO - [2026-01-28 16:31:32] Status: ERROR | Text: '' | Job: 0
2026-01-28 16:31:33 - __main__ - INFO - [2026-01-28 16:31:33] Status: ERROR | Text: '' | Job: 0
2026-01-28 16:31:34 - __main__ - INFO - [2026-01-28 16:31:34] Status: ERROR | Text: '' | Job: 0
2026-01-28 16:31:35 - __main__ - INFO - [2026-01-28 16:31:35] Status: ERROR | Text: '' | Job: 0
2026-01-28 16:31:36 - __main__ - INFO - [2026-01-28 16:31:36] Status: ERROR | Text: '' | Job: 0
2026-01-28 16:31:37 - __main__ - INFO - [2026-01-28 16:31:37] Status: ERROR | Text: '' | Job: 0
2026-01-28 16:31:38 - __main__ - INFO - [2026-01-28 16:31:38] Status: ERROR | Text: '' | Job: 0
2026-01-28 16:31:39 - __main__ - INFO - [2026-01-28 16:31:39] Status: ERROR | Text: '' | Job: 0
2026-01-28 16:31:40 - __main__ - INFO - [2026-01-28 16:31:40] Status: ERROR | Text: '' | Job: 0
2026-01-28 16:31:41 - __main__ - INFO - [2026-01-28 16:31:41] Status: ERROR | Text: '' | Job: 0
2026-01-28 16:31:42 - __main__ - INFO - [2026-01-28 16:31:42] Status: ERROR | Text: '' | Job: 0
2026-01-28 16:31:43 - __main__ - INFO - [2026-01-28 16:31:43] Status: ERROR | Text: '' | Job: 0
2026-01-28 16:31:44 - __main__ - INFO - [2026-01-28 16:31:44] Status: ERROR | Text: '' | Job: 0
2026-01-28 16:31:45 - __main__ - INFO - [2026-01-28 16:31:45] Status: ERROR | Text: '' | Job: 0
2026-01-28 16:31:46 - __main__ - INFO - [2026-01-28 16:31:46] Status: ERROR | Text: '' | Job: 0
2026-01-28 16:31:47 - __main__ - INFO - [2026-01-28 16:31:47] Status: ERROR | Text: '' | Job: 0
2026-01-28 16:31:48 - __main__ - INFO - [2026-01-28 16:31:48] Status: ERROR | Text: '' | Job: 0
2026-01-28 16:31:49 - __main__ - INFO - [2026-01-28 16:31:49] Status: ERROR | Text: '' | Job: 0
2026-01-28 16:31:50 - __main__ - INFO - [2026-01-28 16:31:50] Status: ERROR | Text: '' | Job: 0
2026-01-28 16:31:51 - __main__ - INFO - [2026-01-28 16:31:51] Status: ERROR | Text: '' | Job: 0
2026-01-28 16:31:52 - __main__ - INFO - [2026-01-28 16:31:52] Status: ERROR | Text: '' | Job: 0
2026-01-28 16:31:53 - __main__ - INFO - [2026-01-28 16:31:53] Status: ERROR | Text: '' | Job: 0
2026-01-28 16:31:54 - __main__ - INFO - [2026-01-28 16:31:54] Status: ERROR | Text: '' | Job: 0
2026-01-28 16:31:55 - __main__ - INFO - [2026-01-28 16:31:55] Status: ERROR | Text: '' | Job: 0
2026-01-28 16:31:56 - __main__ - INFO - [2026-01-28 16:31:56] Status: ERROR | Text: '' | Job: 0
2026-01-28 16:31:57 - __main__ - INFO - [2026-01-28 16:31:57] Status: ERROR | Text: '' | Job: 0
2026-01-28 16:31:58 - __main__ - INFO - [2026-01-28 16:31:58] Status: ERROR | Text: '' | Job: 0
2026-01-28 16:31:59 - __main__ - INFO - [2026-01-28 16:31:59] Status: ERROR | Text: '' | Job: 0
2026-01-28 16:32:00 - __main__ - INFO - [2026-01-28 16:32:00] Status: ERROR | Text: '' | Job: 0
2026-01-28 16:32:01 - __main__ - INFO - [2026-01-28 16:32:01] Status: ERROR | Text: '' | Job: 0
2026-01-28 16:32:02 - __main__ - INFO - [2026-01-28 16:32:02] Status: ERROR | Text: '' | Job: 0
2026-01-28 16:32:03 - __main__ - INFO - [2026-01-28 16:32:03] Status: ERROR | Text: '' | Job: 0
2026-01-28 16:32:04 - __main__ - INFO - [2026-01-28 16:32:04] Status: ERROR | Text: '' | Job: 0
2026-01-28 16:32:05 - __main__ - INFO - [2026-01-28 16:32:05] Status: ERROR | Text: '' | Job: 0
2026-01-28 16:32:06 - __main__ - INFO - [2026-01-28 16:32:06] Status: ERROR | Text: '' | Job: 0
2026-01-28 16:32:07 - __main__ - INFO - Shutdown signal received. Stopping...
2026-01-28 16:32:07 - keyence_client - INFO - Disconnected from Keyence MD-X2000
2026-01-28 16:32:07 - api_client - INFO - API client session closed
2026-01-28 16:32:07 - __main__ - INFO - Monitoring stopped.
2026-01-28 16:32:07 - api_client - INFO - API client session closed
2026-01-28 16:38:49 - __main__ - INFO - ============================================================
2026-01-28 16:38:49 - __main__ - INFO -   Keyence MD-X2000 Laser Marker Communication Script
2026-01-28 16:38:49 - __main__ - INFO - ============================================================
2026-01-28 16:38:49 - __main__ - INFO - ==================================================
2026-01-28 16:38:49 - __main__ - INFO - Testing Connections
2026-01-28 16:38:49 - __main__ - INFO - ==================================================
2026-01-28 16:38:49 - __main__ - INFO - 
[1] Testing Keyence MD-X2000 connection...
2026-01-28 16:38:49 - __main__ - INFO -     Host: 192.168.1.9:50002
2026-01-28 16:38:49 - keyence_client - INFO - Connecting to Keyence MD-X2000 at 192.168.1.9:50002
2026-01-28 16:38:49 - keyence_client - INFO - Successfully connected to Keyence MD-X2000
2026-01-28 16:38:49 - __main__ - INFO -     [OK] Connected successfully!
2026-01-28 16:38:49 - __main__ - INFO -     [OK] Laser marker status: ERROR
2026-01-28 16:38:49 - __main__ - INFO -     [OK] No errors detected
2026-01-28 16:38:49 - keyence_client - INFO - Disconnected from Keyence MD-X2000
2026-01-28 16:38:49 - __main__ - INFO - 
[2] Testing API connection...
2026-01-28 16:38:49 - __main__ - INFO -     Endpoint: http://your-api-endpoint.com/api/marking-data
2026-01-28 16:38:49 - __main__ - WARNING -     [!] API endpoint not configured
2026-01-28 16:38:49 - __main__ - INFO - 
==================================================
2026-01-28 16:38:49 - __main__ - INFO - Connection Test Results:
2026-01-28 16:38:49 - __main__ - INFO -   Keyence: OK
2026-01-28 16:38:49 - __main__ - INFO -   API: NOT CONFIGURED/FAILED
2026-01-28 16:38:49 - __main__ - INFO - ==================================================
2026-01-28 16:38:49 - api_client - INFO - API client session closed
2026-01-28 16:39:27 - __main__ - INFO - ============================================================
2026-01-28 16:39:27 - __main__ - INFO -   Keyence MD-X2000 Laser Marker Communication Script
2026-01-28 16:39:27 - __main__ - INFO - ============================================================
2026-01-28 16:39:27 - keyence_client - INFO - Connecting to Keyence MD-X2000 at 192.168.1.9:50002
2026-01-28 16:39:27 - keyence_client - INFO - Successfully connected to Keyence MD-X2000
2026-01-28 16:39:27 - __main__ - INFO - Reading laser marker status...
2026-01-28 16:39:27 - keyence_client - DEBUG - Sent command: RS
2026-01-28 16:39:27 - keyence_client - DEBUG - Received response: RS,1,S027
2026-01-28 16:39:27 - keyence_client - DEBUG - Ready status parts: ['RS', '1', 'S027']
2026-01-28 16:39:27 - __main__ - INFO - Status: ERROR
2026-01-28 16:39:27 - __main__ - INFO - Reading marking data...
2026-01-28 16:39:27 - keyence_client - DEBUG - Sent command: RS
2026-01-28 16:39:27 - keyence_client - DEBUG - Received response: RS,1,S027
2026-01-28 16:39:27 - keyence_client - DEBUG - Ready status parts: ['RS', '1', 'S027']
2026-01-28 16:39:27 - keyence_client - DEBUG - Sent command: ES
2026-01-28 16:39:27 - keyence_client - DEBUG - Received response: ES,0,000000037
2026-01-28 16:39:27 - keyence_client - DEBUG - Error status parts: ['ES', '0', '000000037']
2026-01-28 16:39:27 - __main__ - INFO -   Status: ERROR
2026-01-28 16:39:27 - __main__ - INFO -   Marking Text: ''
2026-01-28 16:39:27 - __main__ - INFO -   Job Number: 0
2026-01-28 16:39:27 - __main__ - WARNING - API endpoint not configured. Skipping API send.
2026-01-28 16:39:27 - __main__ - INFO - Configure API_ENDPOINT in config.py to enable API sending.
2026-01-28 16:39:27 - __main__ - INFO - 
==================================================
2026-01-28 16:39:27 - __main__ - INFO - Summary:
2026-01-28 16:39:27 - __main__ - INFO -   Status: ERROR
2026-01-28 16:39:27 - __main__ - INFO -   Marking Text: ''
2026-01-28 16:39:27 - __main__ - INFO -   Job Number: 0
2026-01-28 16:39:27 - __main__ - INFO - ==================================================
2026-01-28 16:39:27 - keyence_client - INFO - Disconnected from Keyence MD-X2000
2026-01-28 16:39:27 - api_client - INFO - API client session closed
2026-01-28 16:40:14 - __main__ - INFO - ============================================================
2026-01-28 16:40:14 - __main__ - INFO -   Keyence MD-X2000 Laser Marker Communication Script
2026-01-28 16:40:14 - __main__ - INFO - ============================================================
2026-01-28 16:40:14 - keyence_client - INFO - Connecting to Keyence MD-X2000 at 192.168.1.9:50002
2026-01-28 16:40:14 - keyence_client - INFO - Successfully connected to Keyence MD-X2000
2026-01-28 16:40:14 - __main__ - INFO - Reading laser marker status...
2026-01-28 16:40:14 - keyence_client - DEBUG - Sent command: RS
2026-01-28 16:40:14 - keyence_client - DEBUG - Received response: RS,1,S027
2026-01-28 16:40:14 - keyence_client - DEBUG - Ready status parts: ['RS', '1', 'S027']
2026-01-28 16:40:14 - __main__ - INFO - Status: NOT_READY
2026-01-28 16:40:14 - __main__ - INFO - Reading marking data...
2026-01-28 16:40:14 - keyence_client - DEBUG - Sent command: RS
2026-01-28 16:40:14 - keyence_client - DEBUG - Received response: RS,1,S027
2026-01-28 16:40:14 - keyence_client - DEBUG - Ready status parts: ['RS', '1', 'S027']
2026-01-28 16:40:14 - keyence_client - DEBUG - Sent command: ES
2026-01-28 16:40:14 - keyence_client - DEBUG - Received response: ES,0,000000037
2026-01-28 16:40:14 - keyence_client - DEBUG - Error status parts: ['ES', '0', '000000037']
2026-01-28 16:40:14 - __main__ - INFO -   Status: NOT_READY
2026-01-28 16:40:14 - __main__ - INFO -   Marking Text: ''
2026-01-28 16:40:14 - __main__ - INFO -   Job Number: 0
2026-01-28 16:40:14 - __main__ - WARNING - API endpoint not configured. Skipping API send.
2026-01-28 16:40:14 - __main__ - INFO - Configure API_ENDPOINT in config.py to enable API sending.
2026-01-28 16:40:14 - __main__ - INFO - 
==================================================
2026-01-28 16:40:14 - __main__ - INFO - Summary:
2026-01-28 16:40:14 - __main__ - INFO -   Status: NOT_READY
2026-01-28 16:40:14 - __main__ - INFO -   Marking Text: ''
2026-01-28 16:40:14 - __main__ - INFO -   Job Number: 0
2026-01-28 16:40:14 - __main__ - INFO - ==================================================
2026-01-28 16:40:14 - keyence_client - INFO - Disconnected from Keyence MD-X2000
2026-01-28 16:40:14 - api_client - INFO - API client session closed
2026-01-28 16:40:40 - __main__ - INFO - ============================================================
2026-01-28 16:40:40 - __main__ - INFO -   Keyence MD-X2000 Laser Marker Communication Script
2026-01-28 16:40:40 - __main__ - INFO - ============================================================
2026-01-28 16:40:40 - __main__ - INFO - ==================================================
2026-01-28 16:40:40 - __main__ - INFO - Starting continuous monitoring mode
2026-01-28 16:40:40 - __main__ - INFO - Poll interval: 1.0 seconds
2026-01-28 16:40:40 - __main__ - INFO - Press Ctrl+C to stop
2026-01-28 16:40:40 - __main__ - INFO - ==================================================
2026-01-28 16:40:40 - __main__ - INFO - Connecting to laser marker...
2026-01-28 16:40:40 - keyence_client - INFO - Connecting to Keyence MD-X2000 at 192.168.1.9:50002
2026-01-28 16:40:40 - keyence_client - INFO - Successfully connected to Keyence MD-X2000
2026-01-28 16:40:40 - keyence_client - DEBUG - Sent command: RS
2026-01-28 16:40:40 - keyence_client - DEBUG - Received response: RS,1,S027
2026-01-28 16:40:40 - keyence_client - DEBUG - Ready status parts: ['RS', '1', 'S027']
2026-01-28 16:40:40 - keyence_client - DEBUG - Sent command: ES
2026-01-28 16:40:40 - keyence_client - DEBUG - Received response: ES,0,000000037
2026-01-28 16:40:40 - keyence_client - DEBUG - Error status parts: ['ES', '0', '000000037']
2026-01-28 16:40:40 - __main__ - INFO - [2026-01-28 16:40:40] Status: NOT_READY | Text: '' | Job: 0
2026-01-28 16:40:41 - keyence_client - DEBUG - Sent command: RS
2026-01-28 16:40:41 - keyence_client - DEBUG - Received response: RS,1,S027
2026-01-28 16:40:41 - keyence_client - DEBUG - Ready status parts: ['RS', '1', 'S027']
2026-01-28 16:40:41 - keyence_client - DEBUG - Sent command: ES
2026-01-28 16:40:41 - keyence_client - DEBUG - Received response: ES,0,000000037
2026-01-28 16:40:41 - keyence_client - DEBUG - Error status parts: ['ES', '0', '000000037']
2026-01-28 16:40:41 - __main__ - INFO - [2026-01-28 16:40:41] Status: NOT_READY | Text: '' | Job: 0
2026-01-28 16:40:42 - keyence_client - DEBUG - Sent command: RS
2026-01-28 16:40:42 - keyence_client - DEBUG - Received response: RS,1,S027
2026-01-28 16:40:42 - keyence_client - DEBUG - Ready status parts: ['RS', '1', 'S027']
2026-01-28 16:40:42 - keyence_client - DEBUG - Sent command: ES
2026-01-28 16:40:42 - keyence_client - DEBUG - Received response: ES,0,000000037
2026-01-28 16:40:42 - keyence_client - DEBUG - Error status parts: ['ES', '0', '000000037']
2026-01-28 16:40:42 - __main__ - INFO - [2026-01-28 16:40:42] Status: NOT_READY | Text: '' | Job: 0
2026-01-28 16:40:43 - keyence_client - DEBUG - Sent command: RS
2026-01-28 16:40:43 - keyence_client - DEBUG - Received response: RS,1,S027
2026-01-28 16:40:43 - keyence_client - DEBUG - Ready status parts: ['RS', '1', 'S027']
2026-01-28 16:40:43 - keyence_client - DEBUG - Sent command: ES
2026-01-28 16:40:43 - keyence_client - DEBUG - Received response: ES,0,000000037
2026-01-28 16:40:43 - keyence_client - DEBUG - Error status parts: ['ES', '0', '000000037']
2026-01-28 16:40:43 - __main__ - INFO - [2026-01-28 16:40:43] Status: NOT_READY | Text: '' | Job: 0
2026-01-28 16:40:44 - keyence_client - DEBUG - Sent command: RS
2026-01-28 16:40:44 - keyence_client - DEBUG - Received response: RS,1,S027
2026-01-28 16:40:44 - keyence_client - DEBUG - Ready status parts: ['RS', '1', 'S027']
2026-01-28 16:40:44 - keyence_client - DEBUG - Sent command: ES
2026-01-28 16:40:44 - keyence_client - DEBUG - Received response: ES,0,000000037
2026-01-28 16:40:44 - keyence_client - DEBUG - Error status parts: ['ES', '0', '000000037']
2026-01-28 16:40:44 - __main__ - INFO - [2026-01-28 16:40:44] Status: NOT_READY | Text: '' | Job: 0
2026-01-28 16:40:45 - keyence_client - DEBUG - Sent command: RS
2026-01-28 16:40:45 - keyence_client - DEBUG - Received response: RS,1,S027
2026-01-28 16:40:45 - keyence_client - DEBUG - Ready status parts: ['RS', '1', 'S027']
2026-01-28 16:40:45 - keyence_client - DEBUG - Sent command: ES
2026-01-28 16:40:45 - keyence_client - DEBUG - Received response: ES,0,000000037
2026-01-28 16:40:45 - keyence_client - DEBUG - Error status parts: ['ES', '0', '000000037']
2026-01-28 16:40:45 - __main__ - INFO - [2026-01-28 16:40:45] Status: NOT_READY | Text: '' | Job: 0
2026-01-28 16:40:46 - keyence_client - DEBUG - Sent command: RS
2026-01-28 16:40:46 - keyence_client - DEBUG - Received response: RS,1,S027
2026-01-28 16:40:46 - keyence_client - DEBUG - Ready status parts: ['RS', '1', 'S027']
2026-01-28 16:40:46 - keyence_client - DEBUG - Sent command: ES
2026-01-28 16:40:46 - keyence_client - DEBUG - Received response: ES,0,000000037
2026-01-28 16:40:46 - keyence_client - DEBUG - Error status parts: ['ES', '0', '000000037']
2026-01-28 16:40:46 - __main__ - INFO - [2026-01-28 16:40:46] Status: NOT_READY | Text: '' | Job: 0
2026-01-28 16:40:47 - keyence_client - DEBUG - Sent command: RS
2026-01-28 16:40:47 - keyence_client - DEBUG - Received response: RS,1,S027
2026-01-28 16:40:47 - keyence_client - DEBUG - Ready status parts: ['RS', '1', 'S027']
2026-01-28 16:40:47 - keyence_client - DEBUG - Sent command: ES
2026-01-28 16:40:47 - keyence_client - DEBUG - Received response: ES,0,000000037
2026-01-28 16:40:47 - keyence_client - DEBUG - Error status parts: ['ES', '0', '000000037']
2026-01-28 16:40:47 - __main__ - INFO - [2026-01-28 16:40:47] Status: NOT_READY | Text: '' | Job: 0
2026-01-28 16:40:48 - keyence_client - DEBUG - Sent command: RS
2026-01-28 16:40:48 - keyence_client - DEBUG - Received response: RS,1,S027
2026-01-28 16:40:48 - keyence_client - DEBUG - Ready status parts: ['RS', '1', 'S027']
2026-01-28 16:40:48 - keyence_client - DEBUG - Sent command: ES
2026-01-28 16:40:48 - keyence_client - DEBUG - Received response: ES,0,000000037
2026-01-28 16:40:48 - keyence_client - DEBUG - Error status parts: ['ES', '0', '000000037']
2026-01-28 16:40:48 - __main__ - INFO - [2026-01-28 16:40:48] Status: NOT_READY | Text: '' | Job: 0
2026-01-28 16:40:49 - keyence_client - DEBUG - Sent command: RS
2026-01-28 16:40:49 - keyence_client - DEBUG - Received response: RS,1,S027
2026-01-28 16:40:49 - keyence_client - DEBUG - Ready status parts: ['RS', '1', 'S027']
2026-01-28 16:40:49 - keyence_client - DEBUG - Sent command: ES
2026-01-28 16:40:49 - keyence_client - DEBUG - Received response: ES,0,000000037
2026-01-28 16:40:49 - keyence_client - DEBUG - Error status parts: ['ES', '0', '000000037']
2026-01-28 16:40:49 - __main__ - INFO - [2026-01-28 16:40:49] Status: NOT_READY | Text: '' | Job: 0
2026-01-28 16:40:50 - keyence_client - DEBUG - Sent command: RS
2026-01-28 16:40:50 - keyence_client - DEBUG - Received response: RS,1,S027
2026-01-28 16:40:50 - keyence_client - DEBUG - Ready status parts: ['RS', '1', 'S027']
2026-01-28 16:40:50 - keyence_client - DEBUG - Sent command: ES
2026-01-28 16:40:50 - keyence_client - DEBUG - Received response: ES,0,000000037
2026-01-28 16:40:50 - keyence_client - DEBUG - Error status parts: ['ES', '0', '000000037']
2026-01-28 16:40:50 - __main__ - INFO - [2026-01-28 16:40:50] Status: NOT_READY | Text: '' | Job: 0
2026-01-28 16:40:51 - keyence_client - DEBUG - Sent command: RS
2026-01-28 16:40:51 - keyence_client - DEBUG - Received response: RS,1,S027
2026-01-28 16:40:51 - keyence_client - DEBUG - Ready status parts: ['RS', '1', 'S027']
2026-01-28 16:40:51 - keyence_client - DEBUG - Sent command: ES
2026-01-28 16:40:51 - keyence_client - DEBUG - Received response: ES,0,000000037
2026-01-28 16:40:51 - keyence_client - DEBUG - Error status parts: ['ES', '0', '000000037']
2026-01-28 16:40:51 - __main__ - INFO - [2026-01-28 16:40:51] Status: NOT_READY | Text: '' | Job: 0
2026-01-28 16:40:52 - keyence_client - DEBUG - Sent command: RS
2026-01-28 16:40:52 - keyence_client - DEBUG - Received response: RS,1,S027
2026-01-28 16:40:52 - keyence_client - DEBUG - Ready status parts: ['RS', '1', 'S027']
2026-01-28 16:40:52 - keyence_client - DEBUG - Sent command: ES
2026-01-28 16:40:52 - keyence_client - DEBUG - Received response: ES,0,000000037
2026-01-28 16:40:52 - keyence_client - DEBUG - Error status parts: ['ES', '0', '000000037']
2026-01-28 16:40:52 - __main__ - INFO - [2026-01-28 16:40:52] Status: NOT_READY | Text: '' | Job: 0
2026-01-28 16:40:53 - keyence_client - DEBUG - Sent command: RS
2026-01-28 16:40:53 - keyence_client - DEBUG - Received response: RS,1,S027
2026-01-28 16:40:53 - keyence_client - DEBUG - Ready status parts: ['RS', '1', 'S027']
2026-01-28 16:40:53 - keyence_client - DEBUG - Sent command: ES
2026-01-28 16:40:53 - keyence_client - DEBUG - Received response: ES,0,000000037
2026-01-28 16:40:53 - keyence_client - DEBUG - Error status parts: ['ES', '0', '000000037']
2026-01-28 16:40:53 - __main__ - INFO - [2026-01-28 16:40:53] Status: NOT_READY | Text: '' | Job: 0
2026-01-28 16:40:54 - keyence_client - DEBUG - Sent command: RS
2026-01-28 16:40:54 - keyence_client - DEBUG - Received response: RS,1,S027
2026-01-28 16:40:54 - keyence_client - DEBUG - Ready status parts: ['RS', '1', 'S027']
2026-01-28 16:40:54 - keyence_client - DEBUG - Sent command: ES
2026-01-28 16:40:54 - keyence_client - DEBUG - Received response: ES,0,000000037
2026-01-28 16:40:54 - keyence_client - DEBUG - Error status parts: ['ES', '0', '000000037']
2026-01-28 16:40:54 - __main__ - INFO - [2026-01-28 16:40:54] Status: NOT_READY | Text: '' | Job: 0
2026-01-28 16:40:55 - keyence_client - DEBUG - Sent command: RS
2026-01-28 16:40:55 - keyence_client - DEBUG - Received response: RS,1,S027
2026-01-28 16:40:55 - keyence_client - DEBUG - Ready status parts: ['RS', '1', 'S027']
2026-01-28 16:40:55 - keyence_client - DEBUG - Sent command: ES
2026-01-28 16:40:55 - keyence_client - DEBUG - Received response: ES,0,000000037
2026-01-28 16:40:55 - keyence_client - DEBUG - Error status parts: ['ES', '0', '000000037']
2026-01-28 16:40:55 - __main__ - INFO - [2026-01-28 16:40:55] Status: NOT_READY | Text: '' | Job: 0
2026-01-28 16:40:56 - keyence_client - DEBUG - Sent command: RS
2026-01-28 16:40:56 - keyence_client - DEBUG - Received response: RS,1,S027
2026-01-28 16:40:56 - keyence_client - DEBUG - Ready status parts: ['RS', '1', 'S027']
2026-01-28 16:40:56 - keyence_client - DEBUG - Sent command: ES
2026-01-28 16:40:56 - keyence_client - DEBUG - Received response: ES,0,000000037
2026-01-28 16:40:56 - keyence_client - DEBUG - Error status parts: ['ES', '0', '000000037']
2026-01-28 16:40:56 - __main__ - INFO - [2026-01-28 16:40:56] Status: NOT_READY | Text: '' | Job: 0
2026-01-28 16:40:57 - keyence_client - DEBUG - Sent command: RS
2026-01-28 16:40:57 - keyence_client - DEBUG - Received response: RS,1,S027
2026-01-28 16:40:57 - keyence_client - DEBUG - Ready status parts: ['RS', '1', 'S027']
2026-01-28 16:40:57 - keyence_client - DEBUG - Sent command: ES
2026-01-28 16:40:57 - keyence_client - DEBUG - Received response: ES,0,000000037
2026-01-28 16:40:57 - keyence_client - DEBUG - Error status parts: ['ES', '0', '000000037']
2026-01-28 16:40:57 - __main__ - INFO - [2026-01-28 16:40:57] Status: NOT_READY | Text: '' | Job: 0
2026-01-28 16:40:58 - keyence_client - DEBUG - Sent command: RS
2026-01-28 16:40:58 - keyence_client - DEBUG - Received response: RS,1,S027
2026-01-28 16:40:58 - keyence_client - DEBUG - Ready status parts: ['RS', '1', 'S027']
2026-01-28 16:40:58 - keyence_client - DEBUG - Sent command: ES
2026-01-28 16:40:58 - keyence_client - DEBUG - Received response: ES,0,000000037
2026-01-28 16:40:58 - keyence_client - DEBUG - Error status parts: ['ES', '0', '000000037']
2026-01-28 16:40:58 - __main__ - INFO - [2026-01-28 16:40:58] Status: NOT_READY | Text: '' | Job: 0
2026-01-28 16:40:59 - keyence_client - DEBUG - Sent command: RS
2026-01-28 16:40:59 - keyence_client - DEBUG - Received response: RS,1,S027
2026-01-28 16:40:59 - keyence_client - DEBUG - Ready status parts: ['RS', '1', 'S027']
2026-01-28 16:40:59 - keyence_client - DEBUG - Sent command: ES
2026-01-28 16:40:59 - keyence_client - DEBUG - Received response: ES,0,000000037
2026-01-28 16:40:59 - keyence_client - DEBUG - Error status parts: ['ES', '0', '000000037']
2026-01-28 16:40:59 - __main__ - INFO - [2026-01-28 16:40:59] Status: NOT_READY | Text: '' | Job: 0
2026-01-28 16:41:00 - keyence_client - DEBUG - Sent command: RS
2026-01-28 16:41:00 - keyence_client - DEBUG - Received response: RS,1,S027
2026-01-28 16:41:00 - keyence_client - DEBUG - Ready status parts: ['RS', '1', 'S027']
2026-01-28 16:41:00 - keyence_client - DEBUG - Sent command: ES
2026-01-28 16:41:00 - keyence_client - DEBUG - Received response: ES,0,000000037
2026-01-28 16:41:00 - keyence_client - DEBUG - Error status parts: ['ES', '0', '000000037']
2026-01-28 16:41:00 - __main__ - INFO - [2026-01-28 16:41:00] Status: NOT_READY | Text: '' | Job: 0
2026-01-28 16:41:01 - keyence_client - DEBUG - Sent command: RS
2026-01-28 16:41:01 - keyence_client - DEBUG - Received response: RS,1,S027
2026-01-28 16:41:01 - keyence_client - DEBUG - Ready status parts: ['RS', '1', 'S027']
2026-01-28 16:41:01 - keyence_client - DEBUG - Sent command: ES
2026-01-28 16:41:01 - keyence_client - DEBUG - Received response: ES,0,000000037
2026-01-28 16:41:01 - keyence_client - DEBUG - Error status parts: ['ES', '0', '000000037']
2026-01-28 16:41:01 - __main__ - INFO - [2026-01-28 16:41:01] Status: NOT_READY | Text: '' | Job: 0
2026-01-28 16:41:02 - keyence_client - DEBUG - Sent command: RS
2026-01-28 16:41:02 - keyence_client - DEBUG - Received response: RS,1,S027
2026-01-28 16:41:02 - keyence_client - DEBUG - Ready status parts: ['RS', '1', 'S027']
2026-01-28 16:41:02 - keyence_client - DEBUG - Sent command: ES
2026-01-28 16:41:02 - keyence_client - DEBUG - Received response: ES,0,000000037
2026-01-28 16:41:02 - keyence_client - DEBUG - Error status parts: ['ES', '0', '000000037']
2026-01-28 16:41:02 - __main__ - INFO - [2026-01-28 16:41:02] Status: NOT_READY | Text: '' | Job: 0
2026-01-28 16:41:03 - keyence_client - DEBUG - Sent command: RS
2026-01-28 16:41:03 - keyence_client - DEBUG - Received response: RS,1,S027
2026-01-28 16:41:03 - keyence_client - DEBUG - Ready status parts: ['RS', '1', 'S027']
2026-01-28 16:41:03 - keyence_client - DEBUG - Sent command: ES
2026-01-28 16:41:03 - keyence_client - DEBUG - Received response: ES,0,000000037
2026-01-28 16:41:03 - keyence_client - DEBUG - Error status parts: ['ES', '0', '000000037']
2026-01-28 16:41:03 - __main__ - INFO - [2026-01-28 16:41:03] Status: NOT_READY | Text: '' | Job: 0
2026-01-28 16:41:04 - keyence_client - DEBUG - Sent command: RS
2026-01-28 16:41:04 - keyence_client - DEBUG - Received response: RS,1,S027
2026-01-28 16:41:04 - keyence_client - DEBUG - Ready status parts: ['RS', '1', 'S027']
2026-01-28 16:41:04 - keyence_client - DEBUG - Sent command: ES
2026-01-28 16:41:04 - keyence_client - DEBUG - Received response: ES,0,000000037
2026-01-28 16:41:04 - keyence_client - DEBUG - Error status parts: ['ES', '0', '000000037']
2026-01-28 16:41:04 - __main__ - INFO - [2026-01-28 16:41:04] Status: NOT_READY | Text: '' | Job: 0
2026-01-28 16:41:05 - keyence_client - DEBUG - Sent command: RS
2026-01-28 16:41:05 - keyence_client - DEBUG - Received response: RS,1,S027
2026-01-28 16:41:05 - keyence_client - DEBUG - Ready status parts: ['RS', '1', 'S027']
2026-01-28 16:41:05 - keyence_client - DEBUG - Sent command: ES
2026-01-28 16:41:05 - keyence_client - DEBUG - Received response: ES,0,000000037
2026-01-28 16:41:05 - keyence_client - DEBUG - Error status parts: ['ES', '0', '000000037']
2026-01-28 16:41:05 - __main__ - INFO - [2026-01-28 16:41:05] Status: NOT_READY | Text: '' | Job: 0
2026-01-28 16:41:06 - keyence_client - DEBUG - Sent command: RS
2026-01-28 16:41:06 - keyence_client - DEBUG - Received response: RS,1,S027
2026-01-28 16:41:06 - keyence_client - DEBUG - Ready status parts: ['RS', '1', 'S027']
2026-01-28 16:41:06 - keyence_client - DEBUG - Sent command: ES
2026-01-28 16:41:06 - keyence_client - DEBUG - Received response: ES,0,000000037
2026-01-28 16:41:06 - keyence_client - DEBUG - Error status parts: ['ES', '0', '000000037']
2026-01-28 16:41:06 - __main__ - INFO - [2026-01-28 16:41:06] Status: NOT_READY | Text: '' | Job: 0
2026-01-28 16:41:07 - keyence_client - DEBUG - Sent command: RS
2026-01-28 16:41:07 - keyence_client - DEBUG - Received response: RS,1,S027
2026-01-28 16:41:07 - keyence_client - DEBUG - Ready status parts: ['RS', '1', 'S027']
2026-01-28 16:41:07 - keyence_client - DEBUG - Sent command: ES
2026-01-28 16:41:07 - keyence_client - DEBUG - Received response: ES,0,000000037
2026-01-28 16:41:07 - keyence_client - DEBUG - Error status parts: ['ES', '0', '000000037']
2026-01-28 16:41:07 - __main__ - INFO - [2026-01-28 16:41:07] Status: NOT_READY | Text: '' | Job: 0
2026-01-28 16:41:08 - keyence_client - DEBUG - Sent command: RS
2026-01-28 16:41:08 - keyence_client - DEBUG - Received response: RS,1,S027
2026-01-28 16:41:08 - keyence_client - DEBUG - Ready status parts: ['RS', '1', 'S027']
2026-01-28 16:41:08 - keyence_client - DEBUG - Sent command: ES
2026-01-28 16:41:08 - keyence_client - DEBUG - Received response: ES,0,000000037
2026-01-28 16:41:08 - keyence_client - DEBUG - Error status parts: ['ES', '0', '000000037']
2026-01-28 16:41:08 - __main__ - INFO - [2026-01-28 16:41:08] Status: NOT_READY | Text: '' | Job: 0
2026-01-28 16:41:09 - keyence_client - DEBUG - Sent command: RS
2026-01-28 16:41:09 - keyence_client - DEBUG - Received response: RS,1,S027
2026-01-28 16:41:09 - keyence_client - DEBUG - Ready status parts: ['RS', '1', 'S027']
2026-01-28 16:41:09 - keyence_client - DEBUG - Sent command: ES
2026-01-28 16:41:09 - keyence_client - DEBUG - Received response: ES,0,000000037
2026-01-28 16:41:09 - keyence_client - DEBUG - Error status parts: ['ES', '0', '000000037']
2026-01-28 16:41:09 - __main__ - INFO - [2026-01-28 16:41:09] Status: NOT_READY | Text: '' | Job: 0
2026-01-28 16:41:10 - keyence_client - DEBUG - Sent command: RS
2026-01-28 16:41:10 - keyence_client - DEBUG - Received response: RS,1,S027
2026-01-28 16:41:10 - keyence_client - DEBUG - Ready status parts: ['RS', '1', 'S027']
2026-01-28 16:41:10 - keyence_client - DEBUG - Sent command: ES
2026-01-28 16:41:10 - keyence_client - DEBUG - Received response: ES,0,000000037
2026-01-28 16:41:10 - keyence_client - DEBUG - Error status parts: ['ES', '0', '000000037']
2026-01-28 16:41:10 - __main__ - INFO - [2026-01-28 16:41:10] Status: NOT_READY | Text: '' | Job: 0
2026-01-28 16:41:11 - keyence_client - DEBUG - Sent command: RS
2026-01-28 16:41:11 - keyence_client - DEBUG - Received response: RS,1,S027
2026-01-28 16:41:11 - keyence_client - DEBUG - Ready status parts: ['RS', '1', 'S027']
2026-01-28 16:41:11 - keyence_client - DEBUG - Sent command: ES
2026-01-28 16:41:11 - keyence_client - DEBUG - Received response: ES,0,000000037
2026-01-28 16:41:11 - keyence_client - DEBUG - Error status parts: ['ES', '0', '000000037']
2026-01-28 16:41:11 - __main__ - INFO - [2026-01-28 16:41:11] Status: NOT_READY | Text: '' | Job: 0
2026-01-28 16:41:12 - keyence_client - DEBUG - Sent command: RS
2026-01-28 16:41:12 - keyence_client - DEBUG - Received response: RS,1,S027
2026-01-28 16:41:12 - keyence_client - DEBUG - Ready status parts: ['RS', '1', 'S027']
2026-01-28 16:41:12 - keyence_client - DEBUG - Sent command: ES
2026-01-28 16:41:12 - keyence_client - DEBUG - Received response: ES,0,000000037
2026-01-28 16:41:12 - keyence_client - DEBUG - Error status parts: ['ES', '0', '000000037']
2026-01-28 16:41:12 - __main__ - INFO - [2026-01-28 16:41:12] Status: NOT_READY | Text: '' | Job: 0
2026-01-28 16:41:13 - keyence_client - DEBUG - Sent command: RS
2026-01-28 16:41:13 - keyence_client - DEBUG - Received response: RS,1,S027
2026-01-28 16:41:13 - keyence_client - DEBUG - Ready status parts: ['RS', '1', 'S027']
2026-01-28 16:41:13 - keyence_client - DEBUG - Sent command: ES
2026-01-28 16:41:13 - keyence_client - DEBUG - Received response: ES,0,000000037
2026-01-28 16:41:13 - keyence_client - DEBUG - Error status parts: ['ES', '0', '000000037']
2026-01-28 16:41:13 - __main__ - INFO - [2026-01-28 16:41:13] Status: NOT_READY | Text: '' | Job: 0
2026-01-28 16:41:14 - keyence_client - DEBUG - Sent command: RS
2026-01-28 16:41:14 - keyence_client - DEBUG - Received response: RS,1,S027
2026-01-28 16:41:14 - keyence_client - DEBUG - Ready status parts: ['RS', '1', 'S027']
2026-01-28 16:41:14 - keyence_client - DEBUG - Sent command: ES
2026-01-28 16:41:14 - keyence_client - DEBUG - Received response: ES,0,000000037
2026-01-28 16:41:14 - keyence_client - DEBUG - Error status parts: ['ES', '0', '000000037']
2026-01-28 16:41:14 - __main__ - INFO - [2026-01-28 16:41:14] Status: NOT_READY | Text: '' | Job: 0
2026-01-28 16:41:15 - keyence_client - DEBUG - Sent command: RS
2026-01-28 16:41:15 - keyence_client - DEBUG - Received response: RS,1,S027
2026-01-28 16:41:15 - keyence_client - DEBUG - Ready status parts: ['RS', '1', 'S027']
2026-01-28 16:41:15 - keyence_client - DEBUG - Sent command: ES
2026-01-28 16:41:15 - keyence_client - DEBUG - Received response: ES,0,000000037
2026-01-28 16:41:15 - keyence_client - DEBUG - Error status parts: ['ES', '0', '000000037']
2026-01-28 16:41:15 - __main__ - INFO - [2026-01-28 16:41:15] Status: NOT_READY | Text: '' | Job: 0
2026-01-28 16:41:16 - keyence_client - DEBUG - Sent command: RS
2026-01-28 16:41:16 - keyence_client - DEBUG - Received response: RS,1,S027
2026-01-28 16:41:16 - keyence_client - DEBUG - Ready status parts: ['RS', '1', 'S027']
2026-01-28 16:41:16 - keyence_client - DEBUG - Sent command: ES
2026-01-28 16:41:16 - keyence_client - DEBUG - Received response: ES,0,000000037
2026-01-28 16:41:16 - keyence_client - DEBUG - Error status parts: ['ES', '0', '000000037']
2026-01-28 16:41:16 - __main__ - INFO - [2026-01-28 16:41:16] Status: NOT_READY | Text: '' | Job: 0
2026-01-28 16:41:17 - keyence_client - DEBUG - Sent command: RS
2026-01-28 16:41:17 - keyence_client - DEBUG - Received response: RS,1,S027
2026-01-28 16:41:17 - keyence_client - DEBUG - Ready status parts: ['RS', '1', 'S027']
2026-01-28 16:41:17 - keyence_client - DEBUG - Sent command: ES
2026-01-28 16:41:17 - keyence_client - DEBUG - Received response: ES,0,000000037
2026-01-28 16:41:17 - keyence_client - DEBUG - Error status parts: ['ES', '0', '000000037']
2026-01-28 16:41:17 - __main__ - INFO - [2026-01-28 16:41:17] Status: NOT_READY | Text: '' | Job: 0
2026-01-28 16:41:18 - keyence_client - DEBUG - Sent command: RS
2026-01-28 16:41:18 - keyence_client - DEBUG - Received response: RS,1,S027
2026-01-28 16:41:18 - keyence_client - DEBUG - Ready status parts: ['RS', '1', 'S027']
2026-01-28 16:41:18 - keyence_client - DEBUG - Sent command: ES
2026-01-28 16:41:18 - keyence_client - DEBUG - Received response: ES,0,000000037
2026-01-28 16:41:18 - keyence_client - DEBUG - Error status parts: ['ES', '0', '000000037']
2026-01-28 16:41:18 - __main__ - INFO - [2026-01-28 16:41:18] Status: NOT_READY | Text: '' | Job: 0
2026-01-28 16:41:19 - keyence_client - DEBUG - Sent command: RS
2026-01-28 16:41:19 - keyence_client - DEBUG - Received response: RS,1,S027
2026-01-28 16:41:19 - keyence_client - DEBUG - Ready status parts: ['RS', '1', 'S027']
2026-01-28 16:41:19 - keyence_client - DEBUG - Sent command: ES
2026-01-28 16:41:19 - keyence_client - DEBUG - Received response: ES,0,000000037
2026-01-28 16:41:19 - keyence_client - DEBUG - Error status parts: ['ES', '0', '000000037']
2026-01-28 16:41:19 - __main__ - INFO - [2026-01-28 16:41:19] Status: NOT_READY | Text: '' | Job: 0
2026-01-28 16:41:20 - keyence_client - DEBUG - Sent command: RS
2026-01-28 16:41:20 - keyence_client - DEBUG - Received response: RS,1,S027
2026-01-28 16:41:20 - keyence_client - DEBUG - Ready status parts: ['RS', '1', 'S027']
2026-01-28 16:41:20 - keyence_client - DEBUG - Sent command: ES
2026-01-28 16:41:20 - keyence_client - DEBUG - Received response: ES,0,000000037
2026-01-28 16:41:20 - keyence_client - DEBUG - Error status parts: ['ES', '0', '000000037']
2026-01-28 16:41:20 - __main__ - INFO - [2026-01-28 16:41:20] Status: NOT_READY | Text: '' | Job: 0
2026-01-28 16:41:21 - keyence_client - DEBUG - Sent command: RS
2026-01-28 16:41:21 - keyence_client - DEBUG - Received response: RS,1,S027
2026-01-28 16:41:21 - keyence_client - DEBUG - Ready status parts: ['RS', '1', 'S027']
2026-01-28 16:41:21 - keyence_client - DEBUG - Sent command: ES
2026-01-28 16:41:21 - keyence_client - DEBUG - Received response: ES,0,000000037
2026-01-28 16:41:21 - keyence_client - DEBUG - Error status parts: ['ES', '0', '000000037']
2026-01-28 16:41:21 - __main__ - INFO - [2026-01-28 16:41:21] Status: NOT_READY | Text: '' | Job: 0
2026-01-28 16:41:22 - keyence_client - DEBUG - Sent command: RS
2026-01-28 16:41:22 - keyence_client - DEBUG - Received response: RS,1,S027
2026-01-28 16:41:22 - keyence_client - DEBUG - Ready status parts: ['RS', '1', 'S027']
2026-01-28 16:41:22 - keyence_client - DEBUG - Sent command: ES
2026-01-28 16:41:22 - keyence_client - DEBUG - Received response: ES,0,000000037
2026-01-28 16:41:22 - keyence_client - DEBUG - Error status parts: ['ES', '0', '000000037']
2026-01-28 16:41:22 - __main__ - INFO - [2026-01-28 16:41:22] Status: NOT_READY | Text: '' | Job: 0
2026-01-28 16:41:23 - keyence_client - DEBUG - Sent command: RS
2026-01-28 16:41:23 - keyence_client - DEBUG - Received response: RS,1,S027
2026-01-28 16:41:23 - keyence_client - DEBUG - Ready status parts: ['RS', '1', 'S027']
2026-01-28 16:41:23 - keyence_client - DEBUG - Sent command: ES
2026-01-28 16:41:23 - keyence_client - DEBUG - Received response: ES,0,000000037
2026-01-28 16:41:23 - keyence_client - DEBUG - Error status parts: ['ES', '0', '000000037']
2026-01-28 16:41:23 - __main__ - INFO - [2026-01-28 16:41:23] Status: NOT_READY | Text: '' | Job: 0
2026-01-28 16:41:24 - keyence_client - DEBUG - Sent command: RS
2026-01-28 16:41:24 - keyence_client - DEBUG - Received response: RS,1,S027
2026-01-28 16:41:24 - keyence_client - DEBUG - Ready status parts: ['RS', '1', 'S027']
2026-01-28 16:41:24 - keyence_client - DEBUG - Sent command: ES
2026-01-28 16:41:24 - keyence_client - DEBUG - Received response: ES,0,000000037
2026-01-28 16:41:24 - keyence_client - DEBUG - Error status parts: ['ES', '0', '000000037']
2026-01-28 16:41:24 - __main__ - INFO - [2026-01-28 16:41:24] Status: NOT_READY | Text: '' | Job: 0
2026-01-28 16:41:25 - keyence_client - DEBUG - Sent command: RS
2026-01-28 16:41:25 - keyence_client - DEBUG - Received response: RS,1,S027
2026-01-28 16:41:25 - keyence_client - DEBUG - Ready status parts: ['RS', '1', 'S027']
2026-01-28 16:41:25 - keyence_client - DEBUG - Sent command: ES
2026-01-28 16:41:25 - keyence_client - DEBUG - Received response: ES,0,000000037
2026-01-28 16:41:25 - keyence_client - DEBUG - Error status parts: ['ES', '0', '000000037']
2026-01-28 16:41:25 - __main__ - INFO - [2026-01-28 16:41:25] Status: NOT_READY | Text: '' | Job: 0
2026-01-28 16:41:26 - keyence_client - DEBUG - Sent command: RS
2026-01-28 16:41:26 - keyence_client - DEBUG - Received response: RS,1,S027
2026-01-28 16:41:26 - keyence_client - DEBUG - Ready status parts: ['RS', '1', 'S027']
2026-01-28 16:41:26 - keyence_client - DEBUG - Sent command: ES
2026-01-28 16:41:26 - keyence_client - DEBUG - Received response: ES,0,000000037
2026-01-28 16:41:26 - keyence_client - DEBUG - Error status parts: ['ES', '0', '000000037']
2026-01-28 16:41:26 - __main__ - INFO - [2026-01-28 16:41:26] Status: NOT_READY | Text: '' | Job: 0
2026-01-28 16:41:27 - keyence_client - DEBUG - Sent command: RS
2026-01-28 16:41:27 - keyence_client - DEBUG - Received response: RS,1,S027
2026-01-28 16:41:27 - keyence_client - DEBUG - Ready status parts: ['RS', '1', 'S027']
2026-01-28 16:41:27 - keyence_client - DEBUG - Sent command: ES
2026-01-28 16:41:27 - keyence_client - DEBUG - Received response: ES,0,000000037
2026-01-28 16:41:27 - keyence_client - DEBUG - Error status parts: ['ES', '0', '000000037']
2026-01-28 16:41:27 - __main__ - INFO - [2026-01-28 16:41:27] Status: NOT_READY | Text: '' | Job: 0
2026-01-28 16:41:28 - keyence_client - DEBUG - Sent command: RS
2026-01-28 16:41:28 - keyence_client - DEBUG - Received response: RS,1,S027
2026-01-28 16:41:28 - keyence_client - DEBUG - Ready status parts: ['RS', '1', 'S027']
2026-01-28 16:41:28 - keyence_client - DEBUG - Sent command: ES
2026-01-28 16:41:28 - keyence_client - DEBUG - Received response: ES,0,000000037
2026-01-28 16:41:28 - keyence_client - DEBUG - Error status parts: ['ES', '0', '000000037']
2026-01-28 16:41:28 - __main__ - INFO - [2026-01-28 16:41:28] Status: NOT_READY | Text: '' | Job: 0
2026-01-28 16:41:29 - keyence_client - DEBUG - Sent command: RS
2026-01-28 16:41:29 - keyence_client - DEBUG - Received response: RS,1,S027
2026-01-28 16:41:29 - keyence_client - DEBUG - Ready status parts: ['RS', '1', 'S027']
2026-01-28 16:41:29 - keyence_client - DEBUG - Sent command: ES
2026-01-28 16:41:29 - keyence_client - DEBUG - Received response: ES,0,000000037
2026-01-28 16:41:29 - keyence_client - DEBUG - Error status parts: ['ES', '0', '000000037']
2026-01-28 16:41:29 - __main__ - INFO - [2026-01-28 16:41:29] Status: NOT_READY | Text: '' | Job: 0
2026-01-28 16:41:30 - keyence_client - DEBUG - Sent command: RS
2026-01-28 16:41:30 - keyence_client - DEBUG - Received response: RS,1,S027
2026-01-28 16:41:30 - keyence_client - DEBUG - Ready status parts: ['RS', '1', 'S027']
2026-01-28 16:41:30 - keyence_client - DEBUG - Sent command: ES
2026-01-28 16:41:30 - keyence_client - DEBUG - Received response: ES,0,000000037
2026-01-28 16:41:30 - keyence_client - DEBUG - Error status parts: ['ES', '0', '000000037']
2026-01-28 16:41:30 - __main__ - INFO - [2026-01-28 16:41:30] Status: NOT_READY | Text: '' | Job: 0
2026-01-28 16:41:31 - keyence_client - DEBUG - Sent command: RS
2026-01-28 16:41:31 - keyence_client - DEBUG - Received response: RS,1,S027
2026-01-28 16:41:31 - keyence_client - DEBUG - Ready status parts: ['RS', '1', 'S027']
2026-01-28 16:41:31 - keyence_client - DEBUG - Sent command: ES
2026-01-28 16:41:31 - keyence_client - DEBUG - Received response: ES,0,000000037
2026-01-28 16:41:31 - keyence_client - DEBUG - Error status parts: ['ES', '0', '000000037']
2026-01-28 16:41:31 - __main__ - INFO - [2026-01-28 16:41:31] Status: NOT_READY | Text: '' | Job: 0
2026-01-28 16:41:32 - keyence_client - DEBUG - Sent command: RS
2026-01-28 16:41:32 - keyence_client - DEBUG - Received response: RS,1,S027
2026-01-28 16:41:32 - keyence_client - DEBUG - Ready status parts: ['RS', '1', 'S027']
2026-01-28 16:41:32 - keyence_client - DEBUG - Sent command: ES
2026-01-28 16:41:32 - keyence_client - DEBUG - Received response: ES,0,000000037
2026-01-28 16:41:32 - keyence_client - DEBUG - Error status parts: ['ES', '0', '000000037']
2026-01-28 16:41:32 - __main__ - INFO - [2026-01-28 16:41:32] Status: NOT_READY | Text: '' | Job: 0
2026-01-28 16:41:33 - keyence_client - DEBUG - Sent command: RS
2026-01-28 16:41:33 - keyence_client - DEBUG - Received response: RS,1,S027
2026-01-28 16:41:33 - keyence_client - DEBUG - Ready status parts: ['RS', '1', 'S027']
2026-01-28 16:41:33 - keyence_client - DEBUG - Sent command: ES
2026-01-28 16:41:33 - keyence_client - DEBUG - Received response: ES,0,000000037
2026-01-28 16:41:33 - keyence_client - DEBUG - Error status parts: ['ES', '0', '000000037']
2026-01-28 16:41:33 - __main__ - INFO - [2026-01-28 16:41:33] Status: NOT_READY | Text: '' | Job: 0
2026-01-28 16:41:34 - keyence_client - DEBUG - Sent command: RS
2026-01-28 16:41:34 - keyence_client - DEBUG - Received response: RS,1,S027
2026-01-28 16:41:34 - keyence_client - DEBUG - Ready status parts: ['RS', '1', 'S027']
2026-01-28 16:41:34 - keyence_client - DEBUG - Sent command: ES
2026-01-28 16:41:34 - keyence_client - DEBUG - Received response: ES,0,000000037
2026-01-28 16:41:34 - keyence_client - DEBUG - Error status parts: ['ES', '0', '000000037']
2026-01-28 16:41:34 - __main__ - INFO - [2026-01-28 16:41:34] Status: NOT_READY | Text: '' | Job: 0
2026-01-28 16:41:35 - keyence_client - DEBUG - Sent command: RS
2026-01-28 16:41:35 - keyence_client - DEBUG - Received response: RS,1,S027
2026-01-28 16:41:35 - keyence_client - DEBUG - Ready status parts: ['RS', '1', 'S027']
2026-01-28 16:41:35 - keyence_client - DEBUG - Sent command: ES
2026-01-28 16:41:35 - keyence_client - DEBUG - Received response: ES,0,000000037
2026-01-28 16:41:35 - keyence_client - DEBUG - Error status parts: ['ES', '0', '000000037']
2026-01-28 16:41:35 - __main__ - INFO - [2026-01-28 16:41:35] Status: NOT_READY | Text: '' | Job: 0
2026-01-28 16:41:36 - keyence_client - DEBUG - Sent command: RS
2026-01-28 16:41:36 - keyence_client - DEBUG - Received response: RS,1,S027
2026-01-28 16:41:36 - keyence_client - DEBUG - Ready status parts: ['RS', '1', 'S027']
2026-01-28 16:41:36 - keyence_client - DEBUG - Sent command: ES
2026-01-28 16:41:36 - keyence_client - DEBUG - Received response: ES,0,000000037
2026-01-28 16:41:36 - keyence_client - DEBUG - Error status parts: ['ES', '0', '000000037']
2026-01-28 16:41:36 - __main__ - INFO - [2026-01-28 16:41:36] Status: NOT_READY | Text: '' | Job: 0
2026-01-28 16:41:37 - keyence_client - DEBUG - Sent command: RS
2026-01-28 16:41:37 - keyence_client - DEBUG - Received response: RS,1,S027
2026-01-28 16:41:37 - keyence_client - DEBUG - Ready status parts: ['RS', '1', 'S027']
2026-01-28 16:41:37 - keyence_client - DEBUG - Sent command: ES
2026-01-28 16:41:37 - keyence_client - DEBUG - Received response: ES,0,000000037
2026-01-28 16:41:37 - keyence_client - DEBUG - Error status parts: ['ES', '0', '000000037']
2026-01-28 16:41:37 - __main__ - INFO - [2026-01-28 16:41:37] Status: NOT_READY | Text: '' | Job: 0
2026-01-28 16:41:38 - keyence_client - DEBUG - Sent command: RS
2026-01-28 16:41:38 - keyence_client - DEBUG - Received response: RS,1,S027
2026-01-28 16:41:38 - keyence_client - DEBUG - Ready status parts: ['RS', '1', 'S027']
2026-01-28 16:41:38 - keyence_client - DEBUG - Sent command: ES
2026-01-28 16:41:38 - keyence_client - DEBUG - Received response: ES,0,000000037
2026-01-28 16:41:38 - keyence_client - DEBUG - Error status parts: ['ES', '0', '000000037']
2026-01-28 16:41:38 - __main__ - INFO - [2026-01-28 16:41:38] Status: NOT_READY | Text: '' | Job: 0
2026-01-28 16:41:39 - keyence_client - DEBUG - Sent command: RS
2026-01-28 16:41:39 - keyence_client - DEBUG - Received response: RS,1,S027
2026-01-28 16:41:39 - keyence_client - DEBUG - Ready status parts: ['RS', '1', 'S027']
2026-01-28 16:41:39 - keyence_client - DEBUG - Sent command: ES
2026-01-28 16:41:39 - keyence_client - DEBUG - Received response: ES,0,000000037
2026-01-28 16:41:39 - keyence_client - DEBUG - Error status parts: ['ES', '0', '000000037']
2026-01-28 16:41:39 - __main__ - INFO - [2026-01-28 16:41:39] Status: NOT_READY | Text: '' | Job: 0
2026-01-28 16:41:40 - keyence_client - DEBUG - Sent command: RS
2026-01-28 16:41:40 - keyence_client - DEBUG - Received response: RS,1,S027
2026-01-28 16:41:40 - keyence_client - DEBUG - Ready status parts: ['RS', '1', 'S027']
2026-01-28 16:41:40 - keyence_client - DEBUG - Sent command: ES
2026-01-28 16:41:40 - keyence_client - DEBUG - Received response: ES,0,000000037
2026-01-28 16:41:40 - keyence_client - DEBUG - Error status parts: ['ES', '0', '000000037']
2026-01-28 16:41:40 - __main__ - INFO - [2026-01-28 16:41:40] Status: NOT_READY | Text: '' | Job: 0
2026-01-28 16:41:41 - keyence_client - DEBUG - Sent command: RS
2026-01-28 16:41:41 - keyence_client - DEBUG - Received response: RS,1,S027
2026-01-28 16:41:41 - keyence_client - DEBUG - Ready status parts: ['RS', '1', 'S027']
2026-01-28 16:41:41 - keyence_client - DEBUG - Sent command: ES
2026-01-28 16:41:41 - keyence_client - DEBUG - Received response: ES,0,000000037
2026-01-28 16:41:41 - keyence_client - DEBUG - Error status parts: ['ES', '0', '000000037']
2026-01-28 16:41:41 - __main__ - INFO - [2026-01-28 16:41:41] Status: NOT_READY | Text: '' | Job: 0
2026-01-28 16:41:42 - keyence_client - DEBUG - Sent command: RS
2026-01-28 16:41:42 - keyence_client - DEBUG - Received response: RS,1,S027
2026-01-28 16:41:42 - keyence_client - DEBUG - Ready status parts: ['RS', '1', 'S027']
2026-01-28 16:41:42 - keyence_client - DEBUG - Sent command: ES
2026-01-28 16:41:42 - keyence_client - DEBUG - Received response: ES,0,000000037
2026-01-28 16:41:42 - keyence_client - DEBUG - Error status parts: ['ES', '0', '000000037']
2026-01-28 16:41:42 - __main__ - INFO - [2026-01-28 16:41:42] Status: NOT_READY | Text: '' | Job: 0
2026-01-28 16:41:43 - keyence_client - DEBUG - Sent command: RS
2026-01-28 16:41:43 - keyence_client - DEBUG - Received response: RS,1,S027
2026-01-28 16:41:43 - keyence_client - DEBUG - Ready status parts: ['RS', '1', 'S027']
2026-01-28 16:41:43 - keyence_client - DEBUG - Sent command: ES
2026-01-28 16:41:43 - keyence_client - DEBUG - Received response: ES,0,000000037
2026-01-28 16:41:43 - keyence_client - DEBUG - Error status parts: ['ES', '0', '000000037']
2026-01-28 16:41:43 - __main__ - INFO - [2026-01-28 16:41:43] Status: NOT_READY | Text: '' | Job: 0
2026-01-28 16:41:44 - keyence_client - DEBUG - Sent command: RS
2026-01-28 16:41:44 - keyence_client - DEBUG - Received response: RS,1,S027
2026-01-28 16:41:44 - keyence_client - DEBUG - Ready status parts: ['RS', '1', 'S027']
2026-01-28 16:41:44 - keyence_client - DEBUG - Sent command: ES
2026-01-28 16:41:44 - keyence_client - DEBUG - Received response: ES,0,000000037
2026-01-28 16:41:44 - keyence_client - DEBUG - Error status parts: ['ES', '0', '000000037']
2026-01-28 16:41:44 - __main__ - INFO - [2026-01-28 16:41:44] Status: NOT_READY | Text: '' | Job: 0
2026-01-28 16:41:45 - keyence_client - DEBUG - Sent command: RS
2026-01-28 16:41:45 - keyence_client - DEBUG - Received response: RS,1,S027
2026-01-28 16:41:45 - keyence_client - DEBUG - Ready status parts: ['RS', '1', 'S027']
2026-01-28 16:41:45 - keyence_client - DEBUG - Sent command: ES
2026-01-28 16:41:45 - keyence_client - DEBUG - Received response: ES,0,000000037
2026-01-28 16:41:45 - keyence_client - DEBUG - Error status parts: ['ES', '0', '000000037']
2026-01-28 16:41:45 - __main__ - INFO - [2026-01-28 16:41:45] Status: NOT_READY | Text: '' | Job: 0
2026-01-28 16:41:46 - keyence_client - DEBUG - Sent command: RS
2026-01-28 16:41:46 - keyence_client - DEBUG - Received response: RS,1,S027
2026-01-28 16:41:46 - keyence_client - DEBUG - Ready status parts: ['RS', '1', 'S027']
2026-01-28 16:41:46 - keyence_client - DEBUG - Sent command: ES
2026-01-28 16:41:46 - keyence_client - DEBUG - Received response: ES,0,000000037
2026-01-28 16:41:46 - keyence_client - DEBUG - Error status parts: ['ES', '0', '000000037']
2026-01-28 16:41:46 - __main__ - INFO - [2026-01-28 16:41:46] Status: NOT_READY | Text: '' | Job: 0
2026-01-28 16:41:47 - keyence_client - DEBUG - Sent command: RS
2026-01-28 16:41:47 - keyence_client - DEBUG - Received response: RS,1,S027
2026-01-28 16:41:47 - keyence_client - DEBUG - Ready status parts: ['RS', '1', 'S027']
2026-01-28 16:41:47 - keyence_client - DEBUG - Sent command: ES
2026-01-28 16:41:47 - keyence_client - DEBUG - Received response: ES,0,000000037
2026-01-28 16:41:47 - keyence_client - DEBUG - Error status parts: ['ES', '0', '000000037']
2026-01-28 16:41:47 - __main__ - INFO - [2026-01-28 16:41:47] Status: NOT_READY | Text: '' | Job: 0
2026-01-28 16:41:48 - keyence_client - DEBUG - Sent command: RS
2026-01-28 16:41:48 - keyence_client - DEBUG - Received response: RS,1,S027
2026-01-28 16:41:48 - keyence_client - DEBUG - Ready status parts: ['RS', '1', 'S027']
2026-01-28 16:41:48 - keyence_client - DEBUG - Sent command: ES
2026-01-28 16:41:48 - keyence_client - DEBUG - Received response: ES,0,000000037
2026-01-28 16:41:48 - keyence_client - DEBUG - Error status parts: ['ES', '0', '000000037']
2026-01-28 16:41:48 - __main__ - INFO - [2026-01-28 16:41:48] Status: NOT_READY | Text: '' | Job: 0
2026-01-28 16:41:49 - keyence_client - DEBUG - Sent command: RS
2026-01-28 16:41:49 - keyence_client - DEBUG - Received response: RS,1,S027
2026-01-28 16:41:49 - keyence_client - DEBUG - Ready status parts: ['RS', '1', 'S027']
2026-01-28 16:41:49 - keyence_client - DEBUG - Sent command: ES
2026-01-28 16:41:49 - keyence_client - DEBUG - Received response: ES,0,000000037
2026-01-28 16:41:49 - keyence_client - DEBUG - Error status parts: ['ES', '0', '000000037']
2026-01-28 16:41:49 - __main__ - INFO - [2026-01-28 16:41:49] Status: NOT_READY | Text: '' | Job: 0
2026-01-28 16:41:50 - keyence_client - DEBUG - Sent command: RS
2026-01-28 16:41:50 - keyence_client - DEBUG - Received response: RS,1,S027
2026-01-28 16:41:50 - keyence_client - DEBUG - Ready status parts: ['RS', '1', 'S027']
2026-01-28 16:41:50 - keyence_client - DEBUG - Sent command: ES
2026-01-28 16:41:50 - keyence_client - DEBUG - Received response: ES,0,000000037
2026-01-28 16:41:50 - keyence_client - DEBUG - Error status parts: ['ES', '0', '000000037']
2026-01-28 16:41:50 - __main__ - INFO - [2026-01-28 16:41:50] Status: NOT_READY | Text: '' | Job: 0
2026-01-28 16:41:51 - keyence_client - DEBUG - Sent command: RS
2026-01-28 16:41:51 - keyence_client - DEBUG - Received response: RS,1,S027
2026-01-28 16:41:51 - keyence_client - DEBUG - Ready status parts: ['RS', '1', 'S027']
2026-01-28 16:41:51 - keyence_client - DEBUG - Sent command: ES
2026-01-28 16:41:51 - keyence_client - DEBUG - Received response: ES,0,000000037
2026-01-28 16:41:51 - keyence_client - DEBUG - Error status parts: ['ES', '0', '000000037']
2026-01-28 16:41:51 - __main__ - INFO - [2026-01-28 16:41:51] Status: NOT_READY | Text: '' | Job: 0
2026-01-28 16:41:52 - keyence_client - DEBUG - Sent command: RS
2026-01-28 16:41:52 - keyence_client - DEBUG - Received response: RS,1,S027
2026-01-28 16:41:52 - keyence_client - DEBUG - Ready status parts: ['RS', '1', 'S027']
2026-01-28 16:41:52 - keyence_client - DEBUG - Sent command: ES
2026-01-28 16:41:52 - keyence_client - DEBUG - Received response: ES,0,000000037
2026-01-28 16:41:52 - keyence_client - DEBUG - Error status parts: ['ES', '0', '000000037']
2026-01-28 16:41:52 - __main__ - INFO - [2026-01-28 16:41:52] Status: NOT_READY | Text: '' | Job: 0
2026-01-28 16:41:53 - keyence_client - DEBUG - Sent command: RS
2026-01-28 16:41:53 - keyence_client - DEBUG - Received response: RS,1,S027
2026-01-28 16:41:53 - keyence_client - DEBUG - Ready status parts: ['RS', '1', 'S027']
2026-01-28 16:41:53 - keyence_client - DEBUG - Sent command: ES
2026-01-28 16:41:53 - keyence_client - DEBUG - Received response: ES,0,000000037
2026-01-28 16:41:53 - keyence_client - DEBUG - Error status parts: ['ES', '0', '000000037']
2026-01-28 16:41:53 - __main__ - INFO - [2026-01-28 16:41:53] Status: NOT_READY | Text: '' | Job: 0
2026-01-28 16:41:54 - keyence_client - DEBUG - Sent command: RS
2026-01-28 16:41:54 - keyence_client - DEBUG - Received response: RS,1,S027
2026-01-28 16:41:54 - keyence_client - DEBUG - Ready status parts: ['RS', '1', 'S027']
2026-01-28 16:41:54 - keyence_client - DEBUG - Sent command: ES
2026-01-28 16:41:54 - keyence_client - DEBUG - Received response: ES,0,000000037
2026-01-28 16:41:54 - keyence_client - DEBUG - Error status parts: ['ES', '0', '000000037']
2026-01-28 16:41:54 - __main__ - INFO - [2026-01-28 16:41:54] Status: NOT_READY | Text: '' | Job: 0
2026-01-28 16:41:55 - keyence_client - DEBUG - Sent command: RS
2026-01-28 16:41:55 - keyence_client - DEBUG - Received response: RS,1,S027
2026-01-28 16:41:55 - keyence_client - DEBUG - Ready status parts: ['RS', '1', 'S027']
2026-01-28 16:41:55 - keyence_client - DEBUG - Sent command: ES
2026-01-28 16:41:55 - keyence_client - DEBUG - Received response: ES,0,000000037
2026-01-28 16:41:55 - keyence_client - DEBUG - Error status parts: ['ES', '0', '000000037']
2026-01-28 16:41:55 - __main__ - INFO - [2026-01-28 16:41:55] Status: NOT_READY | Text: '' | Job: 0
2026-01-28 16:41:56 - keyence_client - DEBUG - Sent command: RS
2026-01-28 16:41:56 - keyence_client - DEBUG - Received response: RS,1,S027
2026-01-28 16:41:56 - keyence_client - DEBUG - Ready status parts: ['RS', '1', 'S027']
2026-01-28 16:41:56 - keyence_client - DEBUG - Sent command: ES
2026-01-28 16:41:56 - keyence_client - DEBUG - Received response: ES,0,000000037
2026-01-28 16:41:56 - keyence_client - DEBUG - Error status parts: ['ES', '0', '000000037']
2026-01-28 16:41:56 - __main__ - INFO - [2026-01-28 16:41:56] Status: NOT_READY | Text: '' | Job: 0
2026-01-28 16:41:57 - keyence_client - DEBUG - Sent command: RS
2026-01-28 16:41:57 - keyence_client - DEBUG - Received response: RS,1,S027
2026-01-28 16:41:57 - keyence_client - DEBUG - Ready status parts: ['RS', '1', 'S027']
2026-01-28 16:41:57 - keyence_client - DEBUG - Sent command: ES
2026-01-28 16:41:57 - keyence_client - DEBUG - Received response: ES,0,000000037
2026-01-28 16:41:57 - keyence_client - DEBUG - Error status parts: ['ES', '0', '000000037']
2026-01-28 16:41:57 - __main__ - INFO - [2026-01-28 16:41:57] Status: NOT_READY | Text: '' | Job: 0
2026-01-28 16:41:58 - keyence_client - DEBUG - Sent command: RS
2026-01-28 16:41:58 - keyence_client - DEBUG - Received response: RS,1,S027
2026-01-28 16:41:58 - keyence_client - DEBUG - Ready status parts: ['RS', '1', 'S027']
2026-01-28 16:41:58 - keyence_client - DEBUG - Sent command: ES
2026-01-28 16:41:58 - keyence_client - DEBUG - Received response: ES,0,000000037
2026-01-28 16:41:58 - keyence_client - DEBUG - Error status parts: ['ES', '0', '000000037']
2026-01-28 16:41:58 - __main__ - INFO - [2026-01-28 16:41:58] Status: NOT_READY | Text: '' | Job: 0
2026-01-28 16:41:59 - keyence_client - DEBUG - Sent command: RS
2026-01-28 16:41:59 - keyence_client - DEBUG - Received response: RS,1,S027
2026-01-28 16:41:59 - keyence_client - DEBUG - Ready status parts: ['RS', '1', 'S027']
2026-01-28 16:41:59 - keyence_client - DEBUG - Sent command: ES
2026-01-28 16:41:59 - keyence_client - DEBUG - Received response: ES,0,000000037
2026-01-28 16:41:59 - keyence_client - DEBUG - Error status parts: ['ES', '0', '000000037']
2026-01-28 16:41:59 - __main__ - INFO - [2026-01-28 16:41:59] Status: NOT_READY | Text: '' | Job: 0
2026-01-28 16:42:00 - keyence_client - DEBUG - Sent command: RS
2026-01-28 16:42:00 - keyence_client - DEBUG - Received response: RS,1,S027
2026-01-28 16:42:00 - keyence_client - DEBUG - Ready status parts: ['RS', '1', 'S027']
2026-01-28 16:42:00 - keyence_client - DEBUG - Sent command: ES
2026-01-28 16:42:00 - keyence_client - DEBUG - Received response: ES,0,000000037
2026-01-28 16:42:00 - keyence_client - DEBUG - Error status parts: ['ES', '0', '000000037']
2026-01-28 16:42:00 - __main__ - INFO - [2026-01-28 16:42:00] Status: NOT_READY | Text: '' | Job: 0
2026-01-28 16:42:01 - keyence_client - DEBUG - Sent command: RS
2026-01-28 16:42:01 - keyence_client - DEBUG - Received response: RS,1,S027
2026-01-28 16:42:01 - keyence_client - DEBUG - Ready status parts: ['RS', '1', 'S027']
2026-01-28 16:42:01 - keyence_client - DEBUG - Sent command: ES
2026-01-28 16:42:02 - keyence_client - DEBUG - Received response: ES,0,000000037
2026-01-28 16:42:02 - keyence_client - DEBUG - Error status parts: ['ES', '0', '000000037']
2026-01-28 16:42:02 - __main__ - INFO - [2026-01-28 16:42:02] Status: NOT_READY | Text: '' | Job: 0
2026-01-28 16:42:03 - keyence_client - DEBUG - Sent command: RS
2026-01-28 16:42:03 - keyence_client - DEBUG - Received response: RS,1,S027
2026-01-28 16:42:03 - keyence_client - DEBUG - Ready status parts: ['RS', '1', 'S027']
2026-01-28 16:42:03 - keyence_client - DEBUG - Sent command: ES
2026-01-28 16:42:03 - keyence_client - DEBUG - Received response: ES,0,000000037
2026-01-28 16:42:03 - keyence_client - DEBUG - Error status parts: ['ES', '0', '000000037']
2026-01-28 16:42:03 - __main__ - INFO - [2026-01-28 16:42:03] Status: NOT_READY | Text: '' | Job: 0
2026-01-28 16:42:04 - keyence_client - DEBUG - Sent command: RS
2026-01-28 16:42:04 - keyence_client - DEBUG - Received response: RS,1,S027
2026-01-28 16:42:04 - keyence_client - DEBUG - Ready status parts: ['RS', '1', 'S027']
2026-01-28 16:42:04 - keyence_client - DEBUG - Sent command: ES
2026-01-28 16:42:04 - keyence_client - DEBUG - Received response: ES,0,000000037
2026-01-28 16:42:04 - keyence_client - DEBUG - Error status parts: ['ES', '0', '000000037']
2026-01-28 16:42:04 - __main__ - INFO - [2026-01-28 16:42:04] Status: NOT_READY | Text: '' | Job: 0
2026-01-28 16:42:05 - keyence_client - DEBUG - Sent command: RS
2026-01-28 16:42:05 - keyence_client - DEBUG - Received response: RS,1,S027
2026-01-28 16:42:05 - keyence_client - DEBUG - Ready status parts: ['RS', '1', 'S027']
2026-01-28 16:42:05 - keyence_client - DEBUG - Sent command: ES
2026-01-28 16:42:05 - keyence_client - DEBUG - Received response: ES,0,000000037
2026-01-28 16:42:05 - keyence_client - DEBUG - Error status parts: ['ES', '0', '000000037']
2026-01-28 16:42:05 - __main__ - INFO - [2026-01-28 16:42:05] Status: NOT_READY | Text: '' | Job: 0
2026-01-28 16:42:06 - keyence_client - DEBUG - Sent command: RS
2026-01-28 16:42:06 - keyence_client - DEBUG - Received response: RS,1,S027
2026-01-28 16:42:06 - keyence_client - DEBUG - Ready status parts: ['RS', '1', 'S027']
2026-01-28 16:42:06 - keyence_client - DEBUG - Sent command: ES
2026-01-28 16:42:06 - keyence_client - DEBUG - Received response: ES,0,000000037
2026-01-28 16:42:06 - keyence_client - DEBUG - Error status parts: ['ES', '0', '000000037']
2026-01-28 16:42:06 - __main__ - INFO - [2026-01-28 16:42:06] Status: NOT_READY | Text: '' | Job: 0
2026-01-28 16:42:07 - keyence_client - DEBUG - Sent command: RS
2026-01-28 16:42:07 - keyence_client - DEBUG - Received response: RS,1,S027
2026-01-28 16:42:07 - keyence_client - DEBUG - Ready status parts: ['RS', '1', 'S027']
2026-01-28 16:42:07 - keyence_client - DEBUG - Sent command: ES
2026-01-28 16:42:07 - keyence_client - DEBUG - Received response: ES,0,000000037
2026-01-28 16:42:07 - keyence_client - DEBUG - Error status parts: ['ES', '0', '000000037']
2026-01-28 16:42:07 - __main__ - INFO - [2026-01-28 16:42:07] Status: NOT_READY | Text: '' | Job: 0
2026-01-28 16:42:08 - keyence_client - DEBUG - Sent command: RS
2026-01-28 16:42:08 - keyence_client - DEBUG - Received response: RS,1,S027
2026-01-28 16:42:08 - keyence_client - DEBUG - Ready status parts: ['RS', '1', 'S027']
2026-01-28 16:42:08 - keyence_client - DEBUG - Sent command: ES
2026-01-28 16:42:08 - keyence_client - DEBUG - Received response: ES,0,000000037
2026-01-28 16:42:08 - keyence_client - DEBUG - Error status parts: ['ES', '0', '000000037']
2026-01-28 16:42:08 - __main__ - INFO - [2026-01-28 16:42:08] Status: NOT_READY | Text: '' | Job: 0
2026-01-28 16:42:09 - keyence_client - DEBUG - Sent command: RS
2026-01-28 16:42:09 - keyence_client - DEBUG - Received response: RS,1,S027
2026-01-28 16:42:09 - keyence_client - DEBUG - Ready status parts: ['RS', '1', 'S027']
2026-01-28 16:42:09 - keyence_client - DEBUG - Sent command: ES
2026-01-28 16:42:09 - keyence_client - DEBUG - Received response: ES,0,000000037
2026-01-28 16:42:09 - keyence_client - DEBUG - Error status parts: ['ES', '0', '000000037']
2026-01-28 16:42:09 - __main__ - INFO - [2026-01-28 16:42:09] Status: NOT_READY | Text: '' | Job: 0
2026-01-28 16:42:10 - keyence_client - DEBUG - Sent command: RS
2026-01-28 16:42:10 - keyence_client - DEBUG - Received response: RS,1,S027
2026-01-28 16:42:10 - keyence_client - DEBUG - Ready status parts: ['RS', '1', 'S027']
2026-01-28 16:42:10 - keyence_client - DEBUG - Sent command: ES
2026-01-28 16:42:10 - keyence_client - DEBUG - Received response: ES,0,000000037
2026-01-28 16:42:10 - keyence_client - DEBUG - Error status parts: ['ES', '0', '000000037']
2026-01-28 16:42:10 - __main__ - INFO - [2026-01-28 16:42:10] Status: NOT_READY | Text: '' | Job: 0
2026-01-28 16:42:11 - keyence_client - DEBUG - Sent command: RS
2026-01-28 16:42:11 - keyence_client - DEBUG - Received response: RS,1,S027
2026-01-28 16:42:11 - keyence_client - DEBUG - Ready status parts: ['RS', '1', 'S027']
2026-01-28 16:42:11 - keyence_client - DEBUG - Sent command: ES
2026-01-28 16:42:11 - keyence_client - DEBUG - Received response: ES,0,000000037
2026-01-28 16:42:11 - keyence_client - DEBUG - Error status parts: ['ES', '0', '000000037']
2026-01-28 16:42:11 - __main__ - INFO - [2026-01-28 16:42:11] Status: NOT_READY | Text: '' | Job: 0
2026-01-28 16:42:12 - keyence_client - DEBUG - Sent command: RS
2026-01-28 16:42:12 - keyence_client - DEBUG - Received response: RS,1,S027
2026-01-28 16:42:12 - keyence_client - DEBUG - Ready status parts: ['RS', '1', 'S027']
2026-01-28 16:42:12 - keyence_client - DEBUG - Sent command: ES
2026-01-28 16:42:12 - keyence_client - DEBUG - Received response: ES,0,000000037
2026-01-28 16:42:12 - keyence_client - DEBUG - Error status parts: ['ES', '0', '000000037']
2026-01-28 16:42:12 - __main__ - INFO - [2026-01-28 16:42:12] Status: NOT_READY | Text: '' | Job: 0
2026-01-28 16:42:13 - keyence_client - DEBUG - Sent command: RS
2026-01-28 16:42:13 - keyence_client - DEBUG - Received response: RS,1,S027
2026-01-28 16:42:13 - keyence_client - DEBUG - Ready status parts: ['RS', '1', 'S027']
2026-01-28 16:42:13 - keyence_client - DEBUG - Sent command: ES
2026-01-28 16:42:13 - keyence_client - DEBUG - Received response: ES,0,000000037
2026-01-28 16:42:13 - keyence_client - DEBUG - Error status parts: ['ES', '0', '000000037']
2026-01-28 16:42:13 - __main__ - INFO - [2026-01-28 16:42:13] Status: NOT_READY | Text: '' | Job: 0
2026-01-28 16:42:14 - keyence_client - DEBUG - Sent command: RS
2026-01-28 16:42:14 - keyence_client - DEBUG - Received response: RS,1,S027
2026-01-28 16:42:14 - keyence_client - DEBUG - Ready status parts: ['RS', '1', 'S027']
2026-01-28 16:42:14 - keyence_client - DEBUG - Sent command: ES
2026-01-28 16:42:14 - keyence_client - DEBUG - Received response: ES,0,000000037
2026-01-28 16:42:14 - keyence_client - DEBUG - Error status parts: ['ES', '0', '000000037']
2026-01-28 16:42:14 - __main__ - INFO - [2026-01-28 16:42:14] Status: NOT_READY | Text: '' | Job: 0
2026-01-28 16:42:15 - keyence_client - DEBUG - Sent command: RS
2026-01-28 16:42:15 - keyence_client - DEBUG - Received response: RS,1,S027
2026-01-28 16:42:15 - keyence_client - DEBUG - Ready status parts: ['RS', '1', 'S027']
2026-01-28 16:42:15 - keyence_client - DEBUG - Sent command: ES
2026-01-28 16:42:15 - keyence_client - DEBUG - Received response: ES,0,000000037
2026-01-28 16:42:15 - keyence_client - DEBUG - Error status parts: ['ES', '0', '000000037']
2026-01-28 16:42:15 - __main__ - INFO - [2026-01-28 16:42:15] Status: NOT_READY | Text: '' | Job: 0
2026-01-28 16:42:16 - keyence_client - DEBUG - Sent command: RS
2026-01-28 16:42:16 - keyence_client - DEBUG - Received response: RS,1,S027
2026-01-28 16:42:16 - keyence_client - DEBUG - Ready status parts: ['RS', '1', 'S027']
2026-01-28 16:42:16 - keyence_client - DEBUG - Sent command: ES
2026-01-28 16:42:16 - keyence_client - DEBUG - Received response: ES,0,000000037
2026-01-28 16:42:16 - keyence_client - DEBUG - Error status parts: ['ES', '0', '000000037']
2026-01-28 16:42:16 - __main__ - INFO - [2026-01-28 16:42:16] Status: NOT_READY | Text: '' | Job: 0
2026-01-28 16:42:17 - keyence_client - DEBUG - Sent command: RS
2026-01-28 16:42:17 - keyence_client - DEBUG - Received response: RS,1,S027
2026-01-28 16:42:17 - keyence_client - DEBUG - Ready status parts: ['RS', '1', 'S027']
2026-01-28 16:42:17 - keyence_client - DEBUG - Sent command: ES
2026-01-28 16:42:17 - keyence_client - DEBUG - Received response: ES,0,000000037
2026-01-28 16:42:17 - keyence_client - DEBUG - Error status parts: ['ES', '0', '000000037']
2026-01-28 16:42:17 - __main__ - INFO - [2026-01-28 16:42:17] Status: NOT_READY | Text: '' | Job: 0
2026-01-28 16:42:18 - keyence_client - DEBUG - Sent command: RS
2026-01-28 16:42:18 - keyence_client - DEBUG - Received response: RS,1,S027
2026-01-28 16:42:18 - keyence_client - DEBUG - Ready status parts: ['RS', '1', 'S027']
2026-01-28 16:42:18 - keyence_client - DEBUG - Sent command: ES
2026-01-28 16:42:18 - keyence_client - DEBUG - Received response: ES,0,000000037
2026-01-28 16:42:18 - keyence_client - DEBUG - Error status parts: ['ES', '0', '000000037']
2026-01-28 16:42:18 - __main__ - INFO - [2026-01-28 16:42:18] Status: NOT_READY | Text: '' | Job: 0
2026-01-28 16:42:19 - keyence_client - DEBUG - Sent command: RS
2026-01-28 16:42:19 - keyence_client - DEBUG - Received response: RS,1,S027
2026-01-28 16:42:19 - keyence_client - DEBUG - Ready status parts: ['RS', '1', 'S027']
2026-01-28 16:42:19 - keyence_client - DEBUG - Sent command: ES
2026-01-28 16:42:19 - keyence_client - DEBUG - Received response: ES,0,000000037
2026-01-28 16:42:19 - keyence_client - DEBUG - Error status parts: ['ES', '0', '000000037']
2026-01-28 16:42:19 - __main__ - INFO - [2026-01-28 16:42:19] Status: NOT_READY | Text: '' | Job: 0
2026-01-28 16:42:20 - keyence_client - DEBUG - Sent command: RS
2026-01-28 16:42:20 - keyence_client - DEBUG - Received response: RS,1,S027
2026-01-28 16:42:20 - keyence_client - DEBUG - Ready status parts: ['RS', '1', 'S027']
2026-01-28 16:42:20 - keyence_client - DEBUG - Sent command: ES
2026-01-28 16:42:20 - keyence_client - DEBUG - Received response: ES,0,000000037
2026-01-28 16:42:20 - keyence_client - DEBUG - Error status parts: ['ES', '0', '000000037']
2026-01-28 16:42:20 - __main__ - INFO - [2026-01-28 16:42:20] Status: NOT_READY | Text: '' | Job: 0
2026-01-28 16:42:21 - keyence_client - DEBUG - Sent command: RS
2026-01-28 16:42:21 - keyence_client - DEBUG - Received response: RS,1,S027
2026-01-28 16:42:21 - keyence_client - DEBUG - Ready status parts: ['RS', '1', 'S027']
2026-01-28 16:42:21 - keyence_client - DEBUG - Sent command: ES
2026-01-28 16:42:21 - keyence_client - DEBUG - Received response: ES,0,000000037
2026-01-28 16:42:21 - keyence_client - DEBUG - Error status parts: ['ES', '0', '000000037']
2026-01-28 16:42:21 - __main__ - INFO - [2026-01-28 16:42:21] Status: NOT_READY | Text: '' | Job: 0
2026-01-28 16:42:22 - keyence_client - DEBUG - Sent command: RS
2026-01-28 16:42:22 - keyence_client - DEBUG - Received response: RS,1,S027
2026-01-28 16:42:22 - keyence_client - DEBUG - Ready status parts: ['RS', '1', 'S027']
2026-01-28 16:42:22 - keyence_client - DEBUG - Sent command: ES
2026-01-28 16:42:22 - keyence_client - DEBUG - Received response: ES,0,000000037
2026-01-28 16:42:22 - keyence_client - DEBUG - Error status parts: ['ES', '0', '000000037']
2026-01-28 16:42:22 - __main__ - INFO - [2026-01-28 16:42:22] Status: NOT_READY | Text: '' | Job: 0
2026-01-28 16:42:23 - keyence_client - DEBUG - Sent command: RS
2026-01-28 16:42:23 - keyence_client - DEBUG - Received response: RS,1,S027
2026-01-28 16:42:23 - keyence_client - DEBUG - Ready status parts: ['RS', '1', 'S027']
2026-01-28 16:42:23 - keyence_client - DEBUG - Sent command: ES
2026-01-28 16:42:23 - keyence_client - DEBUG - Received response: ES,0,000000037
2026-01-28 16:42:23 - keyence_client - DEBUG - Error status parts: ['ES', '0', '000000037']
2026-01-28 16:42:23 - __main__ - INFO - [2026-01-28 16:42:23] Status: NOT_READY | Text: '' | Job: 0
2026-01-28 16:42:24 - keyence_client - DEBUG - Sent command: RS
2026-01-28 16:42:24 - keyence_client - DEBUG - Received response: RS,1,S027
2026-01-28 16:42:24 - keyence_client - DEBUG - Ready status parts: ['RS', '1', 'S027']
2026-01-28 16:42:24 - keyence_client - DEBUG - Sent command: ES
2026-01-28 16:42:24 - keyence_client - DEBUG - Received response: ES,0,000000037
2026-01-28 16:42:24 - keyence_client - DEBUG - Error status parts: ['ES', '0', '000000037']
2026-01-28 16:42:24 - __main__ - INFO - [2026-01-28 16:42:24] Status: NOT_READY | Text: '' | Job: 0
2026-01-28 16:42:25 - keyence_client - DEBUG - Sent command: RS
2026-01-28 16:42:25 - keyence_client - DEBUG - Received response: RS,1,S027
2026-01-28 16:42:25 - keyence_client - DEBUG - Ready status parts: ['RS', '1', 'S027']
2026-01-28 16:42:25 - keyence_client - DEBUG - Sent command: ES
2026-01-28 16:42:25 - keyence_client - DEBUG - Received response: ES,0,000000037
2026-01-28 16:42:25 - keyence_client - DEBUG - Error status parts: ['ES', '0', '000000037']
2026-01-28 16:42:25 - __main__ - INFO - [2026-01-28 16:42:25] Status: NOT_READY | Text: '' | Job: 0
2026-01-28 16:42:26 - keyence_client - DEBUG - Sent command: RS
2026-01-28 16:42:26 - keyence_client - DEBUG - Received response: RS,1,S027
2026-01-28 16:42:26 - keyence_client - DEBUG - Ready status parts: ['RS', '1', 'S027']
2026-01-28 16:42:26 - keyence_client - DEBUG - Sent command: ES
2026-01-28 16:42:26 - keyence_client - DEBUG - Received response: ES,0,000000037
2026-01-28 16:42:26 - keyence_client - DEBUG - Error status parts: ['ES', '0', '000000037']
2026-01-28 16:42:26 - __main__ - INFO - [2026-01-28 16:42:26] Status: NOT_READY | Text: '' | Job: 0
2026-01-28 16:42:27 - keyence_client - DEBUG - Sent command: RS
2026-01-28 16:42:27 - keyence_client - DEBUG - Received response: RS,1,S027
2026-01-28 16:42:27 - keyence_client - DEBUG - Ready status parts: ['RS', '1', 'S027']
2026-01-28 16:42:27 - keyence_client - DEBUG - Sent command: ES
2026-01-28 16:42:27 - keyence_client - DEBUG - Received response: ES,0,000000037
2026-01-28 16:42:27 - keyence_client - DEBUG - Error status parts: ['ES', '0', '000000037']
2026-01-28 16:42:27 - __main__ - INFO - [2026-01-28 16:42:27] Status: NOT_READY | Text: '' | Job: 0
2026-01-28 16:42:28 - keyence_client - DEBUG - Sent command: RS
2026-01-28 16:42:28 - keyence_client - DEBUG - Received response: RS,1,S027
2026-01-28 16:42:28 - keyence_client - DEBUG - Ready status parts: ['RS', '1', 'S027']
2026-01-28 16:42:28 - keyence_client - DEBUG - Sent command: ES
2026-01-28 16:42:28 - keyence_client - DEBUG - Received response: ES,0,000000037
2026-01-28 16:42:28 - keyence_client - DEBUG - Error status parts: ['ES', '0', '000000037']
2026-01-28 16:42:28 - __main__ - INFO - [2026-01-28 16:42:28] Status: NOT_READY | Text: '' | Job: 0
2026-01-28 16:42:29 - keyence_client - DEBUG - Sent command: RS
2026-01-28 16:42:29 - keyence_client - DEBUG - Received response: RS,1,S027
2026-01-28 16:42:29 - keyence_client - DEBUG - Ready status parts: ['RS', '1', 'S027']
2026-01-28 16:42:29 - keyence_client - DEBUG - Sent command: ES
2026-01-28 16:42:29 - keyence_client - DEBUG - Received response: ES,0,000000037
2026-01-28 16:42:29 - keyence_client - DEBUG - Error status parts: ['ES', '0', '000000037']
2026-01-28 16:42:29 - __main__ - INFO - [2026-01-28 16:42:29] Status: NOT_READY | Text: '' | Job: 0
2026-01-28 16:42:30 - keyence_client - DEBUG - Sent command: RS
2026-01-28 16:42:30 - keyence_client - DEBUG - Received response: RS,1,S027
2026-01-28 16:42:30 - keyence_client - DEBUG - Ready status parts: ['RS', '1', 'S027']
2026-01-28 16:42:30 - keyence_client - DEBUG - Sent command: ES
2026-01-28 16:42:30 - keyence_client - DEBUG - Received response: ES,0,000000037
2026-01-28 16:42:30 - keyence_client - DEBUG - Error status parts: ['ES', '0', '000000037']
2026-01-28 16:42:30 - __main__ - INFO - [2026-01-28 16:42:30] Status: NOT_READY | Text: '' | Job: 0
2026-01-28 16:42:31 - keyence_client - DEBUG - Sent command: RS
2026-01-28 16:42:31 - keyence_client - DEBUG - Received response: RS,1,S027
2026-01-28 16:42:31 - keyence_client - DEBUG - Ready status parts: ['RS', '1', 'S027']
2026-01-28 16:42:31 - keyence_client - DEBUG - Sent command: ES
2026-01-28 16:42:31 - keyence_client - DEBUG - Received response: ES,0,000000037
2026-01-28 16:42:31 - keyence_client - DEBUG - Error status parts: ['ES', '0', '000000037']
2026-01-28 16:42:31 - __main__ - INFO - [2026-01-28 16:42:31] Status: NOT_READY | Text: '' | Job: 0
2026-01-28 16:42:32 - keyence_client - DEBUG - Sent command: RS
2026-01-28 16:42:32 - keyence_client - DEBUG - Received response: RS,1,S027
2026-01-28 16:42:32 - keyence_client - DEBUG - Ready status parts: ['RS', '1', 'S027']
2026-01-28 16:42:32 - keyence_client - DEBUG - Sent command: ES
2026-01-28 16:42:32 - keyence_client - DEBUG - Received response: ES,0,000000037
2026-01-28 16:42:32 - keyence_client - DEBUG - Error status parts: ['ES', '0', '000000037']
2026-01-28 16:42:32 - __main__ - INFO - [2026-01-28 16:42:32] Status: NOT_READY | Text: '' | Job: 0
2026-01-28 16:42:33 - keyence_client - DEBUG - Sent command: RS
2026-01-28 16:42:33 - keyence_client - DEBUG - Received response: RS,1,S027
2026-01-28 16:42:33 - keyence_client - DEBUG - Ready status parts: ['RS', '1', 'S027']
2026-01-28 16:42:33 - keyence_client - DEBUG - Sent command: ES
2026-01-28 16:42:33 - keyence_client - DEBUG - Received response: ES,0,000000037
2026-01-28 16:42:33 - keyence_client - DEBUG - Error status parts: ['ES', '0', '000000037']
2026-01-28 16:42:33 - __main__ - INFO - [2026-01-28 16:42:33] Status: NOT_READY | Text: '' | Job: 0
2026-01-28 16:42:34 - keyence_client - DEBUG - Sent command: RS
2026-01-28 16:42:34 - keyence_client - DEBUG - Received response: RS,1,S027
2026-01-28 16:42:34 - keyence_client - DEBUG - Ready status parts: ['RS', '1', 'S027']
2026-01-28 16:42:34 - keyence_client - DEBUG - Sent command: ES
2026-01-28 16:42:34 - keyence_client - DEBUG - Received response: ES,0,000000037
2026-01-28 16:42:34 - keyence_client - DEBUG - Error status parts: ['ES', '0', '000000037']
2026-01-28 16:42:34 - __main__ - INFO - [2026-01-28 16:42:34] Status: NOT_READY | Text: '' | Job: 0
2026-01-28 16:42:35 - keyence_client - DEBUG - Sent command: RS
2026-01-28 16:42:35 - keyence_client - DEBUG - Received response: RS,1,S027
2026-01-28 16:42:35 - keyence_client - DEBUG - Ready status parts: ['RS', '1', 'S027']
2026-01-28 16:42:35 - keyence_client - DEBUG - Sent command: ES
2026-01-28 16:42:35 - keyence_client - DEBUG - Received response: ES,0,000000037
2026-01-28 16:42:35 - keyence_client - DEBUG - Error status parts: ['ES', '0', '000000037']
2026-01-28 16:42:35 - __main__ - INFO - [2026-01-28 16:42:35] Status: NOT_READY | Text: '' | Job: 0
2026-01-28 16:42:36 - keyence_client - DEBUG - Sent command: RS
2026-01-28 16:42:36 - keyence_client - DEBUG - Received response: RS,1,S027
2026-01-28 16:42:36 - keyence_client - DEBUG - Ready status parts: ['RS', '1', 'S027']
2026-01-28 16:42:36 - keyence_client - DEBUG - Sent command: ES
2026-01-28 16:42:36 - keyence_client - DEBUG - Received response: ES,0,000000037
2026-01-28 16:42:36 - keyence_client - DEBUG - Error status parts: ['ES', '0', '000000037']
2026-01-28 16:42:36 - __main__ - INFO - [2026-01-28 16:42:36] Status: NOT_READY | Text: '' | Job: 0
2026-01-28 16:42:37 - keyence_client - DEBUG - Sent command: RS
2026-01-28 16:42:37 - keyence_client - DEBUG - Received response: RS,1,S027
2026-01-28 16:42:37 - keyence_client - DEBUG - Ready status parts: ['RS', '1', 'S027']
2026-01-28 16:42:37 - keyence_client - DEBUG - Sent command: ES
2026-01-28 16:42:37 - keyence_client - DEBUG - Received response: ES,0,000000037
2026-01-28 16:42:37 - keyence_client - DEBUG - Error status parts: ['ES', '0', '000000037']
2026-01-28 16:42:37 - __main__ - INFO - [2026-01-28 16:42:37] Status: NOT_READY | Text: '' | Job: 0
2026-01-28 16:42:38 - keyence_client - DEBUG - Sent command: RS
2026-01-28 16:42:38 - keyence_client - DEBUG - Received response: RS,1,S027
2026-01-28 16:42:38 - keyence_client - DEBUG - Ready status parts: ['RS', '1', 'S027']
2026-01-28 16:42:38 - keyence_client - DEBUG - Sent command: ES
2026-01-28 16:42:38 - keyence_client - DEBUG - Received response: ES,0,000000037
2026-01-28 16:42:38 - keyence_client - DEBUG - Error status parts: ['ES', '0', '000000037']
2026-01-28 16:42:38 - __main__ - INFO - [2026-01-28 16:42:38] Status: NOT_READY | Text: '' | Job: 0
2026-01-28 16:42:39 - keyence_client - DEBUG - Sent command: RS
2026-01-28 16:42:39 - keyence_client - DEBUG - Received response: RS,1,S027
2026-01-28 16:42:39 - keyence_client - DEBUG - Ready status parts: ['RS', '1', 'S027']
2026-01-28 16:42:39 - keyence_client - DEBUG - Sent command: ES
2026-01-28 16:42:39 - keyence_client - DEBUG - Received response: ES,0,000000037
2026-01-28 16:42:39 - keyence_client - DEBUG - Error status parts: ['ES', '0', '000000037']
2026-01-28 16:42:39 - __main__ - INFO - [2026-01-28 16:42:39] Status: NOT_READY | Text: '' | Job: 0
2026-01-28 16:42:40 - keyence_client - DEBUG - Sent command: RS
2026-01-28 16:42:40 - keyence_client - DEBUG - Received response: RS,1,S027
2026-01-28 16:42:40 - keyence_client - DEBUG - Ready status parts: ['RS', '1', 'S027']
2026-01-28 16:42:40 - keyence_client - DEBUG - Sent command: ES
2026-01-28 16:42:40 - keyence_client - DEBUG - Received response: ES,0,000000037
2026-01-28 16:42:40 - keyence_client - DEBUG - Error status parts: ['ES', '0', '000000037']
2026-01-28 16:42:40 - __main__ - INFO - [2026-01-28 16:42:40] Status: NOT_READY | Text: '' | Job: 0
2026-01-28 16:42:41 - keyence_client - DEBUG - Sent command: RS
2026-01-28 16:42:41 - keyence_client - DEBUG - Received response: RS,1,S027
2026-01-28 16:42:41 - keyence_client - DEBUG - Ready status parts: ['RS', '1', 'S027']
2026-01-28 16:42:41 - keyence_client - DEBUG - Sent command: ES
2026-01-28 16:42:41 - keyence_client - DEBUG - Received response: ES,0,000000037
2026-01-28 16:42:41 - keyence_client - DEBUG - Error status parts: ['ES', '0', '000000037']
2026-01-28 16:42:41 - __main__ - INFO - [2026-01-28 16:42:41] Status: NOT_READY | Text: '' | Job: 0
2026-01-28 16:42:42 - keyence_client - DEBUG - Sent command: RS
2026-01-28 16:42:42 - keyence_client - DEBUG - Received response: RS,1,S027
2026-01-28 16:42:42 - keyence_client - DEBUG - Ready status parts: ['RS', '1', 'S027']
2026-01-28 16:42:42 - keyence_client - DEBUG - Sent command: ES
2026-01-28 16:42:42 - keyence_client - DEBUG - Received response: ES,0,000000037
2026-01-28 16:42:42 - keyence_client - DEBUG - Error status parts: ['ES', '0', '000000037']
2026-01-28 16:42:42 - __main__ - INFO - [2026-01-28 16:42:42] Status: NOT_READY | Text: '' | Job: 0
2026-01-28 16:42:43 - keyence_client - DEBUG - Sent command: RS
2026-01-28 16:42:43 - keyence_client - DEBUG - Received response: RS,1,S027
2026-01-28 16:42:43 - keyence_client - DEBUG - Ready status parts: ['RS', '1', 'S027']
2026-01-28 16:42:43 - keyence_client - DEBUG - Sent command: ES
2026-01-28 16:42:43 - keyence_client - DEBUG - Received response: ES,0,000000037
2026-01-28 16:42:43 - keyence_client - DEBUG - Error status parts: ['ES', '0', '000000037']
2026-01-28 16:42:43 - __main__ - INFO - [2026-01-28 16:42:43] Status: NOT_READY | Text: '' | Job: 0
2026-01-28 16:42:44 - keyence_client - DEBUG - Sent command: RS
2026-01-28 16:42:44 - keyence_client - DEBUG - Received response: RS,1,S027
2026-01-28 16:42:44 - keyence_client - DEBUG - Ready status parts: ['RS', '1', 'S027']
2026-01-28 16:42:44 - keyence_client - DEBUG - Sent command: ES
2026-01-28 16:42:44 - keyence_client - DEBUG - Received response: ES,0,000000037
2026-01-28 16:42:44 - keyence_client - DEBUG - Error status parts: ['ES', '0', '000000037']
2026-01-28 16:42:44 - __main__ - INFO - [2026-01-28 16:42:44] Status: NOT_READY | Text: '' | Job: 0
2026-01-28 16:42:45 - keyence_client - DEBUG - Sent command: RS
2026-01-28 16:42:45 - keyence_client - DEBUG - Received response: RS,1,S027
2026-01-28 16:42:45 - keyence_client - DEBUG - Ready status parts: ['RS', '1', 'S027']
2026-01-28 16:42:45 - keyence_client - DEBUG - Sent command: ES
2026-01-28 16:42:45 - keyence_client - DEBUG - Received response: ES,0,000000037
2026-01-28 16:42:45 - keyence_client - DEBUG - Error status parts: ['ES', '0', '000000037']
2026-01-28 16:42:45 - __main__ - INFO - [2026-01-28 16:42:45] Status: NOT_READY | Text: '' | Job: 0
2026-01-28 16:42:46 - keyence_client - DEBUG - Sent command: RS
2026-01-28 16:42:46 - keyence_client - DEBUG - Received response: RS,1,S027
2026-01-28 16:42:46 - keyence_client - DEBUG - Ready status parts: ['RS', '1', 'S027']
2026-01-28 16:42:46 - keyence_client - DEBUG - Sent command: ES
2026-01-28 16:42:46 - keyence_client - DEBUG - Received response: ES,0,000000037
2026-01-28 16:42:46 - keyence_client - DEBUG - Error status parts: ['ES', '0', '000000037']
2026-01-28 16:42:46 - __main__ - INFO - [2026-01-28 16:42:46] Status: NOT_READY | Text: '' | Job: 0
2026-01-28 16:42:47 - keyence_client - DEBUG - Sent command: RS
2026-01-28 16:42:47 - keyence_client - DEBUG - Received response: RS,1,S027
2026-01-28 16:42:47 - keyence_client - DEBUG - Ready status parts: ['RS', '1', 'S027']
2026-01-28 16:42:47 - keyence_client - DEBUG - Sent command: ES
2026-01-28 16:42:47 - keyence_client - DEBUG - Received response: ES,0,000000037
2026-01-28 16:42:47 - keyence_client - DEBUG - Error status parts: ['ES', '0', '000000037']
2026-01-28 16:42:47 - __main__ - INFO - [2026-01-28 16:42:47] Status: NOT_READY | Text: '' | Job: 0
2026-01-28 16:42:48 - keyence_client - DEBUG - Sent command: RS
2026-01-28 16:42:48 - keyence_client - DEBUG - Received response: RS,1,S027
2026-01-28 16:42:48 - keyence_client - DEBUG - Ready status parts: ['RS', '1', 'S027']
2026-01-28 16:42:48 - keyence_client - DEBUG - Sent command: ES
2026-01-28 16:42:48 - keyence_client - DEBUG - Received response: ES,0,000000037
2026-01-28 16:42:48 - keyence_client - DEBUG - Error status parts: ['ES', '0', '000000037']
2026-01-28 16:42:48 - __main__ - INFO - [2026-01-28 16:42:48] Status: NOT_READY | Text: '' | Job: 0
2026-01-28 16:42:49 - keyence_client - DEBUG - Sent command: RS
2026-01-28 16:42:49 - keyence_client - DEBUG - Received response: RS,1,S027
2026-01-28 16:42:49 - keyence_client - DEBUG - Ready status parts: ['RS', '1', 'S027']
2026-01-28 16:42:49 - keyence_client - DEBUG - Sent command: ES
2026-01-28 16:42:49 - keyence_client - DEBUG - Received response: ES,0,000000037
2026-01-28 16:42:49 - keyence_client - DEBUG - Error status parts: ['ES', '0', '000000037']
2026-01-28 16:42:49 - __main__ - INFO - [2026-01-28 16:42:49] Status: NOT_READY | Text: '' | Job: 0
2026-01-28 16:42:50 - keyence_client - DEBUG - Sent command: RS
2026-01-28 16:42:50 - keyence_client - DEBUG - Received response: RS,1,S027
2026-01-28 16:42:50 - keyence_client - DEBUG - Ready status parts: ['RS', '1', 'S027']
2026-01-28 16:42:50 - keyence_client - DEBUG - Sent command: ES
2026-01-28 16:42:50 - keyence_client - DEBUG - Received response: ES,0,000000037
2026-01-28 16:42:50 - keyence_client - DEBUG - Error status parts: ['ES', '0', '000000037']
2026-01-28 16:42:50 - __main__ - INFO - [2026-01-28 16:42:50] Status: NOT_READY | Text: '' | Job: 0
2026-01-28 16:42:51 - keyence_client - DEBUG - Sent command: RS
2026-01-28 16:42:51 - keyence_client - DEBUG - Received response: RS,1,S027
2026-01-28 16:42:51 - keyence_client - DEBUG - Ready status parts: ['RS', '1', 'S027']
2026-01-28 16:42:51 - keyence_client - DEBUG - Sent command: ES
2026-01-28 16:42:51 - keyence_client - DEBUG - Received response: ES,0,000000037
2026-01-28 16:42:51 - keyence_client - DEBUG - Error status parts: ['ES', '0', '000000037']
2026-01-28 16:42:51 - __main__ - INFO - [2026-01-28 16:42:51] Status: NOT_READY | Text: '' | Job: 0
2026-01-28 16:42:52 - keyence_client - DEBUG - Sent command: RS
2026-01-28 16:42:52 - keyence_client - DEBUG - Received response: RS,1,S027
2026-01-28 16:42:52 - keyence_client - DEBUG - Ready status parts: ['RS', '1', 'S027']
2026-01-28 16:42:52 - keyence_client - DEBUG - Sent command: ES
2026-01-28 16:42:52 - keyence_client - DEBUG - Received response: ES,0,000000037
2026-01-28 16:42:52 - keyence_client - DEBUG - Error status parts: ['ES', '0', '000000037']
2026-01-28 16:42:52 - __main__ - INFO - [2026-01-28 16:42:52] Status: NOT_READY | Text: '' | Job: 0
2026-01-28 16:42:53 - keyence_client - DEBUG - Sent command: RS
2026-01-28 16:42:53 - keyence_client - DEBUG - Received response: RS,1,S027
2026-01-28 16:42:53 - keyence_client - DEBUG - Ready status parts: ['RS', '1', 'S027']
2026-01-28 16:42:53 - keyence_client - DEBUG - Sent command: ES
2026-01-28 16:42:53 - keyence_client - DEBUG - Received response: ES,0,000000037
2026-01-28 16:42:53 - keyence_client - DEBUG - Error status parts: ['ES', '0', '000000037']
2026-01-28 16:42:53 - __main__ - INFO - [2026-01-28 16:42:53] Status: NOT_READY | Text: '' | Job: 0
2026-01-28 16:42:54 - keyence_client - DEBUG - Sent command: RS
2026-01-28 16:42:54 - keyence_client - DEBUG - Received response: RS,1,S027
2026-01-28 16:42:54 - keyence_client - DEBUG - Ready status parts: ['RS', '1', 'S027']
2026-01-28 16:42:54 - keyence_client - DEBUG - Sent command: ES
2026-01-28 16:42:54 - keyence_client - DEBUG - Received response: ES,0,000000037
2026-01-28 16:42:54 - keyence_client - DEBUG - Error status parts: ['ES', '0', '000000037']
2026-01-28 16:42:54 - __main__ - INFO - [2026-01-28 16:42:54] Status: NOT_READY | Text: '' | Job: 0
2026-01-28 16:42:55 - keyence_client - DEBUG - Sent command: RS
2026-01-28 16:42:55 - keyence_client - DEBUG - Received response: RS,1,S027
2026-01-28 16:42:55 - keyence_client - DEBUG - Ready status parts: ['RS', '1', 'S027']
2026-01-28 16:42:55 - keyence_client - DEBUG - Sent command: ES
2026-01-28 16:42:55 - keyence_client - DEBUG - Received response: ES,0,000000037
2026-01-28 16:42:55 - keyence_client - DEBUG - Error status parts: ['ES', '0', '000000037']
2026-01-28 16:42:55 - __main__ - INFO - [2026-01-28 16:42:55] Status: NOT_READY | Text: '' | Job: 0
2026-01-28 16:42:56 - keyence_client - DEBUG - Sent command: RS
2026-01-28 16:42:56 - keyence_client - DEBUG - Received response: RS,1,S027
2026-01-28 16:42:56 - keyence_client - DEBUG - Ready status parts: ['RS', '1', 'S027']
2026-01-28 16:42:56 - keyence_client - DEBUG - Sent command: ES
2026-01-28 16:42:56 - keyence_client - DEBUG - Received response: ES,0,000000037
2026-01-28 16:42:56 - keyence_client - DEBUG - Error status parts: ['ES', '0', '000000037']
2026-01-28 16:42:56 - __main__ - INFO - [2026-01-28 16:42:56] Status: NOT_READY | Text: '' | Job: 0
2026-01-28 16:42:57 - keyence_client - DEBUG - Sent command: RS
2026-01-28 16:42:57 - keyence_client - DEBUG - Received response: RS,1,S027
2026-01-28 16:42:57 - keyence_client - DEBUG - Ready status parts: ['RS', '1', 'S027']
2026-01-28 16:42:57 - keyence_client - DEBUG - Sent command: ES
2026-01-28 16:42:57 - keyence_client - DEBUG - Received response: ES,0,000000037
2026-01-28 16:42:57 - keyence_client - DEBUG - Error status parts: ['ES', '0', '000000037']
2026-01-28 16:42:57 - __main__ - INFO - [2026-01-28 16:42:57] Status: NOT_READY | Text: '' | Job: 0
2026-01-28 16:42:58 - keyence_client - DEBUG - Sent command: RS
2026-01-28 16:42:58 - keyence_client - DEBUG - Received response: RS,1,S027
2026-01-28 16:42:58 - keyence_client - DEBUG - Ready status parts: ['RS', '1', 'S027']
2026-01-28 16:42:58 - keyence_client - DEBUG - Sent command: ES
2026-01-28 16:42:58 - keyence_client - DEBUG - Received response: ES,0,000000037
2026-01-28 16:42:58 - keyence_client - DEBUG - Error status parts: ['ES', '0', '000000037']
2026-01-28 16:42:58 - __main__ - INFO - [2026-01-28 16:42:58] Status: NOT_READY | Text: '' | Job: 0
2026-01-28 16:42:59 - keyence_client - DEBUG - Sent command: RS
2026-01-28 16:42:59 - keyence_client - DEBUG - Received response: RS,1,S027
2026-01-28 16:42:59 - keyence_client - DEBUG - Ready status parts: ['RS', '1', 'S027']
2026-01-28 16:42:59 - keyence_client - DEBUG - Sent command: ES
2026-01-28 16:42:59 - keyence_client - DEBUG - Received response: ES,0,000000037
2026-01-28 16:42:59 - keyence_client - DEBUG - Error status parts: ['ES', '0', '000000037']
2026-01-28 16:42:59 - __main__ - INFO - [2026-01-28 16:42:59] Status: NOT_READY | Text: '' | Job: 0
2026-01-28 16:43:00 - keyence_client - DEBUG - Sent command: RS
2026-01-28 16:43:00 - keyence_client - DEBUG - Received response: RS,1,S027
2026-01-28 16:43:00 - keyence_client - DEBUG - Ready status parts: ['RS', '1', 'S027']
2026-01-28 16:43:00 - keyence_client - DEBUG - Sent command: ES
2026-01-28 16:43:00 - keyence_client - DEBUG - Received response: ES,0,000000037
2026-01-28 16:43:00 - keyence_client - DEBUG - Error status parts: ['ES', '0', '000000037']
2026-01-28 16:43:00 - __main__ - INFO - [2026-01-28 16:43:00] Status: NOT_READY | Text: '' | Job: 0
2026-01-28 16:43:01 - keyence_client - DEBUG - Sent command: RS
2026-01-28 16:43:01 - keyence_client - DEBUG - Received response: RS,1,S027
2026-01-28 16:43:01 - keyence_client - DEBUG - Ready status parts: ['RS', '1', 'S027']
2026-01-28 16:43:01 - keyence_client - DEBUG - Sent command: ES
2026-01-28 16:43:01 - keyence_client - DEBUG - Received response: ES,0,000000037
2026-01-28 16:43:01 - keyence_client - DEBUG - Error status parts: ['ES', '0', '000000037']
2026-01-28 16:43:01 - __main__ - INFO - [2026-01-28 16:43:01] Status: NOT_READY | Text: '' | Job: 0
2026-01-28 16:43:02 - keyence_client - DEBUG - Sent command: RS
2026-01-28 16:43:02 - keyence_client - DEBUG - Received response: RS,1,S027
2026-01-28 16:43:02 - keyence_client - DEBUG - Ready status parts: ['RS', '1', 'S027']
2026-01-28 16:43:02 - keyence_client - DEBUG - Sent command: ES
2026-01-28 16:43:02 - keyence_client - DEBUG - Received response: ES,0,000000037
2026-01-28 16:43:02 - keyence_client - DEBUG - Error status parts: ['ES', '0', '000000037']
2026-01-28 16:43:02 - __main__ - INFO - [2026-01-28 16:43:02] Status: NOT_READY | Text: '' | Job: 0
2026-01-28 16:43:03 - keyence_client - DEBUG - Sent command: RS
2026-01-28 16:43:03 - keyence_client - DEBUG - Received response: RS,1,S027
2026-01-28 16:43:03 - keyence_client - DEBUG - Ready status parts: ['RS', '1', 'S027']
2026-01-28 16:43:03 - keyence_client - DEBUG - Sent command: ES
2026-01-28 16:43:03 - keyence_client - DEBUG - Received response: ES,0,000000037
2026-01-28 16:43:03 - keyence_client - DEBUG - Error status parts: ['ES', '0', '000000037']
2026-01-28 16:43:03 - __main__ - INFO - [2026-01-28 16:43:03] Status: NOT_READY | Text: '' | Job: 0
2026-01-28 16:43:04 - keyence_client - DEBUG - Sent command: RS
2026-01-28 16:43:04 - keyence_client - DEBUG - Received response: RS,1,S027
2026-01-28 16:43:04 - keyence_client - DEBUG - Ready status parts: ['RS', '1', 'S027']
2026-01-28 16:43:04 - keyence_client - DEBUG - Sent command: ES
2026-01-28 16:43:04 - keyence_client - DEBUG - Received response: ES,0,000000037
2026-01-28 16:43:04 - keyence_client - DEBUG - Error status parts: ['ES', '0', '000000037']
2026-01-28 16:43:04 - __main__ - INFO - [2026-01-28 16:43:04] Status: NOT_READY | Text: '' | Job: 0
2026-01-28 16:43:05 - keyence_client - DEBUG - Sent command: RS
2026-01-28 16:43:05 - keyence_client - DEBUG - Received response: RS,1,S027
2026-01-28 16:43:05 - keyence_client - DEBUG - Ready status parts: ['RS', '1', 'S027']
2026-01-28 16:43:05 - keyence_client - DEBUG - Sent command: ES
2026-01-28 16:43:05 - keyence_client - DEBUG - Received response: ES,0,000000037
2026-01-28 16:43:05 - keyence_client - DEBUG - Error status parts: ['ES', '0', '000000037']
2026-01-28 16:43:05 - __main__ - INFO - [2026-01-28 16:43:05] Status: NOT_READY | Text: '' | Job: 0
2026-01-28 16:43:06 - keyence_client - DEBUG - Sent command: RS
2026-01-28 16:43:06 - keyence_client - DEBUG - Received response: RS,1,S027
2026-01-28 16:43:06 - keyence_client - DEBUG - Ready status parts: ['RS', '1', 'S027']
2026-01-28 16:43:06 - keyence_client - DEBUG - Sent command: ES
2026-01-28 16:43:06 - keyence_client - DEBUG - Received response: ES,0,000000037
2026-01-28 16:43:06 - keyence_client - DEBUG - Error status parts: ['ES', '0', '000000037']
2026-01-28 16:43:06 - __main__ - INFO - [2026-01-28 16:43:06] Status: NOT_READY | Text: '' | Job: 0
2026-01-28 16:43:07 - keyence_client - DEBUG - Sent command: RS
2026-01-28 16:43:07 - keyence_client - DEBUG - Received response: RS,1,S027
2026-01-28 16:43:07 - keyence_client - DEBUG - Ready status parts: ['RS', '1', 'S027']
2026-01-28 16:43:07 - keyence_client - DEBUG - Sent command: ES
2026-01-28 16:43:07 - keyence_client - DEBUG - Received response: ES,0,000000037
2026-01-28 16:43:07 - keyence_client - DEBUG - Error status parts: ['ES', '0', '000000037']
2026-01-28 16:43:07 - __main__ - INFO - [2026-01-28 16:43:07] Status: NOT_READY | Text: '' | Job: 0
2026-01-28 16:43:08 - keyence_client - DEBUG - Sent command: RS
2026-01-28 16:43:08 - keyence_client - DEBUG - Received response: RS,1,S027
2026-01-28 16:43:08 - keyence_client - DEBUG - Ready status parts: ['RS', '1', 'S027']
2026-01-28 16:43:08 - keyence_client - DEBUG - Sent command: ES
2026-01-28 16:43:08 - keyence_client - DEBUG - Received response: ES,0,000000037
2026-01-28 16:43:08 - keyence_client - DEBUG - Error status parts: ['ES', '0', '000000037']
2026-01-28 16:43:08 - __main__ - INFO - [2026-01-28 16:43:08] Status: NOT_READY | Text: '' | Job: 0
2026-01-28 16:43:09 - keyence_client - DEBUG - Sent command: RS
2026-01-28 16:43:09 - keyence_client - DEBUG - Received response: RS,1,S027
2026-01-28 16:43:09 - keyence_client - DEBUG - Ready status parts: ['RS', '1', 'S027']
2026-01-28 16:43:09 - keyence_client - DEBUG - Sent command: ES
2026-01-28 16:43:09 - keyence_client - DEBUG - Received response: ES,0,000000037
2026-01-28 16:43:09 - keyence_client - DEBUG - Error status parts: ['ES', '0', '000000037']
2026-01-28 16:43:09 - __main__ - INFO - [2026-01-28 16:43:09] Status: NOT_READY | Text: '' | Job: 0
2026-01-28 16:43:10 - keyence_client - DEBUG - Sent command: RS
2026-01-28 16:43:10 - keyence_client - DEBUG - Received response: RS,1,S027
2026-01-28 16:43:10 - keyence_client - DEBUG - Ready status parts: ['RS', '1', 'S027']
2026-01-28 16:43:10 - keyence_client - DEBUG - Sent command: ES
2026-01-28 16:43:10 - keyence_client - DEBUG - Received response: ES,0,000000037
2026-01-28 16:43:10 - keyence_client - DEBUG - Error status parts: ['ES', '0', '000000037']
2026-01-28 16:43:10 - __main__ - INFO - [2026-01-28 16:43:10] Status: NOT_READY | Text: '' | Job: 0
2026-01-28 16:43:11 - keyence_client - DEBUG - Sent command: RS
2026-01-28 16:43:11 - keyence_client - DEBUG - Received response: RS,1,S027
2026-01-28 16:43:11 - keyence_client - DEBUG - Ready status parts: ['RS', '1', 'S027']
2026-01-28 16:43:11 - keyence_client - DEBUG - Sent command: ES
2026-01-28 16:43:11 - keyence_client - DEBUG - Received response: ES,0,000000037
2026-01-28 16:43:11 - keyence_client - DEBUG - Error status parts: ['ES', '0', '000000037']
2026-01-28 16:43:11 - __main__ - INFO - [2026-01-28 16:43:11] Status: NOT_READY | Text: '' | Job: 0
2026-01-28 16:43:12 - keyence_client - DEBUG - Sent command: RS
2026-01-28 16:43:12 - keyence_client - DEBUG - Received response: RS,1,S027
2026-01-28 16:43:12 - keyence_client - DEBUG - Ready status parts: ['RS', '1', 'S027']
2026-01-28 16:43:12 - keyence_client - DEBUG - Sent command: ES
2026-01-28 16:43:12 - keyence_client - DEBUG - Received response: ES,0,000000037
2026-01-28 16:43:12 - keyence_client - DEBUG - Error status parts: ['ES', '0', '000000037']
2026-01-28 16:43:12 - __main__ - INFO - [2026-01-28 16:43:12] Status: NOT_READY | Text: '' | Job: 0
2026-01-28 16:43:13 - keyence_client - DEBUG - Sent command: RS
2026-01-28 16:43:13 - keyence_client - DEBUG - Received response: RS,1,S027
2026-01-28 16:43:13 - keyence_client - DEBUG - Ready status parts: ['RS', '1', 'S027']
2026-01-28 16:43:13 - keyence_client - DEBUG - Sent command: ES
2026-01-28 16:43:13 - keyence_client - DEBUG - Received response: ES,0,000000037
2026-01-28 16:43:13 - keyence_client - DEBUG - Error status parts: ['ES', '0', '000000037']
2026-01-28 16:43:13 - __main__ - INFO - [2026-01-28 16:43:13] Status: NOT_READY | Text: '' | Job: 0
2026-01-28 16:43:14 - keyence_client - DEBUG - Sent command: RS
2026-01-28 16:43:14 - keyence_client - DEBUG - Received response: RS,1,S027
2026-01-28 16:43:14 - keyence_client - DEBUG - Ready status parts: ['RS', '1', 'S027']
2026-01-28 16:43:14 - keyence_client - DEBUG - Sent command: ES
2026-01-28 16:43:14 - keyence_client - DEBUG - Received response: ES,0,000000037
2026-01-28 16:43:14 - keyence_client - DEBUG - Error status parts: ['ES', '0', '000000037']
2026-01-28 16:43:14 - __main__ - INFO - [2026-01-28 16:43:14] Status: NOT_READY | Text: '' | Job: 0
2026-01-28 16:43:15 - keyence_client - DEBUG - Sent command: RS
2026-01-28 16:43:15 - keyence_client - DEBUG - Received response: RS,1,S027
2026-01-28 16:43:15 - keyence_client - DEBUG - Ready status parts: ['RS', '1', 'S027']
2026-01-28 16:43:15 - keyence_client - DEBUG - Sent command: ES
2026-01-28 16:43:15 - keyence_client - DEBUG - Received response: ES,0,000000037
2026-01-28 16:43:15 - keyence_client - DEBUG - Error status parts: ['ES', '0', '000000037']
2026-01-28 16:43:15 - __main__ - INFO - [2026-01-28 16:43:15] Status: NOT_READY | Text: '' | Job: 0
2026-01-28 16:43:16 - keyence_client - DEBUG - Sent command: RS
2026-01-28 16:43:16 - keyence_client - DEBUG - Received response: RS,1,S027
2026-01-28 16:43:16 - keyence_client - DEBUG - Ready status parts: ['RS', '1', 'S027']
2026-01-28 16:43:16 - keyence_client - DEBUG - Sent command: ES
2026-01-28 16:43:16 - keyence_client - DEBUG - Received response: ES,0,000000037
2026-01-28 16:43:16 - keyence_client - DEBUG - Error status parts: ['ES', '0', '000000037']
2026-01-28 16:43:16 - __main__ - INFO - [2026-01-28 16:43:16] Status: NOT_READY | Text: '' | Job: 0
2026-01-28 16:43:17 - keyence_client - DEBUG - Sent command: RS
2026-01-28 16:43:17 - keyence_client - DEBUG - Received response: RS,1,S027
2026-01-28 16:43:17 - keyence_client - DEBUG - Ready status parts: ['RS', '1', 'S027']
2026-01-28 16:43:17 - keyence_client - DEBUG - Sent command: ES
2026-01-28 16:43:17 - keyence_client - DEBUG - Received response: ES,0,000000037
2026-01-28 16:43:17 - keyence_client - DEBUG - Error status parts: ['ES', '0', '000000037']
2026-01-28 16:43:17 - __main__ - INFO - [2026-01-28 16:43:17] Status: NOT_READY | Text: '' | Job: 0
2026-01-28 16:43:18 - keyence_client - DEBUG - Sent command: RS
2026-01-28 16:43:18 - keyence_client - DEBUG - Received response: RS,1,S027
2026-01-28 16:43:18 - keyence_client - DEBUG - Ready status parts: ['RS', '1', 'S027']
2026-01-28 16:43:18 - keyence_client - DEBUG - Sent command: ES
2026-01-28 16:43:18 - keyence_client - DEBUG - Received response: ES,0,000000037
2026-01-28 16:43:18 - keyence_client - DEBUG - Error status parts: ['ES', '0', '000000037']
2026-01-28 16:43:18 - __main__ - INFO - [2026-01-28 16:43:18] Status: NOT_READY | Text: '' | Job: 0
2026-01-28 16:43:19 - keyence_client - DEBUG - Sent command: RS
2026-01-28 16:43:19 - keyence_client - DEBUG - Received response: RS,1,S027
2026-01-28 16:43:19 - keyence_client - DEBUG - Ready status parts: ['RS', '1', 'S027']
2026-01-28 16:43:19 - keyence_client - DEBUG - Sent command: ES
2026-01-28 16:43:19 - keyence_client - DEBUG - Received response: ES,0,000000037
2026-01-28 16:43:19 - keyence_client - DEBUG - Error status parts: ['ES', '0', '000000037']
2026-01-28 16:43:19 - __main__ - INFO - [2026-01-28 16:43:19] Status: NOT_READY | Text: '' | Job: 0
2026-01-28 16:43:20 - keyence_client - DEBUG - Sent command: RS
2026-01-28 16:43:20 - keyence_client - DEBUG - Received response: RS,1,S027
2026-01-28 16:43:20 - keyence_client - DEBUG - Ready status parts: ['RS', '1', 'S027']
2026-01-28 16:43:20 - keyence_client - DEBUG - Sent command: ES
2026-01-28 16:43:20 - keyence_client - DEBUG - Received response: ES,0,000000037
2026-01-28 16:43:20 - keyence_client - DEBUG - Error status parts: ['ES', '0', '000000037']
2026-01-28 16:43:20 - __main__ - INFO - [2026-01-28 16:43:20] Status: NOT_READY | Text: '' | Job: 0
2026-01-28 16:43:21 - keyence_client - DEBUG - Sent command: RS
2026-01-28 16:43:21 - keyence_client - DEBUG - Received response: RS,1,S027
2026-01-28 16:43:21 - keyence_client - DEBUG - Ready status parts: ['RS', '1', 'S027']
2026-01-28 16:43:21 - keyence_client - DEBUG - Sent command: ES
2026-01-28 16:43:21 - keyence_client - DEBUG - Received response: ES,0,000000037
2026-01-28 16:43:21 - keyence_client - DEBUG - Error status parts: ['ES', '0', '000000037']
2026-01-28 16:43:21 - __main__ - INFO - [2026-01-28 16:43:21] Status: NOT_READY | Text: '' | Job: 0
2026-01-28 16:43:22 - keyence_client - DEBUG - Sent command: RS
2026-01-28 16:43:22 - keyence_client - DEBUG - Received response: RS,1,S027
2026-01-28 16:43:22 - keyence_client - DEBUG - Ready status parts: ['RS', '1', 'S027']
2026-01-28 16:43:22 - keyence_client - DEBUG - Sent command: ES
2026-01-28 16:43:22 - keyence_client - DEBUG - Received response: ES,0,000000037
2026-01-28 16:43:22 - keyence_client - DEBUG - Error status parts: ['ES', '0', '000000037']
2026-01-28 16:43:22 - __main__ - INFO - [2026-01-28 16:43:22] Status: NOT_READY | Text: '' | Job: 0
2026-01-28 16:43:23 - keyence_client - DEBUG - Sent command: RS
2026-01-28 16:43:23 - keyence_client - DEBUG - Received response: RS,1,S027
2026-01-28 16:43:23 - keyence_client - DEBUG - Ready status parts: ['RS', '1', 'S027']
2026-01-28 16:43:23 - keyence_client - DEBUG - Sent command: ES
2026-01-28 16:43:23 - keyence_client - DEBUG - Received response: ES,0,000000037
2026-01-28 16:43:23 - keyence_client - DEBUG - Error status parts: ['ES', '0', '000000037']
2026-01-28 16:43:23 - __main__ - INFO - [2026-01-28 16:43:23] Status: NOT_READY | Text: '' | Job: 0
2026-01-28 16:43:24 - keyence_client - DEBUG - Sent command: RS
2026-01-28 16:43:24 - keyence_client - DEBUG - Received response: RS,1,S027
2026-01-28 16:43:24 - keyence_client - DEBUG - Ready status parts: ['RS', '1', 'S027']
2026-01-28 16:43:24 - keyence_client - DEBUG - Sent command: ES
2026-01-28 16:43:24 - keyence_client - DEBUG - Received response: ES,0,000000037
2026-01-28 16:43:24 - keyence_client - DEBUG - Error status parts: ['ES', '0', '000000037']
2026-01-28 16:43:24 - __main__ - INFO - [2026-01-28 16:43:24] Status: NOT_READY | Text: '' | Job: 0
2026-01-28 16:43:25 - keyence_client - DEBUG - Sent command: RS
2026-01-28 16:43:25 - keyence_client - DEBUG - Received response: RS,1,S027
2026-01-28 16:43:25 - keyence_client - DEBUG - Ready status parts: ['RS', '1', 'S027']
2026-01-28 16:43:25 - keyence_client - DEBUG - Sent command: ES
2026-01-28 16:43:25 - keyence_client - DEBUG - Received response: ES,0,000000037
2026-01-28 16:43:25 - keyence_client - DEBUG - Error status parts: ['ES', '0', '000000037']
2026-01-28 16:43:25 - __main__ - INFO - [2026-01-28 16:43:25] Status: NOT_READY | Text: '' | Job: 0
2026-01-28 16:43:26 - keyence_client - DEBUG - Sent command: RS
2026-01-28 16:43:26 - keyence_client - DEBUG - Received response: RS,1,S027
2026-01-28 16:43:26 - keyence_client - DEBUG - Ready status parts: ['RS', '1', 'S027']
2026-01-28 16:43:26 - keyence_client - DEBUG - Sent command: ES
2026-01-28 16:43:26 - keyence_client - DEBUG - Received response: ES,0,000000037
2026-01-28 16:43:26 - keyence_client - DEBUG - Error status parts: ['ES', '0', '000000037']
2026-01-28 16:43:26 - __main__ - INFO - [2026-01-28 16:43:26] Status: NOT_READY | Text: '' | Job: 0
2026-01-28 16:43:27 - keyence_client - DEBUG - Sent command: RS
2026-01-28 16:43:27 - keyence_client - DEBUG - Received response: RS,1,S027
2026-01-28 16:43:27 - keyence_client - DEBUG - Ready status parts: ['RS', '1', 'S027']
2026-01-28 16:43:27 - keyence_client - DEBUG - Sent command: ES
2026-01-28 16:43:27 - keyence_client - DEBUG - Received response: ES,0,000000037
2026-01-28 16:43:27 - keyence_client - DEBUG - Error status parts: ['ES', '0', '000000037']
2026-01-28 16:43:27 - __main__ - INFO - [2026-01-28 16:43:27] Status: NOT_READY | Text: '' | Job: 0
2026-01-28 16:43:28 - keyence_client - DEBUG - Sent command: RS
2026-01-28 16:43:28 - keyence_client - DEBUG - Received response: RS,1,S027
2026-01-28 16:43:28 - keyence_client - DEBUG - Ready status parts: ['RS', '1', 'S027']
2026-01-28 16:43:28 - keyence_client - DEBUG - Sent command: ES
2026-01-28 16:43:28 - keyence_client - DEBUG - Received response: ES,0,000000037
2026-01-28 16:43:28 - keyence_client - DEBUG - Error status parts: ['ES', '0', '000000037']
2026-01-28 16:43:28 - __main__ - INFO - [2026-01-28 16:43:28] Status: NOT_READY | Text: '' | Job: 0
2026-01-28 16:43:29 - keyence_client - DEBUG - Sent command: RS
2026-01-28 16:43:29 - keyence_client - DEBUG - Received response: RS,1,S027
2026-01-28 16:43:29 - keyence_client - DEBUG - Ready status parts: ['RS', '1', 'S027']
2026-01-28 16:43:29 - keyence_client - DEBUG - Sent command: ES
2026-01-28 16:43:29 - keyence_client - DEBUG - Received response: ES,0,000000037
2026-01-28 16:43:29 - keyence_client - DEBUG - Error status parts: ['ES', '0', '000000037']
2026-01-28 16:43:29 - __main__ - INFO - [2026-01-28 16:43:29] Status: NOT_READY | Text: '' | Job: 0
2026-01-28 16:43:30 - keyence_client - DEBUG - Sent command: RS
2026-01-28 16:43:30 - keyence_client - DEBUG - Received response: RS,1,S027
2026-01-28 16:43:30 - keyence_client - DEBUG - Ready status parts: ['RS', '1', 'S027']
2026-01-28 16:43:30 - keyence_client - DEBUG - Sent command: ES
2026-01-28 16:43:30 - keyence_client - DEBUG - Received response: ES,0,000000037
2026-01-28 16:43:30 - keyence_client - DEBUG - Error status parts: ['ES', '0', '000000037']
2026-01-28 16:43:30 - __main__ - INFO - [2026-01-28 16:43:30] Status: NOT_READY | Text: '' | Job: 0
2026-01-28 16:43:31 - keyence_client - DEBUG - Sent command: RS
2026-01-28 16:43:31 - keyence_client - DEBUG - Received response: RS,1,S027
2026-01-28 16:43:31 - keyence_client - DEBUG - Ready status parts: ['RS', '1', 'S027']
2026-01-28 16:43:31 - keyence_client - DEBUG - Sent command: ES
2026-01-28 16:43:31 - keyence_client - DEBUG - Received response: ES,0,000000037
2026-01-28 16:43:31 - keyence_client - DEBUG - Error status parts: ['ES', '0', '000000037']
2026-01-28 16:43:31 - __main__ - INFO - [2026-01-28 16:43:31] Status: NOT_READY | Text: '' | Job: 0
2026-01-28 16:43:32 - keyence_client - DEBUG - Sent command: RS
2026-01-28 16:43:32 - keyence_client - DEBUG - Received response: RS,1,S027
2026-01-28 16:43:32 - keyence_client - DEBUG - Ready status parts: ['RS', '1', 'S027']
2026-01-28 16:43:32 - keyence_client - DEBUG - Sent command: ES
2026-01-28 16:43:32 - keyence_client - DEBUG - Received response: ES,0,000000037
2026-01-28 16:43:32 - keyence_client - DEBUG - Error status parts: ['ES', '0', '000000037']
2026-01-28 16:43:32 - __main__ - INFO - [2026-01-28 16:43:32] Status: NOT_READY | Text: '' | Job: 0
2026-01-28 16:43:33 - keyence_client - DEBUG - Sent command: RS
2026-01-28 16:43:33 - keyence_client - DEBUG - Received response: RS,1,S027
2026-01-28 16:43:33 - keyence_client - DEBUG - Ready status parts: ['RS', '1', 'S027']
2026-01-28 16:43:33 - keyence_client - DEBUG - Sent command: ES
2026-01-28 16:43:33 - keyence_client - DEBUG - Received response: ES,0,000000037
2026-01-28 16:43:33 - keyence_client - DEBUG - Error status parts: ['ES', '0', '000000037']
2026-01-28 16:43:33 - __main__ - INFO - [2026-01-28 16:43:33] Status: NOT_READY | Text: '' | Job: 0
2026-01-28 16:43:34 - keyence_client - DEBUG - Sent command: RS
2026-01-28 16:43:34 - keyence_client - DEBUG - Received response: RS,1,S027
2026-01-28 16:43:34 - keyence_client - DEBUG - Ready status parts: ['RS', '1', 'S027']
2026-01-28 16:43:34 - keyence_client - DEBUG - Sent command: ES
2026-01-28 16:43:34 - keyence_client - DEBUG - Received response: ES,0,000000037
2026-01-28 16:43:34 - keyence_client - DEBUG - Error status parts: ['ES', '0', '000000037']
2026-01-28 16:43:34 - __main__ - INFO - [2026-01-28 16:43:34] Status: NOT_READY | Text: '' | Job: 0
2026-01-28 16:43:35 - keyence_client - DEBUG - Sent command: RS
2026-01-28 16:43:35 - keyence_client - DEBUG - Received response: RS,1,S027
2026-01-28 16:43:35 - keyence_client - DEBUG - Ready status parts: ['RS', '1', 'S027']
2026-01-28 16:43:35 - keyence_client - DEBUG - Sent command: ES
2026-01-28 16:43:35 - keyence_client - DEBUG - Received response: ES,0,000000037
2026-01-28 16:43:35 - keyence_client - DEBUG - Error status parts: ['ES', '0', '000000037']
2026-01-28 16:43:35 - __main__ - INFO - [2026-01-28 16:43:35] Status: NOT_READY | Text: '' | Job: 0
2026-01-28 16:43:36 - keyence_client - DEBUG - Sent command: RS
2026-01-28 16:43:36 - keyence_client - DEBUG - Received response: RS,1,S027
2026-01-28 16:43:36 - keyence_client - DEBUG - Ready status parts: ['RS', '1', 'S027']
2026-01-28 16:43:36 - keyence_client - DEBUG - Sent command: ES
2026-01-28 16:43:36 - keyence_client - DEBUG - Received response: ES,0,000000037
2026-01-28 16:43:36 - keyence_client - DEBUG - Error status parts: ['ES', '0', '000000037']
2026-01-28 16:43:36 - __main__ - INFO - [2026-01-28 16:43:36] Status: NOT_READY | Text: '' | Job: 0
2026-01-28 16:43:37 - keyence_client - DEBUG - Sent command: RS
2026-01-28 16:43:37 - keyence_client - DEBUG - Received response: RS,1,S027
2026-01-28 16:43:37 - keyence_client - DEBUG - Ready status parts: ['RS', '1', 'S027']
2026-01-28 16:43:37 - keyence_client - DEBUG - Sent command: ES
2026-01-28 16:43:37 - keyence_client - DEBUG - Received response: ES,0,000000037
2026-01-28 16:43:37 - keyence_client - DEBUG - Error status parts: ['ES', '0', '000000037']
2026-01-28 16:43:37 - __main__ - INFO - [2026-01-28 16:43:37] Status: NOT_READY | Text: '' | Job: 0
2026-01-28 16:43:38 - keyence_client - DEBUG - Sent command: RS
2026-01-28 16:43:38 - keyence_client - DEBUG - Received response: RS,1,S027
2026-01-28 16:43:38 - keyence_client - DEBUG - Ready status parts: ['RS', '1', 'S027']
2026-01-28 16:43:38 - keyence_client - DEBUG - Sent command: ES
2026-01-28 16:43:38 - keyence_client - DEBUG - Received response: ES,0,000000037
2026-01-28 16:43:38 - keyence_client - DEBUG - Error status parts: ['ES', '0', '000000037']
2026-01-28 16:43:38 - __main__ - INFO - [2026-01-28 16:43:38] Status: NOT_READY | Text: '' | Job: 0
2026-01-28 16:43:38 - __main__ - INFO - Shutdown signal received. Stopping...
2026-01-28 16:43:39 - keyence_client - INFO - Disconnected from Keyence MD-X2000
2026-01-28 16:43:39 - api_client - INFO - API client session closed
2026-01-28 16:43:39 - __main__ - INFO - Monitoring stopped.
2026-01-28 16:43:39 - api_client - INFO - API client session closed
2026-01-28 16:45:09 - __main__ - INFO - ============================================================
2026-01-28 16:45:09 - __main__ - INFO -   Keyence MD-X2000 Laser Marker Communication Script
2026-01-28 16:45:09 - __main__ - INFO - ============================================================
2026-01-28 16:45:09 - keyence_client - INFO - Connecting to Keyence MD-X2000 at 192.168.1.9:50002
2026-01-28 16:45:09 - keyence_client - INFO - Successfully connected to Keyence MD-X2000
2026-01-28 16:45:09 - __main__ - INFO - Reading laser marker status...
2026-01-28 16:45:09 - keyence_client - DEBUG - Sent command: RS
2026-01-28 16:45:09 - keyence_client - DEBUG - Received response: RS,1,S027
2026-01-28 16:45:09 - keyence_client - DEBUG - Ready status parts: ['RS', '1', 'S027']
2026-01-28 16:45:09 - __main__ - INFO - Status: NOT_READY
2026-01-28 16:45:09 - __main__ - INFO - Reading marking data...
2026-01-28 16:45:09 - keyence_client - DEBUG - Sent command: RS
2026-01-28 16:45:09 - keyence_client - DEBUG - Received response: RS,1,S027
2026-01-28 16:45:09 - keyence_client - DEBUG - Ready status parts: ['RS', '1', 'S027']
2026-01-28 16:45:09 - keyence_client - DEBUG - Sent command: ES
2026-01-28 16:45:09 - keyence_client - DEBUG - Received response: ES,0,000000037
2026-01-28 16:45:09 - keyence_client - DEBUG - Error status parts: ['ES', '0', '000000037']
2026-01-28 16:45:09 - __main__ - INFO -   Status: NOT_READY
2026-01-28 16:45:09 - __main__ - INFO -   Marking Text: ''
2026-01-28 16:45:09 - __main__ - INFO -   Job Number: 0
2026-01-28 16:45:09 - __main__ - WARNING - API endpoint not configured. Skipping API send.
2026-01-28 16:45:09 - __main__ - INFO - Configure API_ENDPOINT in config.py to enable API sending.
2026-01-28 16:45:09 - __main__ - INFO - 
==================================================
2026-01-28 16:45:09 - __main__ - INFO - Summary:
2026-01-28 16:45:09 - __main__ - INFO -   Status: NOT_READY
2026-01-28 16:45:09 - __main__ - INFO -   Marking Text: ''
2026-01-28 16:45:09 - __main__ - INFO -   Job Number: 0
2026-01-28 16:45:09 - __main__ - INFO - ==================================================
2026-01-28 16:45:09 - keyence_client - INFO - Disconnected from Keyence MD-X2000
2026-01-28 16:45:09 - api_client - INFO - API client session closed
2026-01-28 16:46:20 - __main__ - INFO - ============================================================
2026-01-28 16:46:20 - __main__ - INFO -   Keyence MD-X2000 Laser Marker Communication Script
2026-01-28 16:46:20 - __main__ - INFO - ============================================================
2026-01-28 16:46:20 - keyence_client - INFO - Connecting to Keyence MD-X2000 at 192.168.1.9:50002
2026-01-28 16:46:20 - keyence_client - INFO - Successfully connected to Keyence MD-X2000
2026-01-28 16:46:20 - __main__ - INFO - Reading laser marker status...
2026-01-28 16:46:20 - keyence_client - DEBUG - Sent command: RS
2026-01-28 16:46:20 - keyence_client - DEBUG - Received response: RS,1,S027
2026-01-28 16:46:20 - keyence_client - DEBUG - Ready status parts: ['RS', '1', 'S027']
2026-01-28 16:46:20 - __main__ - INFO - Status: NOT_READY
2026-01-28 16:46:20 - __main__ - INFO - Reading marking data...
2026-01-28 16:46:20 - keyence_client - DEBUG - Sent command: RS
2026-01-28 16:46:20 - keyence_client - DEBUG - Received response: RS,1,S027
2026-01-28 16:46:20 - keyence_client - DEBUG - Ready status parts: ['RS', '1', 'S027']
2026-01-28 16:46:20 - keyence_client - DEBUG - Sent command: ES
2026-01-28 16:46:20 - keyence_client - DEBUG - Received response: ES,0,000000037
2026-01-28 16:46:20 - keyence_client - DEBUG - Error status parts: ['ES', '0', '000000037']
2026-01-28 16:46:20 - __main__ - INFO -   Status: NOT_READY
2026-01-28 16:46:20 - __main__ - INFO -   Marking Text: ''
2026-01-28 16:46:20 - __main__ - INFO -   Job Number: 0
2026-01-28 16:46:20 - __main__ - WARNING - API endpoint not configured. Skipping API send.
2026-01-28 16:46:20 - __main__ - INFO - Configure API_ENDPOINT in config.py to enable API sending.
2026-01-28 16:46:20 - __main__ - INFO - 
==================================================
2026-01-28 16:46:20 - __main__ - INFO - Summary:
2026-01-28 16:46:20 - __main__ - INFO -   Status: NOT_READY
2026-01-28 16:46:20 - __main__ - INFO -   Marking Text: ''
2026-01-28 16:46:20 - __main__ - INFO -   Job Number: 0
2026-01-28 16:46:20 - __main__ - INFO - ==================================================
2026-01-28 16:46:20 - keyence_client - INFO - Disconnected from Keyence MD-X2000
2026-01-28 16:46:20 - api_client - INFO - API client session closed
2026-01-28 16:47:11 - __main__ - INFO - ============================================================
2026-01-28 16:47:11 - __main__ - INFO -   Keyence MD-X2000 Laser Marker Communication Script
2026-01-28 16:47:11 - __main__ - INFO - ============================================================
2026-01-28 16:47:11 - keyence_client - INFO - Connecting to Keyence MD-X2000 at 192.168.1.9:50002
2026-01-28 16:47:11 - keyence_client - INFO - Successfully connected to Keyence MD-X2000
2026-01-28 16:47:11 - __main__ - INFO - Reading laser marker status...
2026-01-28 16:47:11 - keyence_client - DEBUG - Sent command: RS
2026-01-28 16:47:11 - keyence_client - DEBUG - Received response: RS,1,S027
2026-01-28 16:47:11 - keyence_client - DEBUG - Ready status parts: ['RS', '1', 'S027']
2026-01-28 16:47:11 - __main__ - INFO - Status: NOT_READY
2026-01-28 16:47:11 - __main__ - INFO - Reading marking data...
2026-01-28 16:47:11 - keyence_client - DEBUG - Sent command: RS
2026-01-28 16:47:11 - keyence_client - DEBUG - Received response: RS,1,S027
2026-01-28 16:47:11 - keyence_client - DEBUG - Ready status parts: ['RS', '1', 'S027']
2026-01-28 16:47:11 - keyence_client - DEBUG - Sent command: ES
2026-01-28 16:47:11 - keyence_client - DEBUG - Received response: ES,0,000000037
2026-01-28 16:47:11 - keyence_client - DEBUG - Error status parts: ['ES', '0', '000000037']
2026-01-28 16:47:11 - keyence_client - DEBUG - Requesting marked character with command: RX,MarkedCharacter=0000,000
2026-01-28 16:47:11 - keyence_client - DEBUG - Sent command: RX,MarkedCharacter=0000,000
2026-01-28 16:47:11 - keyence_client - DEBUG - Received response: RX,NG,S022,Block No. Registration Error
2026-01-28 16:47:11 - keyence_client - DEBUG - MarkedCharacter response: RX,NG,S022,Block No. Registration Error
2026-01-28 16:47:11 - keyence_client - WARNING - MarkedCharacter error: S022,Block No. Registration Error
2026-01-28 16:47:11 - keyence_client - DEBUG - Sent command: JN
2026-01-28 16:47:11 - keyence_client - DEBUG - Received response: JN,1,S027
2026-01-28 16:47:11 - keyence_client - DEBUG - Job number parts: ['JN', '1', 'S027']
2026-01-28 16:47:11 - __main__ - INFO -   Status: NOT_READY
2026-01-28 16:47:11 - __main__ - INFO -   Marking Text: ''
2026-01-28 16:47:11 - __main__ - INFO -   Job Number: 1
2026-01-28 16:47:11 - __main__ - WARNING - API endpoint not configured. Skipping API send.
2026-01-28 16:47:11 - __main__ - INFO - Configure API_ENDPOINT in config.py to enable API sending.
2026-01-28 16:47:11 - __main__ - INFO - 
==================================================
2026-01-28 16:47:11 - __main__ - INFO - Summary:
2026-01-28 16:47:11 - __main__ - INFO -   Status: NOT_READY
2026-01-28 16:47:11 - __main__ - INFO -   Marking Text: ''
2026-01-28 16:47:11 - __main__ - INFO -   Job Number: 1
2026-01-28 16:47:11 - __main__ - INFO - ==================================================
2026-01-28 16:47:11 - keyence_client - INFO - Disconnected from Keyence MD-X2000
2026-01-28 16:47:11 - api_client - INFO - API client session closed
2026-01-28 16:47:54 - __main__ - INFO - ============================================================
2026-01-28 16:47:54 - __main__ - INFO -   Keyence MD-X2000 Laser Marker Communication Script
2026-01-28 16:47:54 - __main__ - INFO - ============================================================
2026-01-28 16:47:54 - keyence_client - INFO - Connecting to Keyence MD-X2000 at 192.168.1.9:50002
2026-01-28 16:47:54 - keyence_client - INFO - Successfully connected to Keyence MD-X2000
2026-01-28 16:47:54 - __main__ - INFO - Reading laser marker status...
2026-01-28 16:47:54 - keyence_client - DEBUG - Sent command: RS
2026-01-28 16:47:54 - keyence_client - DEBUG - Received response: RS,1,S027
2026-01-28 16:47:54 - keyence_client - DEBUG - Ready status parts: ['RS', '1', 'S027']
2026-01-28 16:47:54 - __main__ - INFO - Status: NOT_READY
2026-01-28 16:47:54 - __main__ - INFO - Reading marking data...
2026-01-28 16:47:54 - keyence_client - DEBUG - Sent command: RS
2026-01-28 16:47:54 - keyence_client - DEBUG - Received response: RS,1,S027
2026-01-28 16:47:54 - keyence_client - DEBUG - Ready status parts: ['RS', '1', 'S027']
2026-01-28 16:47:54 - keyence_client - DEBUG - Sent command: ES
2026-01-28 16:47:54 - keyence_client - DEBUG - Received response: ES,0,000000037
2026-01-28 16:47:54 - keyence_client - DEBUG - Error status parts: ['ES', '0', '000000037']
2026-01-28 16:47:54 - keyence_client - DEBUG - Requesting marked character with command: RX,MarkedCharacter=0000,001
2026-01-28 16:47:54 - keyence_client - DEBUG - Sent command: RX,MarkedCharacter=0000,001
2026-01-28 16:47:54 - keyence_client - DEBUG - Received response: RX,OK,20260128
2026-01-28 16:47:54 - keyence_client - DEBUG - MarkedCharacter response: RX,OK,20260128
2026-01-28 16:47:54 - keyence_client - DEBUG - Sent command: JN
2026-01-28 16:47:54 - keyence_client - DEBUG - Received response: JN,1,S027
2026-01-28 16:47:54 - keyence_client - DEBUG - Job number parts: ['JN', '1', 'S027']
2026-01-28 16:47:54 - __main__ - INFO -   Status: NOT_READY
2026-01-28 16:47:54 - __main__ - INFO -   Marking Text: '20260128'
2026-01-28 16:47:54 - __main__ - INFO -   Job Number: 1
2026-01-28 16:47:54 - __main__ - WARNING - API endpoint not configured. Skipping API send.
2026-01-28 16:47:54 - __main__ - INFO - Configure API_ENDPOINT in config.py to enable API sending.
2026-01-28 16:47:54 - __main__ - INFO - 
==================================================
2026-01-28 16:47:54 - __main__ - INFO - Summary:
2026-01-28 16:47:54 - __main__ - INFO -   Status: NOT_READY
2026-01-28 16:47:54 - __main__ - INFO -   Marking Text: '20260128'
2026-01-28 16:47:54 - __main__ - INFO -   Job Number: 1
2026-01-28 16:47:54 - __main__ - INFO - ==================================================
2026-01-28 16:47:54 - keyence_client - INFO - Disconnected from Keyence MD-X2000
2026-01-28 16:47:54 - api_client - INFO - API client session closed
2026-01-28 16:48:50 - __main__ - INFO - ============================================================
2026-01-28 16:48:50 - __main__ - INFO -   Keyence MD-X2000 Laser Marker Communication Script
2026-01-28 16:48:50 - __main__ - INFO - ============================================================
2026-01-28 16:48:50 - __main__ - INFO - ==================================================
2026-01-28 16:48:50 - __main__ - INFO - Starting continuous monitoring mode
2026-01-28 16:48:50 - __main__ - INFO - Poll interval: 1.0 seconds
2026-01-28 16:48:50 - __main__ - INFO - Press Ctrl+C to stop
2026-01-28 16:48:50 - __main__ - INFO - ==================================================
2026-01-28 16:48:50 - __main__ - INFO - Connecting to laser marker...
2026-01-28 16:48:50 - keyence_client - INFO - Connecting to Keyence MD-X2000 at 192.168.1.9:50002
2026-01-28 16:48:50 - keyence_client - INFO - Successfully connected to Keyence MD-X2000
2026-01-28 16:48:50 - __main__ - INFO - [2026-01-28 16:48:50] Status: NOT_READY | Text: '20260128' | Job: 1
2026-01-28 16:48:51 - __main__ - INFO - [2026-01-28 16:48:51] Status: NOT_READY | Text: '20260128' | Job: 1
2026-01-28 16:48:52 - __main__ - INFO - [2026-01-28 16:48:52] Status: NOT_READY | Text: '20260128' | Job: 1
2026-01-28 16:48:53 - __main__ - INFO - [2026-01-28 16:48:53] Status: NOT_READY | Text: '20260128' | Job: 1
2026-01-28 16:48:54 - __main__ - INFO - [2026-01-28 16:48:54] Status: NOT_READY | Text: '20260128' | Job: 1
2026-01-28 16:48:55 - __main__ - INFO - [2026-01-28 16:48:55] Status: NOT_READY | Text: '20260128' | Job: 1
2026-01-28 16:48:56 - __main__ - INFO - [2026-01-28 16:48:56] Status: NOT_READY | Text: '20260128' | Job: 1
2026-01-28 16:48:57 - __main__ - INFO - [2026-01-28 16:48:57] Status: NOT_READY | Text: '20260128' | Job: 1
2026-01-28 16:48:58 - __main__ - INFO - [2026-01-28 16:48:58] Status: NOT_READY | Text: '20260128' | Job: 1
2026-01-28 16:48:59 - __main__ - INFO - [2026-01-28 16:48:59] Status: NOT_READY | Text: '20260128' | Job: 1
2026-01-28 16:49:00 - __main__ - INFO - [2026-01-28 16:49:00] Status: NOT_READY | Text: '20260128' | Job: 1
2026-01-28 16:49:01 - __main__ - INFO - [2026-01-28 16:49:01] Status: NOT_READY | Text: '20260128' | Job: 1
2026-01-28 16:49:02 - __main__ - INFO - [2026-01-28 16:49:02] Status: NOT_READY | Text: '20260128' | Job: 1
2026-01-28 16:49:03 - __main__ - INFO - [2026-01-28 16:49:03] Status: NOT_READY | Text: '20260128' | Job: 1
2026-01-28 16:49:04 - __main__ - INFO - [2026-01-28 16:49:04] Status: NOT_READY | Text: '20260128' | Job: 1
2026-01-28 16:49:05 - __main__ - INFO - [2026-01-28 16:49:05] Status: NOT_READY | Text: '20260128' | Job: 1
2026-01-28 16:49:06 - __main__ - INFO - [2026-01-28 16:49:06] Status: NOT_READY | Text: '20260128' | Job: 1
2026-01-28 16:49:07 - __main__ - INFO - [2026-01-28 16:49:07] Status: NOT_READY | Text: '20260128' | Job: 1
2026-01-28 16:49:08 - __main__ - INFO - [2026-01-28 16:49:08] Status: NOT_READY | Text: '20260128' | Job: 1
2026-01-28 16:49:09 - __main__ - INFO - [2026-01-28 16:49:09] Status: NOT_READY | Text: '20260128' | Job: 1
2026-01-28 16:49:10 - __main__ - INFO - [2026-01-28 16:49:10] Status: NOT_READY | Text: '20260128' | Job: 1
2026-01-28 16:49:11 - __main__ - INFO - [2026-01-28 16:49:11] Status: NOT_READY | Text: '20260128' | Job: 1
2026-01-28 16:49:12 - __main__ - INFO - [2026-01-28 16:49:12] Status: NOT_READY | Text: '20260128' | Job: 1
2026-01-28 16:49:13 - __main__ - INFO - [2026-01-28 16:49:13] Status: NOT_READY | Text: '20260128' | Job: 1
2026-01-28 16:49:14 - __main__ - INFO - [2026-01-28 16:49:14] Status: NOT_READY | Text: '20260128' | Job: 1
2026-01-28 16:49:15 - __main__ - INFO - [2026-01-28 16:49:15] Status: NOT_READY | Text: '20260128' | Job: 1
2026-01-28 16:49:16 - __main__ - INFO - [2026-01-28 16:49:16] Status: NOT_READY | Text: '20260128' | Job: 1
2026-01-28 16:49:17 - __main__ - INFO - [2026-01-28 16:49:17] Status: NOT_READY | Text: '20260128' | Job: 1
2026-01-28 16:49:18 - __main__ - INFO - [2026-01-28 16:49:18] Status: NOT_READY | Text: '20260128' | Job: 1
2026-01-28 16:49:19 - __main__ - INFO - [2026-01-28 16:49:19] Status: NOT_READY | Text: '20260128' | Job: 1
2026-01-28 16:49:20 - __main__ - INFO - [2026-01-28 16:49:20] Status: NOT_READY | Text: '20260128' | Job: 1
2026-01-28 16:49:21 - __main__ - INFO - [2026-01-28 16:49:21] Status: NOT_READY | Text: '20260128' | Job: 1
2026-01-28 16:49:22 - __main__ - INFO - [2026-01-28 16:49:22] Status: NOT_READY | Text: '20260128' | Job: 1
2026-01-28 16:49:23 - __main__ - INFO - [2026-01-28 16:49:23] Status: NOT_READY | Text: '20260128' | Job: 1
2026-01-28 16:49:24 - __main__ - INFO - [2026-01-28 16:49:24] Status: NOT_READY | Text: '20260128' | Job: 1
2026-01-28 16:49:25 - __main__ - INFO - [2026-01-28 16:49:25] Status: NOT_READY | Text: '20260128' | Job: 1
2026-01-28 16:49:26 - __main__ - INFO - [2026-01-28 16:49:26] Status: NOT_READY | Text: '20260128' | Job: 1
2026-01-28 16:49:27 - __main__ - INFO - [2026-01-28 16:49:27] Status: NOT_READY | Text: '20260128' | Job: 1
2026-01-28 16:49:28 - __main__ - INFO - [2026-01-28 16:49:28] Status: NOT_READY | Text: '20260128' | Job: 1
2026-01-28 16:49:29 - __main__ - INFO - [2026-01-28 16:49:29] Status: NOT_READY | Text: '20260128' | Job: 1
2026-01-28 16:49:30 - __main__ - INFO - [2026-01-28 16:49:30] Status: NOT_READY | Text: '20260128' | Job: 1
2026-01-28 16:49:31 - __main__ - INFO - [2026-01-28 16:49:31] Status: NOT_READY | Text: '20260128' | Job: 1
2026-01-28 16:49:32 - __main__ - INFO - [2026-01-28 16:49:32] Status: NOT_READY | Text: '20260128' | Job: 1
2026-01-28 16:49:33 - __main__ - INFO - [2026-01-28 16:49:33] Status: NOT_READY | Text: '20260128' | Job: 1
2026-01-28 16:49:34 - __main__ - INFO - [2026-01-28 16:49:34] Status: NOT_READY | Text: '20260128' | Job: 1
2026-01-28 16:49:35 - __main__ - INFO - [2026-01-28 16:49:35] Status: NOT_READY | Text: '20260128' | Job: 1
2026-01-28 16:49:36 - __main__ - INFO - [2026-01-28 16:49:36] Status: NOT_READY | Text: '20260128' | Job: 1
2026-01-28 16:49:37 - __main__ - INFO - [2026-01-28 16:49:37] Status: NOT_READY | Text: '20260128' | Job: 1
2026-01-28 16:49:38 - __main__ - INFO - [2026-01-28 16:49:38] Status: NOT_READY | Text: '20260128' | Job: 1
2026-01-28 16:49:39 - __main__ - INFO - [2026-01-28 16:49:39] Status: NOT_READY | Text: '20260128' | Job: 1
2026-01-28 16:49:40 - __main__ - INFO - [2026-01-28 16:49:40] Status: NOT_READY | Text: '20260128' | Job: 1
2026-01-28 16:49:41 - __main__ - INFO - [2026-01-28 16:49:41] Status: NOT_READY | Text: '20260128' | Job: 1
2026-01-28 16:49:42 - __main__ - INFO - [2026-01-28 16:49:42] Status: NOT_READY | Text: '20260128' | Job: 1
2026-01-28 16:49:43 - __main__ - INFO - [2026-01-28 16:49:43] Status: NOT_READY | Text: '20260128' | Job: 1
2026-01-28 16:49:44 - __main__ - INFO - [2026-01-28 16:49:44] Status: NOT_READY | Text: '20260128' | Job: 1
2026-01-28 16:49:45 - __main__ - INFO - [2026-01-28 16:49:45] Status: NOT_READY | Text: '20260128' | Job: 1
2026-01-28 16:49:46 - __main__ - INFO - [2026-01-28 16:49:46] Status: NOT_READY | Text: '20260128' | Job: 1
2026-01-28 16:49:47 - __main__ - INFO - [2026-01-28 16:49:47] Status: NOT_READY | Text: '20260128' | Job: 1
2026-01-28 16:49:48 - __main__ - INFO - [2026-01-28 16:49:48] Status: NOT_READY | Text: '20260128' | Job: 1
2026-01-28 16:49:49 - __main__ - INFO - [2026-01-28 16:49:49] Status: NOT_READY | Text: '20260128' | Job: 1
2026-01-28 16:49:50 - __main__ - INFO - [2026-01-28 16:49:50] Status: NOT_READY | Text: '20260128' | Job: 1
2026-01-28 16:49:51 - __main__ - INFO - [2026-01-28 16:49:51] Status: NOT_READY | Text: '20260128' | Job: 1
2026-01-28 16:49:52 - __main__ - INFO - [2026-01-28 16:49:52] Status: NOT_READY | Text: '20260128' | Job: 1
2026-01-28 16:49:53 - __main__ - INFO - [2026-01-28 16:49:53] Status: NOT_READY | Text: '20260128' | Job: 1
2026-01-28 16:49:54 - __main__ - INFO - [2026-01-28 16:49:54] Status: NOT_READY | Text: '20260128' | Job: 1
2026-01-28 16:49:55 - __main__ - INFO - [2026-01-28 16:49:55] Status: NOT_READY | Text: '20260128' | Job: 1
2026-01-28 16:49:56 - __main__ - INFO - [2026-01-28 16:49:56] Status: NOT_READY | Text: '20260128' | Job: 1
2026-01-28 16:49:57 - __main__ - INFO - [2026-01-28 16:49:57] Status: NOT_READY | Text: '20260128' | Job: 1
2026-01-28 16:49:58 - __main__ - INFO - [2026-01-28 16:49:58] Status: NOT_READY | Text: '20260128' | Job: 1
2026-01-28 16:49:59 - __main__ - INFO - [2026-01-28 16:49:59] Status: NOT_READY | Text: '20260128' | Job: 1
2026-01-28 16:50:00 - __main__ - INFO - [2026-01-28 16:50:00] Status: NOT_READY | Text: '20260128' | Job: 1
2026-01-28 16:50:01 - __main__ - INFO - [2026-01-28 16:50:01] Status: NOT_READY | Text: '20260128' | Job: 1
2026-01-28 16:50:03 - __main__ - INFO - [2026-01-28 16:50:03] Status: NOT_READY | Text: '20260128' | Job: 1
2026-01-28 16:50:04 - __main__ - INFO - [2026-01-28 16:50:04] Status: NOT_READY | Text: '20260128' | Job: 1
2026-01-28 16:50:05 - __main__ - INFO - [2026-01-28 16:50:05] Status: NOT_READY | Text: '20260128' | Job: 1
2026-01-28 16:50:06 - __main__ - INFO - [2026-01-28 16:50:06] Status: NOT_READY | Text: '20260128' | Job: 1
2026-01-28 16:50:07 - __main__ - INFO - [2026-01-28 16:50:07] Status: NOT_READY | Text: '20260128' | Job: 1
2026-01-28 16:50:08 - __main__ - INFO - [2026-01-28 16:50:08] Status: NOT_READY | Text: '20260128' | Job: 1
2026-01-28 16:50:09 - __main__ - INFO - [2026-01-28 16:50:09] Status: NOT_READY | Text: '20260128' | Job: 1
2026-01-28 16:50:10 - __main__ - INFO - [2026-01-28 16:50:10] Status: NOT_READY | Text: '20260128' | Job: 1
2026-01-28 16:50:11 - __main__ - INFO - [2026-01-28 16:50:11] Status: NOT_READY | Text: '20260128' | Job: 1
2026-01-28 16:50:12 - __main__ - INFO - [2026-01-28 16:50:12] Status: NOT_READY | Text: '20260128' | Job: 1
2026-01-28 16:50:13 - __main__ - INFO - [2026-01-28 16:50:13] Status: NOT_READY | Text: '20260128' | Job: 1
2026-01-28 16:50:14 - __main__ - INFO - [2026-01-28 16:50:14] Status: NOT_READY | Text: '20260128' | Job: 1
2026-01-28 16:50:15 - __main__ - INFO - [2026-01-28 16:50:15] Status: NOT_READY | Text: '20260128' | Job: 1
2026-01-28 16:50:16 - __main__ - INFO - [2026-01-28 16:50:16] Status: NOT_READY | Text: '20260128' | Job: 1
2026-01-28 16:50:17 - __main__ - INFO - [2026-01-28 16:50:17] Status: NOT_READY | Text: '20260128' | Job: 1
2026-01-28 16:50:18 - __main__ - INFO - [2026-01-28 16:50:18] Status: NOT_READY | Text: '20260128' | Job: 1
2026-01-28 16:50:19 - __main__ - INFO - [2026-01-28 16:50:19] Status: NOT_READY | Text: '20260128' | Job: 1
2026-01-28 16:50:20 - __main__ - INFO - [2026-01-28 16:50:20] Status: NOT_READY | Text: '20260128' | Job: 1
2026-01-28 16:50:21 - __main__ - INFO - [2026-01-28 16:50:21] Status: NOT_READY | Text: '20260128' | Job: 1
2026-01-28 16:50:22 - __main__ - INFO - [2026-01-28 16:50:22] Status: NOT_READY | Text: '20260128' | Job: 1
2026-01-28 16:50:23 - __main__ - INFO - [2026-01-28 16:50:23] Status: NOT_READY | Text: '20260128' | Job: 1
2026-01-28 16:50:24 - __main__ - INFO - [2026-01-28 16:50:24] Status: NOT_READY | Text: '20260128' | Job: 1
2026-01-28 16:50:25 - __main__ - INFO - [2026-01-28 16:50:25] Status: NOT_READY | Text: '20260128' | Job: 1
2026-01-28 16:50:26 - __main__ - INFO - [2026-01-28 16:50:26] Status: NOT_READY | Text: '20260128' | Job: 1
2026-01-28 16:50:27 - __main__ - INFO - [2026-01-28 16:50:27] Status: NOT_READY | Text: '20260128' | Job: 1
2026-01-28 16:50:28 - __main__ - INFO - [2026-01-28 16:50:28] Status: NOT_READY | Text: '20260128' | Job: 1
2026-01-28 16:50:29 - __main__ - INFO - [2026-01-28 16:50:29] Status: NOT_READY | Text: '20260128' | Job: 1
2026-01-28 16:50:30 - __main__ - INFO - [2026-01-28 16:50:30] Status: NOT_READY | Text: '20260128' | Job: 1
2026-01-28 16:50:31 - __main__ - INFO - [2026-01-28 16:50:31] Status: NOT_READY | Text: '20260128' | Job: 1
2026-01-28 16:50:32 - __main__ - INFO - [2026-01-28 16:50:32] Status: NOT_READY | Text: '20260128' | Job: 1
2026-01-28 16:50:33 - __main__ - INFO - [2026-01-28 16:50:33] Status: NOT_READY | Text: '20260128' | Job: 1
2026-01-28 16:50:34 - __main__ - INFO - [2026-01-28 16:50:34] Status: NOT_READY | Text: '20260128' | Job: 1
2026-01-28 16:50:35 - __main__ - INFO - [2026-01-28 16:50:35] Status: NOT_READY | Text: '20260128' | Job: 1
2026-01-28 16:50:36 - __main__ - INFO - [2026-01-28 16:50:36] Status: NOT_READY | Text: '20260128' | Job: 1
2026-01-28 16:50:37 - __main__ - INFO - [2026-01-28 16:50:37] Status: NOT_READY | Text: '20260128' | Job: 1
2026-01-28 16:50:38 - __main__ - INFO - [2026-01-28 16:50:38] Status: NOT_READY | Text: '20260128' | Job: 1
2026-01-28 16:50:39 - __main__ - INFO - [2026-01-28 16:50:39] Status: NOT_READY | Text: '20260128' | Job: 1
2026-01-28 16:50:40 - __main__ - INFO - [2026-01-28 16:50:40] Status: NOT_READY | Text: '20260128' | Job: 1
2026-01-28 16:50:41 - __main__ - INFO - [2026-01-28 16:50:41] Status: NOT_READY | Text: '20260128' | Job: 1
2026-01-28 16:50:42 - __main__ - INFO - [2026-01-28 16:50:42] Status: NOT_READY | Text: '20260128' | Job: 1
2026-01-28 16:50:43 - __main__ - INFO - [2026-01-28 16:50:43] Status: NOT_READY | Text: '20260128' | Job: 1
2026-01-28 16:50:44 - __main__ - INFO - [2026-01-28 16:50:44] Status: NOT_READY | Text: '20260128' | Job: 1
2026-01-28 16:50:45 - __main__ - INFO - [2026-01-28 16:50:45] Status: NOT_READY | Text: '20260128' | Job: 1
2026-01-28 16:50:46 - __main__ - INFO - [2026-01-28 16:50:46] Status: NOT_READY | Text: '20260128' | Job: 1
2026-01-28 16:50:47 - __main__ - INFO - [2026-01-28 16:50:47] Status: NOT_READY | Text: '20260128' | Job: 1
2026-01-28 16:50:48 - __main__ - INFO - [2026-01-28 16:50:48] Status: NOT_READY | Text: '20260128' | Job: 1
2026-01-28 16:50:49 - __main__ - INFO - [2026-01-28 16:50:49] Status: NOT_READY | Text: '20260128' | Job: 1
2026-01-28 16:50:50 - __main__ - INFO - [2026-01-28 16:50:50] Status: NOT_READY | Text: '20260128' | Job: 1
2026-01-28 16:50:51 - __main__ - INFO - [2026-01-28 16:50:51] Status: NOT_READY | Text: '20260128' | Job: 1
2026-01-28 16:50:52 - __main__ - INFO - [2026-01-28 16:50:52] Status: NOT_READY | Text: '20260128' | Job: 1
2026-01-28 16:50:53 - __main__ - INFO - [2026-01-28 16:50:53] Status: NOT_READY | Text: '20260128' | Job: 1
2026-01-28 16:50:54 - __main__ - INFO - [2026-01-28 16:50:54] Status: NOT_READY | Text: '20260128' | Job: 1
2026-01-28 16:50:55 - __main__ - INFO - [2026-01-28 16:50:55] Status: NOT_READY | Text: '20260128' | Job: 1
2026-01-28 16:50:56 - __main__ - INFO - [2026-01-28 16:50:56] Status: NOT_READY | Text: '20260128' | Job: 1
2026-01-28 16:50:57 - __main__ - INFO - [2026-01-28 16:50:57] Status: NOT_READY | Text: '20260128' | Job: 1
2026-01-28 16:50:58 - __main__ - INFO - [2026-01-28 16:50:58] Status: NOT_READY | Text: '20260128' | Job: 1
2026-01-28 16:50:59 - __main__ - INFO - [2026-01-28 16:50:59] Status: NOT_READY | Text: '20260128' | Job: 1
2026-01-28 16:51:00 - __main__ - INFO - [2026-01-28 16:51:00] Status: NOT_READY | Text: '20260128' | Job: 1
2026-01-28 16:51:01 - __main__ - INFO - [2026-01-28 16:51:01] Status: NOT_READY | Text: '20260128' | Job: 1
2026-01-28 16:51:02 - __main__ - INFO - [2026-01-28 16:51:02] Status: NOT_READY | Text: '20260128' | Job: 1
2026-01-28 16:51:03 - __main__ - INFO - [2026-01-28 16:51:03] Status: NOT_READY | Text: '20260128' | Job: 1
2026-01-28 16:51:04 - __main__ - INFO - [2026-01-28 16:51:04] Status: NOT_READY | Text: '20260128' | Job: 1
2026-01-28 16:51:05 - __main__ - INFO - [2026-01-28 16:51:05] Status: NOT_READY | Text: '20260128' | Job: 1
2026-01-28 16:51:06 - __main__ - INFO - [2026-01-28 16:51:06] Status: NOT_READY | Text: '20260128' | Job: 1
2026-01-28 16:51:07 - __main__ - INFO - [2026-01-28 16:51:07] Status: NOT_READY | Text: '20260128' | Job: 1
2026-01-28 16:51:08 - __main__ - INFO - [2026-01-28 16:51:08] Status: NOT_READY | Text: '20260128' | Job: 1
2026-01-28 16:51:09 - __main__ - INFO - [2026-01-28 16:51:09] Status: NOT_READY | Text: '20260128' | Job: 1
2026-01-28 16:51:10 - __main__ - INFO - [2026-01-28 16:51:10] Status: NOT_READY | Text: '20260128' | Job: 1
2026-01-28 16:51:11 - __main__ - INFO - [2026-01-28 16:51:11] Status: NOT_READY | Text: '20260128' | Job: 1
2026-01-28 16:51:12 - __main__ - INFO - [2026-01-28 16:51:12] Status: NOT_READY | Text: '20260128' | Job: 1
2026-01-28 16:51:13 - __main__ - INFO - [2026-01-28 16:51:13] Status: NOT_READY | Text: '20260128' | Job: 1
2026-01-28 16:51:14 - __main__ - INFO - [2026-01-28 16:51:14] Status: NOT_READY | Text: '20260128' | Job: 1
2026-01-28 16:51:15 - __main__ - INFO - [2026-01-28 16:51:15] Status: NOT_READY | Text: '20260128' | Job: 1
2026-01-28 16:51:16 - __main__ - INFO - [2026-01-28 16:51:16] Status: NOT_READY | Text: '20260128' | Job: 1
2026-01-28 16:51:17 - __main__ - INFO - [2026-01-28 16:51:17] Status: NOT_READY | Text: '20260128' | Job: 1
2026-01-28 16:51:18 - __main__ - INFO - [2026-01-28 16:51:18] Status: NOT_READY | Text: '20260128' | Job: 1
2026-01-28 16:51:19 - __main__ - INFO - [2026-01-28 16:51:19] Status: NOT_READY | Text: '20260128' | Job: 1
2026-01-28 16:51:20 - __main__ - INFO - [2026-01-28 16:51:20] Status: NOT_READY | Text: '20260128' | Job: 1
2026-01-28 16:51:21 - __main__ - INFO - [2026-01-28 16:51:21] Status: NOT_READY | Text: '20260128' | Job: 1
2026-01-28 16:51:22 - __main__ - INFO - [2026-01-28 16:51:22] Status: NOT_READY | Text: '20260128' | Job: 1
2026-01-28 16:51:23 - __main__ - INFO - [2026-01-28 16:51:23] Status: NOT_READY | Text: '20260128' | Job: 1
2026-01-28 16:51:24 - __main__ - INFO - [2026-01-28 16:51:24] Status: NOT_READY | Text: '20260128' | Job: 1
2026-01-28 16:51:25 - __main__ - INFO - [2026-01-28 16:51:25] Status: NOT_READY | Text: '20260128' | Job: 1
2026-01-28 16:51:26 - __main__ - INFO - [2026-01-28 16:51:26] Status: NOT_READY | Text: '20260128' | Job: 1
2026-01-28 16:51:27 - __main__ - INFO - [2026-01-28 16:51:27] Status: NOT_READY | Text: '20260128' | Job: 1
2026-01-28 16:51:28 - __main__ - INFO - [2026-01-28 16:51:28] Status: NOT_READY | Text: '20260128' | Job: 1
2026-01-28 16:51:29 - __main__ - INFO - [2026-01-28 16:51:29] Status: NOT_READY | Text: '20260128' | Job: 1
2026-01-28 16:51:30 - __main__ - INFO - [2026-01-28 16:51:30] Status: NOT_READY | Text: '20260128' | Job: 1
2026-01-28 16:51:31 - __main__ - INFO - [2026-01-28 16:51:31] Status: NOT_READY | Text: '20260128' | Job: 1
2026-01-28 16:51:32 - __main__ - INFO - [2026-01-28 16:51:32] Status: NOT_READY | Text: '20260128' | Job: 1
2026-01-28 16:51:33 - __main__ - INFO - [2026-01-28 16:51:33] Status: NOT_READY | Text: '20260128' | Job: 1
2026-01-28 16:51:34 - __main__ - INFO - [2026-01-28 16:51:34] Status: NOT_READY | Text: '20260128' | Job: 1
2026-01-28 16:51:35 - __main__ - INFO - [2026-01-28 16:51:35] Status: NOT_READY | Text: '20260128' | Job: 1
2026-01-28 16:51:36 - __main__ - INFO - [2026-01-28 16:51:36] Status: NOT_READY | Text: '20260128' | Job: 1
2026-01-28 16:51:37 - __main__ - INFO - [2026-01-28 16:51:37] Status: NOT_READY | Text: '20260128' | Job: 1
2026-01-28 16:51:38 - __main__ - INFO - [2026-01-28 16:51:38] Status: NOT_READY | Text: '20260128' | Job: 1
2026-01-28 16:51:39 - __main__ - INFO - [2026-01-28 16:51:39] Status: NOT_READY | Text: '20260128' | Job: 1
2026-01-28 16:51:40 - __main__ - INFO - [2026-01-28 16:51:40] Status: NOT_READY | Text: '20260128' | Job: 1
2026-01-28 16:51:41 - __main__ - INFO - [2026-01-28 16:51:41] Status: NOT_READY | Text: '20260128' | Job: 1
2026-01-28 16:51:42 - __main__ - INFO - [2026-01-28 16:51:42] Status: NOT_READY | Text: '20260128' | Job: 1
2026-01-28 16:51:43 - __main__ - INFO - [2026-01-28 16:51:43] Status: NOT_READY | Text: '20260128' | Job: 1
2026-01-28 16:51:44 - __main__ - INFO - [2026-01-28 16:51:44] Status: NOT_READY | Text: '20260128' | Job: 1
2026-01-28 16:51:45 - __main__ - INFO - [2026-01-28 16:51:45] Status: NOT_READY | Text: '20260128' | Job: 1
2026-01-28 16:51:46 - __main__ - INFO - [2026-01-28 16:51:46] Status: NOT_READY | Text: '20260128' | Job: 1
2026-01-28 16:51:47 - __main__ - INFO - [2026-01-28 16:51:47] Status: NOT_READY | Text: '20260128' | Job: 1
2026-01-28 16:51:48 - __main__ - INFO - [2026-01-28 16:51:48] Status: NOT_READY | Text: '20260128' | Job: 1
2026-01-28 16:51:50 - __main__ - INFO - [2026-01-28 16:51:50] Status: NOT_READY | Text: '20260128' | Job: 1
2026-01-28 16:51:51 - __main__ - INFO - [2026-01-28 16:51:51] Status: NOT_READY | Text: '20260128' | Job: 1
2026-01-28 16:51:52 - __main__ - INFO - [2026-01-28 16:51:52] Status: NOT_READY | Text: '20260128' | Job: 1
2026-01-28 16:51:53 - __main__ - INFO - [2026-01-28 16:51:53] Status: NOT_READY | Text: '20260128' | Job: 1
2026-01-28 16:51:54 - __main__ - INFO - [2026-01-28 16:51:54] Status: NOT_READY | Text: '20260128' | Job: 1
2026-01-28 16:51:55 - __main__ - INFO - [2026-01-28 16:51:55] Status: NOT_READY | Text: '20260128' | Job: 1
2026-01-28 16:51:56 - __main__ - INFO - [2026-01-28 16:51:56] Status: NOT_READY | Text: '20260128' | Job: 1
2026-01-28 16:51:57 - __main__ - INFO - [2026-01-28 16:51:57] Status: NOT_READY | Text: '20260128' | Job: 1
2026-01-28 16:51:58 - __main__ - INFO - [2026-01-28 16:51:58] Status: NOT_READY | Text: '20260128' | Job: 1
2026-01-28 16:51:59 - __main__ - INFO - [2026-01-28 16:51:59] Status: NOT_READY | Text: '20260128' | Job: 1
2026-01-28 16:52:00 - __main__ - INFO - [2026-01-28 16:52:00] Status: NOT_READY | Text: '20260128' | Job: 1
2026-01-28 16:52:01 - __main__ - INFO - [2026-01-28 16:52:01] Status: NOT_READY | Text: '20260128' | Job: 1
2026-01-28 16:52:02 - __main__ - INFO - [2026-01-28 16:52:02] Status: NOT_READY | Text: '20260128' | Job: 1
2026-01-28 16:52:03 - __main__ - INFO - [2026-01-28 16:52:03] Status: NOT_READY | Text: '20260128' | Job: 1
2026-01-28 16:52:04 - __main__ - INFO - [2026-01-28 16:52:04] Status: NOT_READY | Text: '20260128' | Job: 1
2026-01-28 16:52:05 - __main__ - INFO - [2026-01-28 16:52:05] Status: NOT_READY | Text: '20260128' | Job: 1
2026-01-28 16:52:06 - __main__ - INFO - [2026-01-28 16:52:06] Status: NOT_READY | Text: '20260128' | Job: 1
2026-01-28 16:52:07 - __main__ - INFO - [2026-01-28 16:52:07] Status: NOT_READY | Text: '20260128' | Job: 1
2026-01-28 16:52:08 - __main__ - INFO - [2026-01-28 16:52:08] Status: NOT_READY | Text: '20260128' | Job: 1
2026-01-28 16:52:09 - __main__ - INFO - [2026-01-28 16:52:09] Status: NOT_READY | Text: '20260128' | Job: 1
2026-01-28 16:52:10 - __main__ - INFO - [2026-01-28 16:52:10] Status: NOT_READY | Text: '20260128' | Job: 1
2026-01-28 16:52:11 - __main__ - INFO - [2026-01-28 16:52:11] Status: NOT_READY | Text: '20260128' | Job: 1
2026-01-28 16:52:12 - __main__ - INFO - [2026-01-28 16:52:12] Status: NOT_READY | Text: '20260128' | Job: 1
2026-01-28 16:52:13 - __main__ - INFO - [2026-01-28 16:52:13] Status: NOT_READY | Text: '20260128' | Job: 1
2026-01-28 16:52:14 - __main__ - INFO - [2026-01-28 16:52:14] Status: NOT_READY | Text: '20260128' | Job: 1
2026-01-28 16:52:15 - __main__ - INFO - [2026-01-28 16:52:15] Status: NOT_READY | Text: '20260128' | Job: 1
2026-01-28 16:52:16 - __main__ - INFO - [2026-01-28 16:52:16] Status: NOT_READY | Text: '20260128' | Job: 1
2026-01-28 16:52:17 - __main__ - INFO - [2026-01-28 16:52:17] Status: NOT_READY | Text: '20260128' | Job: 1
2026-01-28 16:52:18 - __main__ - INFO - [2026-01-28 16:52:18] Status: NOT_READY | Text: '20260128' | Job: 1
2026-01-28 16:52:19 - __main__ - INFO - [2026-01-28 16:52:19] Status: NOT_READY | Text: '20260128' | Job: 1
2026-01-28 16:52:20 - __main__ - INFO - [2026-01-28 16:52:20] Status: NOT_READY | Text: '20260128' | Job: 1
2026-01-28 16:52:21 - __main__ - INFO - [2026-01-28 16:52:21] Status: NOT_READY | Text: '20260128' | Job: 1
2026-01-28 16:52:22 - __main__ - INFO - [2026-01-28 16:52:22] Status: NOT_READY | Text: '20260128' | Job: 1
2026-01-28 16:52:23 - __main__ - INFO - [2026-01-28 16:52:23] Status: NOT_READY | Text: '20260128' | Job: 1
2026-01-28 16:52:24 - __main__ - INFO - [2026-01-28 16:52:24] Status: NOT_READY | Text: '20260128' | Job: 1
2026-01-28 16:52:25 - __main__ - INFO - [2026-01-28 16:52:25] Status: NOT_READY | Text: '20260128' | Job: 1
2026-01-28 16:52:26 - __main__ - INFO - [2026-01-28 16:52:26] Status: NOT_READY | Text: '20260128' | Job: 1
2026-01-28 16:52:27 - __main__ - INFO - [2026-01-28 16:52:27] Status: NOT_READY | Text: '20260128' | Job: 1
2026-01-28 16:52:28 - __main__ - INFO - [2026-01-28 16:52:28] Status: NOT_READY | Text: '20260128' | Job: 1
2026-01-28 16:52:29 - __main__ - INFO - [2026-01-28 16:52:29] Status: NOT_READY | Text: '20260128' | Job: 1
2026-01-28 16:52:30 - __main__ - INFO - [2026-01-28 16:52:30] Status: NOT_READY | Text: '20260128' | Job: 1
2026-01-28 16:52:31 - __main__ - INFO - [2026-01-28 16:52:31] Status: NOT_READY | Text: '20260128' | Job: 1
2026-01-28 16:52:32 - __main__ - INFO - [2026-01-28 16:52:32] Status: NOT_READY | Text: '20260128' | Job: 1
2026-01-28 16:52:33 - __main__ - INFO - [2026-01-28 16:52:33] Status: NOT_READY | Text: '20260128' | Job: 1
2026-01-28 16:52:34 - __main__ - INFO - [2026-01-28 16:52:34] Status: NOT_READY | Text: '20260128' | Job: 1
2026-01-28 16:52:35 - __main__ - INFO - [2026-01-28 16:52:35] Status: NOT_READY | Text: '20260128' | Job: 1
2026-01-28 16:52:36 - __main__ - INFO - [2026-01-28 16:52:36] Status: NOT_READY | Text: '20260128' | Job: 1
2026-01-28 16:52:37 - __main__ - INFO - [2026-01-28 16:52:37] Status: NOT_READY | Text: '20260128' | Job: 1
2026-01-28 16:52:38 - __main__ - INFO - [2026-01-28 16:52:38] Status: NOT_READY | Text: '20260128' | Job: 1
2026-01-28 16:52:39 - __main__ - INFO - [2026-01-28 16:52:39] Status: NOT_READY | Text: '20260128' | Job: 1
2026-01-28 16:52:40 - __main__ - INFO - [2026-01-28 16:52:40] Status: NOT_READY | Text: '20260128' | Job: 1
2026-01-28 16:52:41 - __main__ - INFO - [2026-01-28 16:52:41] Status: NOT_READY | Text: '20260128' | Job: 1
2026-01-28 16:52:42 - __main__ - INFO - [2026-01-28 16:52:42] Status: NOT_READY | Text: '20260128' | Job: 1
2026-01-28 16:52:43 - __main__ - INFO - [2026-01-28 16:52:43] Status: NOT_READY | Text: '20260128' | Job: 1
2026-01-28 16:52:44 - __main__ - INFO - [2026-01-28 16:52:44] Status: NOT_READY | Text: '20260128' | Job: 1
2026-01-28 16:52:45 - __main__ - INFO - [2026-01-28 16:52:45] Status: NOT_READY | Text: '20260128' | Job: 1
2026-01-28 16:52:46 - __main__ - INFO - [2026-01-28 16:52:46] Status: NOT_READY | Text: '20260128' | Job: 1
2026-01-28 16:52:47 - __main__ - INFO - [2026-01-28 16:52:47] Status: NOT_READY | Text: '20260128' | Job: 1
2026-01-28 16:52:48 - __main__ - INFO - [2026-01-28 16:52:48] Status: NOT_READY | Text: '20260128' | Job: 1
2026-01-28 16:52:49 - __main__ - INFO - [2026-01-28 16:52:49] Status: NOT_READY | Text: '20260128' | Job: 1
2026-01-28 16:52:50 - __main__ - INFO - [2026-01-28 16:52:50] Status: NOT_READY | Text: '20260128' | Job: 1
2026-01-28 16:52:51 - __main__ - INFO - [2026-01-28 16:52:51] Status: NOT_READY | Text: '20260128' | Job: 1
2026-01-28 16:52:52 - __main__ - INFO - [2026-01-28 16:52:52] Status: NOT_READY | Text: '20260128' | Job: 1
2026-01-28 16:52:53 - __main__ - INFO - [2026-01-28 16:52:53] Status: NOT_READY | Text: '20260128' | Job: 1
2026-01-28 16:52:54 - __main__ - INFO - [2026-01-28 16:52:54] Status: NOT_READY | Text: '20260128' | Job: 1
2026-01-28 16:52:55 - __main__ - INFO - [2026-01-28 16:52:55] Status: NOT_READY | Text: '20260128' | Job: 1
2026-01-28 16:52:56 - __main__ - INFO - [2026-01-28 16:52:56] Status: NOT_READY | Text: '20260128' | Job: 1
2026-01-28 16:52:57 - __main__ - INFO - [2026-01-28 16:52:57] Status: NOT_READY | Text: '20260128' | Job: 1
2026-01-28 16:52:58 - __main__ - INFO - [2026-01-28 16:52:58] Status: NOT_READY | Text: '20260128' | Job: 1
2026-01-28 16:52:59 - __main__ - INFO - [2026-01-28 16:52:59] Status: NOT_READY | Text: '20260128' | Job: 1
2026-01-28 16:53:00 - __main__ - INFO - [2026-01-28 16:53:00] Status: NOT_READY | Text: '20260128' | Job: 1
2026-01-28 16:53:01 - __main__ - INFO - [2026-01-28 16:53:01] Status: NOT_READY | Text: '20260128' | Job: 1
2026-01-28 16:53:02 - __main__ - INFO - [2026-01-28 16:53:02] Status: NOT_READY | Text: '20260128' | Job: 1
2026-01-28 16:53:03 - __main__ - INFO - [2026-01-28 16:53:03] Status: NOT_READY | Text: '20260128' | Job: 1
2026-01-28 16:53:04 - __main__ - INFO - [2026-01-28 16:53:04] Status: NOT_READY | Text: '20260128' | Job: 1
2026-01-28 16:53:05 - __main__ - INFO - [2026-01-28 16:53:05] Status: NOT_READY | Text: '20260128' | Job: 1
2026-01-28 16:53:06 - __main__ - INFO - [2026-01-28 16:53:06] Status: NOT_READY | Text: '20260128' | Job: 1
2026-01-28 16:53:07 - __main__ - INFO - [2026-01-28 16:53:07] Status: NOT_READY | Text: '20260128' | Job: 1
2026-01-28 16:53:08 - __main__ - INFO - [2026-01-28 16:53:08] Status: NOT_READY | Text: '20260128' | Job: 1
2026-01-28 16:53:09 - __main__ - INFO - [2026-01-28 16:53:09] Status: NOT_READY | Text: '20260128' | Job: 1
2026-01-28 16:53:10 - __main__ - INFO - [2026-01-28 16:53:10] Status: NOT_READY | Text: '20260128' | Job: 1
2026-01-28 16:53:11 - __main__ - INFO - [2026-01-28 16:53:11] Status: NOT_READY | Text: '20260128' | Job: 1
2026-01-28 16:53:12 - __main__ - INFO - [2026-01-28 16:53:12] Status: NOT_READY | Text: '20260128' | Job: 1
2026-01-28 16:53:13 - __main__ - INFO - [2026-01-28 16:53:13] Status: NOT_READY | Text: '20260128' | Job: 1
2026-01-28 16:53:14 - __main__ - INFO - [2026-01-28 16:53:14] Status: NOT_READY | Text: '20260128' | Job: 1
2026-01-28 16:53:15 - __main__ - INFO - [2026-01-28 16:53:15] Status: NOT_READY | Text: '20260128' | Job: 1
2026-01-28 16:53:16 - __main__ - INFO - [2026-01-28 16:53:16] Status: NOT_READY | Text: '20260128' | Job: 1
2026-01-28 16:53:17 - __main__ - INFO - [2026-01-28 16:53:17] Status: NOT_READY | Text: '20260128' | Job: 1
2026-01-28 16:53:18 - __main__ - INFO - [2026-01-28 16:53:18] Status: NOT_READY | Text: '20260128' | Job: 1
2026-01-28 16:53:19 - __main__ - INFO - [2026-01-28 16:53:19] Status: NOT_READY | Text: '20260128' | Job: 1
2026-01-28 16:53:20 - __main__ - INFO - [2026-01-28 16:53:20] Status: NOT_READY | Text: '20260128' | Job: 1
2026-01-28 16:53:21 - keyence_client - WARNING - MarkedCharacter error: S029,Mark data Request Error
2026-01-28 16:53:21 - __main__ - INFO - [2026-01-28 16:53:21] Status: NOT_READY | Text: '' | Job: 1
2026-01-28 16:53:22 - keyence_client - WARNING - MarkedCharacter error: S029,Mark data Request Error
2026-01-28 16:53:22 - __main__ - INFO - [2026-01-28 16:53:22] Status: NOT_READY | Text: '' | Job: 1
2026-01-28 16:53:23 - keyence_client - WARNING - MarkedCharacter error: S029,Mark data Request Error
2026-01-28 16:53:23 - __main__ - INFO - [2026-01-28 16:53:23] Status: NOT_READY | Text: '' | Job: 1
2026-01-28 16:53:24 - keyence_client - WARNING - MarkedCharacter error: S029,Mark data Request Error
2026-01-28 16:53:24 - __main__ - INFO - [2026-01-28 16:53:24] Status: NOT_READY | Text: '' | Job: 1
2026-01-28 16:53:25 - keyence_client - WARNING - MarkedCharacter error: S029,Mark data Request Error
2026-01-28 16:53:25 - __main__ - INFO - [2026-01-28 16:53:25] Status: NOT_READY | Text: '' | Job: 1
2026-01-28 16:53:26 - keyence_client - WARNING - MarkedCharacter error: S029,Mark data Request Error
2026-01-28 16:53:26 - __main__ - INFO - [2026-01-28 16:53:26] Status: NOT_READY | Text: '' | Job: 1
2026-01-28 16:53:27 - keyence_client - WARNING - MarkedCharacter error: S029,Mark data Request Error
2026-01-28 16:53:27 - __main__ - INFO - [2026-01-28 16:53:27] Status: NOT_READY | Text: '' | Job: 1
2026-01-28 16:53:28 - keyence_client - WARNING - MarkedCharacter error: S029,Mark data Request Error
2026-01-28 16:53:28 - __main__ - INFO - [2026-01-28 16:53:28] Status: NOT_READY | Text: '' | Job: 1
2026-01-28 16:53:29 - keyence_client - WARNING - MarkedCharacter error: S029,Mark data Request Error
2026-01-28 16:53:29 - __main__ - INFO - [2026-01-28 16:53:29] Status: NOT_READY | Text: '' | Job: 1
2026-01-28 16:53:30 - keyence_client - WARNING - MarkedCharacter error: S029,Mark data Request Error
2026-01-28 16:53:30 - __main__ - INFO - [2026-01-28 16:53:30] Status: NOT_READY | Text: '' | Job: 1
2026-01-28 16:53:31 - keyence_client - WARNING - MarkedCharacter error: S029,Mark data Request Error
2026-01-28 16:53:31 - __main__ - INFO - [2026-01-28 16:53:31] Status: NOT_READY | Text: '' | Job: 1
2026-01-28 16:53:32 - keyence_client - WARNING - MarkedCharacter error: S029,Mark data Request Error
2026-01-28 16:53:32 - __main__ - INFO - [2026-01-28 16:53:32] Status: NOT_READY | Text: '' | Job: 1
2026-01-28 16:53:33 - keyence_client - WARNING - MarkedCharacter error: S029,Mark data Request Error
2026-01-28 16:53:33 - __main__ - INFO - [2026-01-28 16:53:33] Status: NOT_READY | Text: '' | Job: 1
2026-01-28 16:53:34 - keyence_client - WARNING - MarkedCharacter error: S029,Mark data Request Error
2026-01-28 16:53:34 - __main__ - INFO - [2026-01-28 16:53:34] Status: NOT_READY | Text: '' | Job: 1
2026-01-28 16:53:35 - keyence_client - WARNING - MarkedCharacter error: S029,Mark data Request Error
2026-01-28 16:53:35 - __main__ - INFO - [2026-01-28 16:53:35] Status: NOT_READY | Text: '' | Job: 1
2026-01-28 16:53:36 - keyence_client - WARNING - MarkedCharacter error: S029,Mark data Request Error
2026-01-28 16:53:36 - __main__ - INFO - [2026-01-28 16:53:36] Status: NOT_READY | Text: '' | Job: 1
2026-01-28 16:53:37 - keyence_client - WARNING - MarkedCharacter error: S029,Mark data Request Error
2026-01-28 16:53:37 - __main__ - INFO - [2026-01-28 16:53:37] Status: NOT_READY | Text: '' | Job: 1
2026-01-28 16:53:38 - keyence_client - WARNING - MarkedCharacter error: S029,Mark data Request Error
2026-01-28 16:53:38 - __main__ - INFO - [2026-01-28 16:53:38] Status: NOT_READY | Text: '' | Job: 1
2026-01-28 16:53:39 - keyence_client - WARNING - MarkedCharacter error: S029,Mark data Request Error
2026-01-28 16:53:39 - __main__ - INFO - [2026-01-28 16:53:39] Status: NOT_READY | Text: '' | Job: 1
2026-01-28 16:53:41 - keyence_client - WARNING - MarkedCharacter error: S029,Mark data Request Error
2026-01-28 16:53:41 - __main__ - INFO - [2026-01-28 16:53:41] Status: NOT_READY | Text: '' | Job: 1
2026-01-28 16:53:42 - keyence_client - WARNING - MarkedCharacter error: S029,Mark data Request Error
2026-01-28 16:53:42 - __main__ - INFO - [2026-01-28 16:53:42] Status: NOT_READY | Text: '' | Job: 1
2026-01-28 16:53:43 - keyence_client - WARNING - MarkedCharacter error: S029,Mark data Request Error
2026-01-28 16:53:43 - __main__ - INFO - [2026-01-28 16:53:43] Status: NOT_READY | Text: '' | Job: 1
2026-01-28 16:53:44 - keyence_client - WARNING - MarkedCharacter error: S029,Mark data Request Error
2026-01-28 16:53:44 - __main__ - INFO - [2026-01-28 16:53:44] Status: NOT_READY | Text: '' | Job: 1
2026-01-28 16:53:45 - keyence_client - WARNING - MarkedCharacter error: S029,Mark data Request Error
2026-01-28 16:53:45 - __main__ - INFO - [2026-01-28 16:53:45] Status: NOT_READY | Text: '' | Job: 1
2026-01-28 16:53:46 - keyence_client - WARNING - MarkedCharacter error: S029,Mark data Request Error
2026-01-28 16:53:46 - __main__ - INFO - [2026-01-28 16:53:46] Status: NOT_READY | Text: '' | Job: 1
2026-01-28 16:53:47 - keyence_client - WARNING - MarkedCharacter error: S029,Mark data Request Error
2026-01-28 16:53:47 - __main__ - INFO - [2026-01-28 16:53:47] Status: NOT_READY | Text: '' | Job: 1
2026-01-28 16:53:48 - keyence_client - WARNING - MarkedCharacter error: S029,Mark data Request Error
2026-01-28 16:53:48 - __main__ - INFO - [2026-01-28 16:53:48] Status: NOT_READY | Text: '' | Job: 1
2026-01-28 16:53:49 - keyence_client - WARNING - MarkedCharacter error: S029,Mark data Request Error
2026-01-28 16:53:49 - __main__ - INFO - [2026-01-28 16:53:49] Status: NOT_READY | Text: '' | Job: 1
2026-01-28 16:53:50 - keyence_client - WARNING - MarkedCharacter error: S029,Mark data Request Error
2026-01-28 16:53:50 - __main__ - INFO - [2026-01-28 16:53:50] Status: NOT_READY | Text: '' | Job: 1
2026-01-28 16:53:51 - keyence_client - WARNING - MarkedCharacter error: S029,Mark data Request Error
2026-01-28 16:53:51 - __main__ - INFO - [2026-01-28 16:53:51] Status: NOT_READY | Text: '' | Job: 1
2026-01-28 16:53:52 - keyence_client - WARNING - MarkedCharacter error: S029,Mark data Request Error
2026-01-28 16:53:52 - __main__ - INFO - [2026-01-28 16:53:52] Status: NOT_READY | Text: '' | Job: 1
2026-01-28 16:53:53 - keyence_client - WARNING - MarkedCharacter error: S029,Mark data Request Error
2026-01-28 16:53:53 - __main__ - INFO - [2026-01-28 16:53:53] Status: NOT_READY | Text: '' | Job: 1
2026-01-28 16:53:54 - keyence_client - WARNING - MarkedCharacter error: S029,Mark data Request Error
2026-01-28 16:53:54 - __main__ - INFO - [2026-01-28 16:53:54] Status: NOT_READY | Text: '' | Job: 1
2026-01-28 16:53:55 - keyence_client - WARNING - MarkedCharacter error: S029,Mark data Request Error
2026-01-28 16:53:55 - __main__ - INFO - [2026-01-28 16:53:55] Status: NOT_READY | Text: '' | Job: 1
2026-01-28 16:53:56 - keyence_client - WARNING - MarkedCharacter error: S029,Mark data Request Error
2026-01-28 16:53:56 - __main__ - INFO - [2026-01-28 16:53:56] Status: NOT_READY | Text: '' | Job: 1
2026-01-28 16:53:57 - keyence_client - WARNING - MarkedCharacter error: S029,Mark data Request Error
2026-01-28 16:53:57 - __main__ - INFO - [2026-01-28 16:53:57] Status: NOT_READY | Text: '' | Job: 1
2026-01-28 16:53:58 - keyence_client - WARNING - MarkedCharacter error: S029,Mark data Request Error
2026-01-28 16:53:58 - __main__ - INFO - [2026-01-28 16:53:58] Status: NOT_READY | Text: '' | Job: 1
2026-01-28 16:53:59 - keyence_client - WARNING - MarkedCharacter error: S029,Mark data Request Error
2026-01-28 16:53:59 - __main__ - INFO - [2026-01-28 16:53:59] Status: NOT_READY | Text: '' | Job: 1
2026-01-28 16:54:00 - keyence_client - WARNING - MarkedCharacter error: S029,Mark data Request Error
2026-01-28 16:54:00 - __main__ - INFO - [2026-01-28 16:54:00] Status: NOT_READY | Text: '' | Job: 1
2026-01-28 16:54:01 - keyence_client - WARNING - MarkedCharacter error: S029,Mark data Request Error
2026-01-28 16:54:01 - __main__ - INFO - [2026-01-28 16:54:01] Status: NOT_READY | Text: '' | Job: 1
2026-01-28 16:54:02 - keyence_client - WARNING - MarkedCharacter error: S029,Mark data Request Error
2026-01-28 16:54:02 - __main__ - INFO - [2026-01-28 16:54:02] Status: NOT_READY | Text: '' | Job: 1
2026-01-28 16:54:03 - keyence_client - WARNING - MarkedCharacter error: S029,Mark data Request Error
2026-01-28 16:54:03 - __main__ - INFO - [2026-01-28 16:54:03] Status: NOT_READY | Text: '' | Job: 1
2026-01-28 16:54:04 - keyence_client - WARNING - MarkedCharacter error: S029,Mark data Request Error
2026-01-28 16:54:04 - __main__ - INFO - [2026-01-28 16:54:04] Status: NOT_READY | Text: '' | Job: 1
2026-01-28 16:54:05 - keyence_client - WARNING - MarkedCharacter error: S029,Mark data Request Error
2026-01-28 16:54:05 - __main__ - INFO - [2026-01-28 16:54:05] Status: NOT_READY | Text: '' | Job: 1
2026-01-28 16:54:06 - keyence_client - WARNING - MarkedCharacter error: S029,Mark data Request Error
2026-01-28 16:54:06 - __main__ - INFO - [2026-01-28 16:54:06] Status: NOT_READY | Text: '' | Job: 1
2026-01-28 16:54:07 - keyence_client - WARNING - MarkedCharacter error: S029,Mark data Request Error
2026-01-28 16:54:07 - __main__ - INFO - [2026-01-28 16:54:07] Status: NOT_READY | Text: '' | Job: 1
2026-01-28 16:54:08 - keyence_client - WARNING - MarkedCharacter error: S029,Mark data Request Error
2026-01-28 16:54:08 - __main__ - INFO - [2026-01-28 16:54:08] Status: NOT_READY | Text: '' | Job: 1
2026-01-28 16:54:09 - keyence_client - WARNING - MarkedCharacter error: S029,Mark data Request Error
2026-01-28 16:54:09 - __main__ - INFO - [2026-01-28 16:54:09] Status: NOT_READY | Text: '' | Job: 1
2026-01-28 16:54:10 - keyence_client - WARNING - MarkedCharacter error: S029,Mark data Request Error
2026-01-28 16:54:10 - __main__ - INFO - [2026-01-28 16:54:10] Status: NOT_READY | Text: '' | Job: 1
2026-01-28 16:54:11 - keyence_client - WARNING - MarkedCharacter error: S029,Mark data Request Error
2026-01-28 16:54:11 - __main__ - INFO - [2026-01-28 16:54:11] Status: NOT_READY | Text: '' | Job: 1
2026-01-28 16:54:12 - keyence_client - WARNING - MarkedCharacter error: S029,Mark data Request Error
2026-01-28 16:54:12 - __main__ - INFO - [2026-01-28 16:54:12] Status: NOT_READY | Text: '' | Job: 1
2026-01-28 16:54:13 - keyence_client - WARNING - MarkedCharacter error: S029,Mark data Request Error
2026-01-28 16:54:13 - __main__ - INFO - [2026-01-28 16:54:13] Status: NOT_READY | Text: '' | Job: 1
2026-01-28 16:54:14 - keyence_client - WARNING - MarkedCharacter error: S029,Mark data Request Error
2026-01-28 16:54:14 - __main__ - INFO - [2026-01-28 16:54:14] Status: NOT_READY | Text: '' | Job: 1
2026-01-28 16:54:15 - keyence_client - WARNING - MarkedCharacter error: S029,Mark data Request Error
2026-01-28 16:54:15 - __main__ - INFO - [2026-01-28 16:54:15] Status: NOT_READY | Text: '' | Job: 1
2026-01-28 16:54:16 - keyence_client - WARNING - MarkedCharacter error: S029,Mark data Request Error
2026-01-28 16:54:16 - __main__ - INFO - [2026-01-28 16:54:16] Status: NOT_READY | Text: '' | Job: 1
2026-01-28 16:54:17 - keyence_client - WARNING - MarkedCharacter error: S029,Mark data Request Error
2026-01-28 16:54:17 - __main__ - INFO - [2026-01-28 16:54:17] Status: NOT_READY | Text: '' | Job: 1
2026-01-28 16:54:18 - keyence_client - WARNING - MarkedCharacter error: S029,Mark data Request Error
2026-01-28 16:54:18 - __main__ - INFO - [2026-01-28 16:54:18] Status: NOT_READY | Text: '' | Job: 1
2026-01-28 16:54:19 - keyence_client - WARNING - MarkedCharacter error: S029,Mark data Request Error
2026-01-28 16:54:19 - __main__ - INFO - [2026-01-28 16:54:19] Status: NOT_READY | Text: '' | Job: 1
2026-01-28 16:54:20 - keyence_client - WARNING - MarkedCharacter error: S029,Mark data Request Error
2026-01-28 16:54:20 - __main__ - INFO - [2026-01-28 16:54:20] Status: NOT_READY | Text: '' | Job: 1
2026-01-28 16:54:21 - keyence_client - WARNING - MarkedCharacter error: S029,Mark data Request Error
2026-01-28 16:54:21 - __main__ - INFO - [2026-01-28 16:54:21] Status: NOT_READY | Text: '' | Job: 1
2026-01-28 16:54:22 - keyence_client - WARNING - MarkedCharacter error: S029,Mark data Request Error
2026-01-28 16:54:22 - __main__ - INFO - [2026-01-28 16:54:22] Status: NOT_READY | Text: '' | Job: 1
2026-01-28 16:54:23 - keyence_client - WARNING - MarkedCharacter error: S029,Mark data Request Error
2026-01-28 16:54:23 - __main__ - INFO - [2026-01-28 16:54:23] Status: NOT_READY | Text: '' | Job: 1
2026-01-28 16:54:24 - keyence_client - WARNING - MarkedCharacter error: S029,Mark data Request Error
2026-01-28 16:54:24 - __main__ - INFO - [2026-01-28 16:54:24] Status: NOT_READY | Text: '' | Job: 1
2026-01-28 16:54:25 - keyence_client - WARNING - MarkedCharacter error: S029,Mark data Request Error
2026-01-28 16:54:25 - __main__ - INFO - [2026-01-28 16:54:25] Status: NOT_READY | Text: '' | Job: 1
2026-01-28 16:54:26 - keyence_client - WARNING - MarkedCharacter error: S029,Mark data Request Error
2026-01-28 16:54:26 - __main__ - INFO - [2026-01-28 16:54:26] Status: NOT_READY | Text: '' | Job: 1
2026-01-28 16:54:27 - keyence_client - WARNING - MarkedCharacter error: S029,Mark data Request Error
2026-01-28 16:54:27 - __main__ - INFO - [2026-01-28 16:54:27] Status: NOT_READY | Text: '' | Job: 1
2026-01-28 16:54:28 - keyence_client - WARNING - MarkedCharacter error: S029,Mark data Request Error
2026-01-28 16:54:28 - __main__ - INFO - [2026-01-28 16:54:28] Status: NOT_READY | Text: '' | Job: 1
2026-01-28 16:54:29 - keyence_client - WARNING - MarkedCharacter error: S029,Mark data Request Error
2026-01-28 16:54:29 - __main__ - INFO - [2026-01-28 16:54:29] Status: NOT_READY | Text: '' | Job: 1
2026-01-28 16:54:30 - keyence_client - WARNING - MarkedCharacter error: S029,Mark data Request Error
2026-01-28 16:54:30 - __main__ - INFO - [2026-01-28 16:54:30] Status: NOT_READY | Text: '' | Job: 1
2026-01-28 16:54:31 - keyence_client - WARNING - MarkedCharacter error: S029,Mark data Request Error
2026-01-28 16:54:31 - __main__ - INFO - [2026-01-28 16:54:31] Status: NOT_READY | Text: '' | Job: 1
2026-01-28 16:54:32 - keyence_client - WARNING - MarkedCharacter error: S029,Mark data Request Error
2026-01-28 16:54:32 - __main__ - INFO - [2026-01-28 16:54:32] Status: NOT_READY | Text: '' | Job: 1
2026-01-28 16:54:33 - keyence_client - WARNING - MarkedCharacter error: S029,Mark data Request Error
2026-01-28 16:54:33 - __main__ - INFO - [2026-01-28 16:54:33] Status: NOT_READY | Text: '' | Job: 1
2026-01-28 16:54:34 - keyence_client - WARNING - MarkedCharacter error: S029,Mark data Request Error
2026-01-28 16:54:34 - __main__ - INFO - [2026-01-28 16:54:34] Status: NOT_READY | Text: '' | Job: 1
2026-01-28 16:54:35 - keyence_client - WARNING - MarkedCharacter error: S029,Mark data Request Error
2026-01-28 16:54:35 - __main__ - INFO - [2026-01-28 16:54:35] Status: NOT_READY | Text: '' | Job: 1
2026-01-28 16:54:36 - keyence_client - WARNING - MarkedCharacter error: S029,Mark data Request Error
2026-01-28 16:54:36 - __main__ - INFO - [2026-01-28 16:54:36] Status: NOT_READY | Text: '' | Job: 1
2026-01-28 16:54:37 - keyence_client - WARNING - MarkedCharacter error: S029,Mark data Request Error
2026-01-28 16:54:37 - __main__ - INFO - [2026-01-28 16:54:37] Status: NOT_READY | Text: '' | Job: 1
2026-01-28 16:54:38 - keyence_client - WARNING - MarkedCharacter error: S029,Mark data Request Error
2026-01-28 16:54:38 - __main__ - INFO - [2026-01-28 16:54:38] Status: NOT_READY | Text: '' | Job: 1
2026-01-28 16:54:39 - keyence_client - WARNING - MarkedCharacter error: S029,Mark data Request Error
2026-01-28 16:54:39 - __main__ - INFO - [2026-01-28 16:54:39] Status: NOT_READY | Text: '' | Job: 1
2026-01-28 16:54:40 - keyence_client - WARNING - MarkedCharacter error: S029,Mark data Request Error
2026-01-28 16:54:40 - __main__ - INFO - [2026-01-28 16:54:40] Status: NOT_READY | Text: '' | Job: 1
2026-01-28 16:54:41 - keyence_client - WARNING - MarkedCharacter error: S029,Mark data Request Error
2026-01-28 16:54:41 - __main__ - INFO - [2026-01-28 16:54:41] Status: NOT_READY | Text: '' | Job: 1
2026-01-28 16:54:42 - keyence_client - WARNING - MarkedCharacter error: S029,Mark data Request Error
2026-01-28 16:54:42 - __main__ - INFO - [2026-01-28 16:54:42] Status: NOT_READY | Text: '' | Job: 1
2026-01-28 16:54:43 - keyence_client - WARNING - MarkedCharacter error: S029,Mark data Request Error
2026-01-28 16:54:43 - __main__ - INFO - [2026-01-28 16:54:43] Status: NOT_READY | Text: '' | Job: 1
2026-01-28 16:54:44 - keyence_client - WARNING - MarkedCharacter error: S029,Mark data Request Error
2026-01-28 16:54:44 - __main__ - INFO - [2026-01-28 16:54:44] Status: NOT_READY | Text: '' | Job: 1
2026-01-28 16:54:45 - keyence_client - WARNING - MarkedCharacter error: S029,Mark data Request Error
2026-01-28 16:54:45 - __main__ - INFO - [2026-01-28 16:54:45] Status: NOT_READY | Text: '' | Job: 1
2026-01-28 16:54:46 - keyence_client - WARNING - MarkedCharacter error: S029,Mark data Request Error
2026-01-28 16:54:46 - __main__ - INFO - [2026-01-28 16:54:46] Status: NOT_READY | Text: '' | Job: 1
2026-01-28 16:54:47 - keyence_client - WARNING - MarkedCharacter error: S029,Mark data Request Error
2026-01-28 16:54:47 - __main__ - INFO - [2026-01-28 16:54:47] Status: NOT_READY | Text: '' | Job: 1
2026-01-28 16:54:48 - keyence_client - WARNING - MarkedCharacter error: S029,Mark data Request Error
2026-01-28 16:54:48 - __main__ - INFO - [2026-01-28 16:54:48] Status: NOT_READY | Text: '' | Job: 1
2026-01-28 16:54:49 - keyence_client - WARNING - MarkedCharacter error: S029,Mark data Request Error
2026-01-28 16:54:49 - __main__ - INFO - [2026-01-28 16:54:49] Status: NOT_READY | Text: '' | Job: 1
2026-01-28 16:54:50 - keyence_client - WARNING - MarkedCharacter error: S029,Mark data Request Error
2026-01-28 16:54:50 - __main__ - INFO - [2026-01-28 16:54:50] Status: NOT_READY | Text: '' | Job: 1
2026-01-28 16:54:51 - keyence_client - WARNING - MarkedCharacter error: S029,Mark data Request Error
2026-01-28 16:54:51 - __main__ - INFO - [2026-01-28 16:54:51] Status: NOT_READY | Text: '' | Job: 1
2026-01-28 16:54:52 - keyence_client - WARNING - MarkedCharacter error: S029,Mark data Request Error
2026-01-28 16:54:52 - __main__ - INFO - [2026-01-28 16:54:52] Status: NOT_READY | Text: '' | Job: 1
2026-01-28 16:54:53 - keyence_client - WARNING - MarkedCharacter error: S029,Mark data Request Error
2026-01-28 16:54:53 - __main__ - INFO - [2026-01-28 16:54:53] Status: NOT_READY | Text: '' | Job: 1
2026-01-28 16:54:54 - keyence_client - WARNING - MarkedCharacter error: S029,Mark data Request Error
2026-01-28 16:54:54 - __main__ - INFO - [2026-01-28 16:54:54] Status: NOT_READY | Text: '' | Job: 1
2026-01-28 16:54:55 - __main__ - INFO - Shutdown signal received. Stopping...
2026-01-28 16:54:55 - keyence_client - INFO - Disconnected from Keyence MD-X2000
2026-01-28 16:54:55 - api_client - INFO - API client session closed
2026-01-28 16:54:55 - __main__ - INFO - Monitoring stopped.
2026-01-28 16:54:55 - api_client - INFO - API client session closed
2026-01-28 17:09:37 - __main__ - INFO - ============================================================
2026-01-28 17:09:37 - __main__ - INFO -   Keyence MD-X2000 Laser Marker Communication Script
2026-01-28 17:09:37 - __main__ - INFO - ============================================================
2026-01-28 17:09:37 - __main__ - INFO - ==================================================
2026-01-28 17:09:37 - __main__ - INFO - Starting continuous monitoring mode
2026-01-28 17:09:37 - __main__ - INFO - Poll interval: 1.0 seconds
2026-01-28 17:09:37 - __main__ - INFO - Press Ctrl+C to stop
2026-01-28 17:09:37 - __main__ - INFO - ==================================================
2026-01-28 17:09:37 - __main__ - INFO - Connecting to laser marker...
2026-01-28 17:09:37 - keyence_client - INFO - Connecting to Keyence MD-X2000 at 192.168.1.9:50002
2026-01-28 17:09:37 - keyence_client - INFO - Successfully connected to Keyence MD-X2000
2026-01-28 17:09:37 - keyence_client - WARNING - MarkedCharacter error: S029,Mark data Request Error
2026-01-28 17:09:37 - __main__ - INFO - [2026-01-28 17:09:37] Status: NOT_READY | Text: '' | Job: 1
2026-01-28 17:09:38 - keyence_client - WARNING - MarkedCharacter error: S029,Mark data Request Error
2026-01-28 17:09:38 - __main__ - INFO - [2026-01-28 17:09:38] Status: NOT_READY | Text: '' | Job: 1
2026-01-28 17:09:39 - keyence_client - WARNING - MarkedCharacter error: S029,Mark data Request Error
2026-01-28 17:09:39 - __main__ - INFO - [2026-01-28 17:09:39] Status: NOT_READY | Text: '' | Job: 1
2026-01-28 17:09:40 - keyence_client - WARNING - MarkedCharacter error: S029,Mark data Request Error
2026-01-28 17:09:40 - __main__ - INFO - [2026-01-28 17:09:40] Status: NOT_READY | Text: '' | Job: 1
2026-01-28 17:09:41 - keyence_client - WARNING - MarkedCharacter error: S029,Mark data Request Error
2026-01-28 17:09:41 - __main__ - INFO - [2026-01-28 17:09:41] Status: NOT_READY | Text: '' | Job: 1
2026-01-28 17:09:42 - keyence_client - WARNING - MarkedCharacter error: S029,Mark data Request Error
2026-01-28 17:09:42 - __main__ - INFO - [2026-01-28 17:09:42] Status: NOT_READY | Text: '' | Job: 1
2026-01-28 17:09:43 - keyence_client - WARNING - MarkedCharacter error: S029,Mark data Request Error
2026-01-28 17:09:43 - __main__ - INFO - [2026-01-28 17:09:43] Status: NOT_READY | Text: '' | Job: 1
2026-01-28 17:09:44 - keyence_client - WARNING - MarkedCharacter error: S029,Mark data Request Error
2026-01-28 17:09:44 - __main__ - INFO - [2026-01-28 17:09:44] Status: NOT_READY | Text: '' | Job: 1
2026-01-28 17:09:45 - keyence_client - WARNING - MarkedCharacter error: S029,Mark data Request Error
2026-01-28 17:09:45 - __main__ - INFO - [2026-01-28 17:09:45] Status: NOT_READY | Text: '' | Job: 1
2026-01-28 17:09:46 - keyence_client - WARNING - MarkedCharacter error: S029,Mark data Request Error
2026-01-28 17:09:46 - __main__ - INFO - [2026-01-28 17:09:46] Status: NOT_READY | Text: '' | Job: 1
2026-01-28 17:09:47 - keyence_client - WARNING - MarkedCharacter error: S029,Mark data Request Error
2026-01-28 17:09:47 - __main__ - INFO - [2026-01-28 17:09:47] Status: NOT_READY | Text: '' | Job: 1
2026-01-28 17:09:48 - keyence_client - WARNING - MarkedCharacter error: S029,Mark data Request Error
2026-01-28 17:09:48 - __main__ - INFO - [2026-01-28 17:09:48] Status: NOT_READY | Text: '' | Job: 1
2026-01-28 17:09:49 - keyence_client - WARNING - MarkedCharacter error: S029,Mark data Request Error
2026-01-28 17:09:49 - __main__ - INFO - [2026-01-28 17:09:49] Status: NOT_READY | Text: '' | Job: 1
2026-01-28 17:09:50 - keyence_client - WARNING - MarkedCharacter error: S029,Mark data Request Error
2026-01-28 17:09:50 - __main__ - INFO - [2026-01-28 17:09:50] Status: NOT_READY | Text: '' | Job: 1
2026-01-28 17:09:51 - keyence_client - WARNING - MarkedCharacter error: S029,Mark data Request Error
2026-01-28 17:09:51 - __main__ - INFO - [2026-01-28 17:09:51] Status: NOT_READY | Text: '' | Job: 1
2026-01-28 17:09:52 - keyence_client - WARNING - MarkedCharacter error: S029,Mark data Request Error
2026-01-28 17:09:52 - __main__ - INFO - [2026-01-28 17:09:52] Status: NOT_READY | Text: '' | Job: 1
2026-01-28 17:09:53 - keyence_client - WARNING - MarkedCharacter error: S029,Mark data Request Error
2026-01-28 17:09:53 - __main__ - INFO - [2026-01-28 17:09:53] Status: NOT_READY | Text: '' | Job: 1
2026-01-28 17:09:54 - keyence_client - WARNING - MarkedCharacter error: S029,Mark data Request Error
2026-01-28 17:09:54 - __main__ - INFO - [2026-01-28 17:09:54] Status: NOT_READY | Text: '' | Job: 1
2026-01-28 17:09:55 - keyence_client - WARNING - MarkedCharacter error: S029,Mark data Request Error
2026-01-28 17:09:55 - __main__ - INFO - [2026-01-28 17:09:55] Status: NOT_READY | Text: '' | Job: 1
2026-01-28 17:09:56 - keyence_client - WARNING - MarkedCharacter error: S029,Mark data Request Error
2026-01-28 17:09:56 - __main__ - INFO - [2026-01-28 17:09:56] Status: NOT_READY | Text: '' | Job: 1
2026-01-28 17:09:57 - keyence_client - WARNING - MarkedCharacter error: S029,Mark data Request Error
2026-01-28 17:09:57 - __main__ - INFO - [2026-01-28 17:09:57] Status: NOT_READY | Text: '' | Job: 1
2026-01-28 17:09:58 - keyence_client - WARNING - MarkedCharacter error: S029,Mark data Request Error
2026-01-28 17:09:58 - __main__ - INFO - [2026-01-28 17:09:58] Status: NOT_READY | Text: '' | Job: 1
2026-01-28 17:09:59 - keyence_client - WARNING - MarkedCharacter error: S029,Mark data Request Error
2026-01-28 17:09:59 - __main__ - INFO - [2026-01-28 17:09:59] Status: NOT_READY | Text: '' | Job: 1
2026-01-28 17:09:59 - __main__ - INFO - Shutdown signal received. Stopping...
2026-01-28 17:10:00 - keyence_client - INFO - Disconnected from Keyence MD-X2000
2026-01-28 17:10:00 - api_client - INFO - API client session closed
2026-01-28 17:10:00 - __main__ - INFO - Monitoring stopped.
2026-01-28 17:10:00 - api_client - INFO - API client session closed
2026-01-28 17:10:02 - __main__ - INFO - ============================================================
2026-01-28 17:10:02 - __main__ - INFO -   Keyence MD-X2000 Laser Marker Communication Script
2026-01-28 17:10:02 - __main__ - INFO - ============================================================
2026-01-28 17:10:02 - __main__ - INFO - ==================================================
2026-01-28 17:10:02 - __main__ - INFO - Starting continuous monitoring mode
2026-01-28 17:10:02 - __main__ - INFO - Poll interval: 1.0 seconds
2026-01-28 17:10:02 - __main__ - INFO - Press Ctrl+C to stop
2026-01-28 17:10:02 - __main__ - INFO - ==================================================
2026-01-28 17:10:02 - __main__ - INFO - Connecting to laser marker...
2026-01-28 17:10:02 - keyence_client - INFO - Connecting to Keyence MD-X2000 at 192.168.1.9:50002
2026-01-28 17:10:02 - keyence_client - INFO - Successfully connected to Keyence MD-X2000
2026-01-28 17:10:02 - keyence_client - WARNING - MarkedCharacter error: S029,Mark data Request Error
2026-01-28 17:10:02 - __main__ - INFO - [2026-01-28 17:10:02] Status: NOT_READY | Text: '' | Job: 1
2026-01-28 17:10:03 - keyence_client - WARNING - MarkedCharacter error: S029,Mark data Request Error
2026-01-28 17:10:03 - __main__ - INFO - [2026-01-28 17:10:03] Status: NOT_READY | Text: '' | Job: 1
2026-01-28 17:10:04 - keyence_client - WARNING - MarkedCharacter error: S029,Mark data Request Error
2026-01-28 17:10:04 - __main__ - INFO - [2026-01-28 17:10:04] Status: NOT_READY | Text: '' | Job: 1
2026-01-28 17:10:05 - keyence_client - WARNING - MarkedCharacter error: S029,Mark data Request Error
2026-01-28 17:10:05 - __main__ - INFO - [2026-01-28 17:10:05] Status: NOT_READY | Text: '' | Job: 1
2026-01-28 17:10:06 - keyence_client - WARNING - MarkedCharacter error: S029,Mark data Request Error
2026-01-28 17:10:06 - __main__ - INFO - [2026-01-28 17:10:06] Status: NOT_READY | Text: '' | Job: 1
2026-01-28 17:10:07 - keyence_client - WARNING - MarkedCharacter error: S029,Mark data Request Error
2026-01-28 17:10:07 - __main__ - INFO - [2026-01-28 17:10:07] Status: NOT_READY | Text: '' | Job: 1
2026-01-28 17:10:08 - keyence_client - WARNING - MarkedCharacter error: S029,Mark data Request Error
2026-01-28 17:10:08 - __main__ - INFO - [2026-01-28 17:10:08] Status: NOT_READY | Text: '' | Job: 1
2026-01-28 17:10:09 - keyence_client - WARNING - MarkedCharacter error: S029,Mark data Request Error
2026-01-28 17:10:09 - __main__ - INFO - [2026-01-28 17:10:09] Status: NOT_READY | Text: '' | Job: 1
2026-01-28 17:10:10 - keyence_client - WARNING - MarkedCharacter error: S029,Mark data Request Error
2026-01-28 17:10:10 - __main__ - INFO - [2026-01-28 17:10:10] Status: NOT_READY | Text: '' | Job: 1
2026-01-28 17:10:11 - keyence_client - WARNING - MarkedCharacter error: S029,Mark data Request Error
2026-01-28 17:10:11 - __main__ - INFO - [2026-01-28 17:10:11] Status: NOT_READY | Text: '' | Job: 1
2026-01-28 17:10:12 - keyence_client - WARNING - MarkedCharacter error: S029,Mark data Request Error
2026-01-28 17:10:12 - __main__ - INFO - [2026-01-28 17:10:12] Status: NOT_READY | Text: '' | Job: 1
2026-01-28 17:10:13 - keyence_client - WARNING - MarkedCharacter error: S029,Mark data Request Error
2026-01-28 17:10:13 - __main__ - INFO - [2026-01-28 17:10:13] Status: NOT_READY | Text: '' | Job: 1
2026-01-28 17:10:14 - keyence_client - WARNING - MarkedCharacter error: S029,Mark data Request Error
2026-01-28 17:10:14 - __main__ - INFO - [2026-01-28 17:10:14] Status: NOT_READY | Text: '' | Job: 1
2026-01-28 17:10:15 - keyence_client - WARNING - MarkedCharacter error: S029,Mark data Request Error
2026-01-28 17:10:15 - __main__ - INFO - [2026-01-28 17:10:15] Status: NOT_READY | Text: '' | Job: 1
2026-01-28 17:10:16 - keyence_client - WARNING - MarkedCharacter error: S029,Mark data Request Error
2026-01-28 17:10:16 - __main__ - INFO - [2026-01-28 17:10:16] Status: NOT_READY | Text: '' | Job: 1
2026-01-28 17:10:17 - keyence_client - WARNING - MarkedCharacter error: S029,Mark data Request Error
2026-01-28 17:10:17 - __main__ - INFO - [2026-01-28 17:10:17] Status: NOT_READY | Text: '' | Job: 1
2026-01-28 17:10:18 - keyence_client - WARNING - MarkedCharacter error: S029,Mark data Request Error
2026-01-28 17:10:18 - __main__ - INFO - [2026-01-28 17:10:18] Status: NOT_READY | Text: '' | Job: 1
2026-01-28 17:10:19 - keyence_client - WARNING - MarkedCharacter error: S029,Mark data Request Error
2026-01-28 17:10:19 - __main__ - INFO - [2026-01-28 17:10:19] Status: NOT_READY | Text: '' | Job: 1
2026-01-28 17:10:20 - keyence_client - WARNING - MarkedCharacter error: S029,Mark data Request Error
2026-01-28 17:10:20 - __main__ - INFO - [2026-01-28 17:10:20] Status: NOT_READY | Text: '' | Job: 1
2026-01-28 17:10:21 - keyence_client - WARNING - MarkedCharacter error: S029,Mark data Request Error
2026-01-28 17:10:21 - __main__ - INFO - [2026-01-28 17:10:21] Status: NOT_READY | Text: '' | Job: 1
2026-01-28 17:10:22 - keyence_client - WARNING - MarkedCharacter error: S029,Mark data Request Error
2026-01-28 17:10:22 - __main__ - INFO - [2026-01-28 17:10:22] Status: NOT_READY | Text: '' | Job: 1
2026-01-28 17:10:23 - keyence_client - WARNING - MarkedCharacter error: S029,Mark data Request Error
2026-01-28 17:10:23 - __main__ - INFO - [2026-01-28 17:10:23] Status: NOT_READY | Text: '' | Job: 1
2026-01-28 17:10:24 - keyence_client - WARNING - MarkedCharacter error: S029,Mark data Request Error
2026-01-28 17:10:24 - __main__ - INFO - [2026-01-28 17:10:24] Status: NOT_READY | Text: '' | Job: 1
2026-01-28 17:10:25 - keyence_client - WARNING - MarkedCharacter error: S029,Mark data Request Error
2026-01-28 17:10:25 - __main__ - INFO - [2026-01-28 17:10:25] Status: NOT_READY | Text: '' | Job: 1
2026-01-28 17:10:26 - keyence_client - WARNING - MarkedCharacter error: S029,Mark data Request Error
2026-01-28 17:10:26 - __main__ - INFO - [2026-01-28 17:10:26] Status: NOT_READY | Text: '' | Job: 1
2026-01-28 17:10:27 - keyence_client - WARNING - MarkedCharacter error: S029,Mark data Request Error
2026-01-28 17:10:27 - __main__ - INFO - [2026-01-28 17:10:27] Status: NOT_READY | Text: '' | Job: 1
2026-01-28 17:10:28 - keyence_client - WARNING - MarkedCharacter error: S029,Mark data Request Error
2026-01-28 17:10:28 - __main__ - INFO - [2026-01-28 17:10:28] Status: NOT_READY | Text: '' | Job: 1
2026-01-28 17:10:29 - keyence_client - WARNING - MarkedCharacter error: S029,Mark data Request Error
2026-01-28 17:10:29 - __main__ - INFO - [2026-01-28 17:10:29] Status: NOT_READY | Text: '' | Job: 1
2026-01-28 17:10:30 - keyence_client - WARNING - MarkedCharacter error: S029,Mark data Request Error
2026-01-28 17:10:30 - __main__ - INFO - [2026-01-28 17:10:30] Status: NOT_READY | Text: '' | Job: 1
2026-01-28 17:10:31 - keyence_client - WARNING - MarkedCharacter error: S029,Mark data Request Error
2026-01-28 17:10:31 - __main__ - INFO - [2026-01-28 17:10:31] Status: NOT_READY | Text: '' | Job: 1
2026-01-28 17:10:32 - keyence_client - WARNING - MarkedCharacter error: S029,Mark data Request Error
2026-01-28 17:10:32 - __main__ - INFO - [2026-01-28 17:10:32] Status: NOT_READY | Text: '' | Job: 1
2026-01-28 17:10:33 - keyence_client - WARNING - MarkedCharacter error: S029,Mark data Request Error
2026-01-28 17:10:33 - __main__ - INFO - [2026-01-28 17:10:33] Status: NOT_READY | Text: '' | Job: 1
2026-01-28 17:10:34 - keyence_client - WARNING - MarkedCharacter error: S029,Mark data Request Error
2026-01-28 17:10:34 - __main__ - INFO - [2026-01-28 17:10:34] Status: NOT_READY | Text: '' | Job: 1
2026-01-28 17:10:35 - keyence_client - WARNING - MarkedCharacter error: S029,Mark data Request Error
2026-01-28 17:10:35 - __main__ - INFO - [2026-01-28 17:10:35] Status: NOT_READY | Text: '' | Job: 1
2026-01-28 17:10:36 - keyence_client - WARNING - MarkedCharacter error: S029,Mark data Request Error
2026-01-28 17:10:36 - __main__ - INFO - [2026-01-28 17:10:36] Status: NOT_READY | Text: '' | Job: 1
2026-01-28 17:10:37 - keyence_client - WARNING - MarkedCharacter error: S029,Mark data Request Error
2026-01-28 17:10:37 - __main__ - INFO - [2026-01-28 17:10:37] Status: NOT_READY | Text: '' | Job: 1
2026-01-28 17:10:38 - keyence_client - WARNING - MarkedCharacter error: S029,Mark data Request Error
2026-01-28 17:10:38 - __main__ - INFO - [2026-01-28 17:10:38] Status: NOT_READY | Text: '' | Job: 1
2026-01-28 17:10:39 - keyence_client - WARNING - MarkedCharacter error: S029,Mark data Request Error
2026-01-28 17:10:39 - __main__ - INFO - [2026-01-28 17:10:39] Status: NOT_READY | Text: '' | Job: 1
2026-01-28 17:10:40 - keyence_client - WARNING - MarkedCharacter error: S029,Mark data Request Error
2026-01-28 17:10:40 - __main__ - INFO - [2026-01-28 17:10:40] Status: NOT_READY | Text: '' | Job: 1
2026-01-28 17:10:41 - keyence_client - WARNING - MarkedCharacter error: S029,Mark data Request Error
2026-01-28 17:10:41 - __main__ - INFO - [2026-01-28 17:10:41] Status: NOT_READY | Text: '' | Job: 1
2026-01-28 17:10:42 - keyence_client - WARNING - MarkedCharacter error: S029,Mark data Request Error
2026-01-28 17:10:42 - __main__ - INFO - [2026-01-28 17:10:42] Status: NOT_READY | Text: '' | Job: 1
2026-01-28 17:10:43 - keyence_client - WARNING - MarkedCharacter error: S029,Mark data Request Error
2026-01-28 17:10:43 - __main__ - INFO - [2026-01-28 17:10:43] Status: NOT_READY | Text: '' | Job: 1
2026-01-28 17:10:44 - keyence_client - WARNING - MarkedCharacter error: S029,Mark data Request Error
2026-01-28 17:10:44 - __main__ - INFO - [2026-01-28 17:10:44] Status: NOT_READY | Text: '' | Job: 1
2026-01-28 17:10:45 - keyence_client - WARNING - MarkedCharacter error: S029,Mark data Request Error
2026-01-28 17:10:45 - __main__ - INFO - [2026-01-28 17:10:45] Status: NOT_READY | Text: '' | Job: 1
2026-01-28 17:10:46 - keyence_client - WARNING - MarkedCharacter error: S029,Mark data Request Error
2026-01-28 17:10:46 - __main__ - INFO - [2026-01-28 17:10:46] Status: NOT_READY | Text: '' | Job: 1
2026-01-28 17:10:47 - keyence_client - WARNING - MarkedCharacter error: S029,Mark data Request Error
2026-01-28 17:10:47 - __main__ - INFO - [2026-01-28 17:10:47] Status: NOT_READY | Text: '' | Job: 1
2026-01-28 17:10:48 - keyence_client - WARNING - MarkedCharacter error: S029,Mark data Request Error
2026-01-28 17:10:48 - __main__ - INFO - [2026-01-28 17:10:48] Status: NOT_READY | Text: '' | Job: 1
2026-01-28 17:10:49 - keyence_client - WARNING - MarkedCharacter error: S029,Mark data Request Error
2026-01-28 17:10:49 - __main__ - INFO - [2026-01-28 17:10:49] Status: NOT_READY | Text: '' | Job: 1
2026-01-28 17:10:50 - keyence_client - WARNING - MarkedCharacter error: S029,Mark data Request Error
2026-01-28 17:10:50 - __main__ - INFO - [2026-01-28 17:10:50] Status: NOT_READY | Text: '' | Job: 1
2026-01-28 17:10:51 - keyence_client - WARNING - MarkedCharacter error: S029,Mark data Request Error
2026-01-28 17:10:51 - __main__ - INFO - [2026-01-28 17:10:51] Status: NOT_READY | Text: '' | Job: 1
2026-01-28 17:10:52 - keyence_client - WARNING - MarkedCharacter error: S029,Mark data Request Error
2026-01-28 17:10:52 - __main__ - INFO - [2026-01-28 17:10:52] Status: NOT_READY | Text: '' | Job: 1
2026-01-28 17:10:53 - keyence_client - WARNING - MarkedCharacter error: S029,Mark data Request Error
2026-01-28 17:10:53 - __main__ - INFO - [2026-01-28 17:10:53] Status: NOT_READY | Text: '' | Job: 1
2026-01-28 17:10:54 - keyence_client - WARNING - MarkedCharacter error: S029,Mark data Request Error
2026-01-28 17:10:54 - __main__ - INFO - [2026-01-28 17:10:54] Status: NOT_READY | Text: '' | Job: 1
2026-01-28 17:10:55 - keyence_client - WARNING - MarkedCharacter error: S029,Mark data Request Error
2026-01-28 17:10:55 - __main__ - INFO - [2026-01-28 17:10:55] Status: NOT_READY | Text: '' | Job: 1
2026-01-28 17:10:56 - keyence_client - WARNING - MarkedCharacter error: S029,Mark data Request Error
2026-01-28 17:10:56 - __main__ - INFO - [2026-01-28 17:10:56] Status: NOT_READY | Text: '' | Job: 1
2026-01-28 17:10:57 - keyence_client - WARNING - MarkedCharacter error: S029,Mark data Request Error
2026-01-28 17:10:57 - __main__ - INFO - [2026-01-28 17:10:57] Status: NOT_READY | Text: '' | Job: 1
2026-01-28 17:10:58 - keyence_client - WARNING - MarkedCharacter error: S029,Mark data Request Error
2026-01-28 17:10:58 - __main__ - INFO - [2026-01-28 17:10:58] Status: NOT_READY | Text: '' | Job: 1
2026-01-28 17:10:59 - keyence_client - WARNING - MarkedCharacter error: S029,Mark data Request Error
2026-01-28 17:10:59 - __main__ - INFO - [2026-01-28 17:10:59] Status: NOT_READY | Text: '' | Job: 1
2026-01-28 17:11:00 - keyence_client - WARNING - MarkedCharacter error: S029,Mark data Request Error
2026-01-28 17:11:00 - __main__ - INFO - [2026-01-28 17:11:00] Status: NOT_READY | Text: '' | Job: 1
2026-01-28 17:11:01 - keyence_client - WARNING - MarkedCharacter error: S029,Mark data Request Error
2026-01-28 17:11:01 - __main__ - INFO - [2026-01-28 17:11:01] Status: NOT_READY | Text: '' | Job: 1
2026-01-28 17:11:02 - keyence_client - WARNING - MarkedCharacter error: S029,Mark data Request Error
2026-01-28 17:11:02 - __main__ - INFO - [2026-01-28 17:11:02] Status: NOT_READY | Text: '' | Job: 1
2026-01-28 17:11:03 - keyence_client - WARNING - MarkedCharacter error: S029,Mark data Request Error
2026-01-28 17:11:03 - __main__ - INFO - [2026-01-28 17:11:03] Status: NOT_READY | Text: '' | Job: 1
2026-01-28 17:11:04 - keyence_client - WARNING - MarkedCharacter error: S029,Mark data Request Error
2026-01-28 17:11:04 - __main__ - INFO - [2026-01-28 17:11:04] Status: NOT_READY | Text: '' | Job: 1
2026-01-28 17:11:05 - keyence_client - WARNING - MarkedCharacter error: S029,Mark data Request Error
2026-01-28 17:11:05 - __main__ - INFO - [2026-01-28 17:11:05] Status: NOT_READY | Text: '' | Job: 1
2026-01-28 17:11:06 - keyence_client - WARNING - MarkedCharacter error: S029,Mark data Request Error
2026-01-28 17:11:06 - __main__ - INFO - [2026-01-28 17:11:06] Status: NOT_READY | Text: '' | Job: 1
2026-01-28 17:11:07 - keyence_client - WARNING - MarkedCharacter error: S029,Mark data Request Error
2026-01-28 17:11:07 - __main__ - INFO - [2026-01-28 17:11:07] Status: NOT_READY | Text: '' | Job: 1
2026-01-28 17:11:08 - keyence_client - WARNING - MarkedCharacter error: S029,Mark data Request Error
2026-01-28 17:11:08 - __main__ - INFO - [2026-01-28 17:11:08] Status: NOT_READY | Text: '' | Job: 1
2026-01-28 17:11:09 - keyence_client - WARNING - MarkedCharacter error: S029,Mark data Request Error
2026-01-28 17:11:09 - __main__ - INFO - [2026-01-28 17:11:09] Status: NOT_READY | Text: '' | Job: 1
2026-01-28 17:11:10 - keyence_client - WARNING - MarkedCharacter error: S029,Mark data Request Error
2026-01-28 17:11:10 - __main__ - INFO - [2026-01-28 17:11:10] Status: NOT_READY | Text: '' | Job: 1
2026-01-28 17:11:11 - keyence_client - WARNING - MarkedCharacter error: S029,Mark data Request Error
2026-01-28 17:11:11 - __main__ - INFO - [2026-01-28 17:11:11] Status: NOT_READY | Text: '' | Job: 1
2026-01-28 17:11:12 - keyence_client - WARNING - MarkedCharacter error: S029,Mark data Request Error
2026-01-28 17:11:12 - __main__ - INFO - [2026-01-28 17:11:12] Status: NOT_READY | Text: '' | Job: 1
2026-01-28 17:11:13 - keyence_client - WARNING - MarkedCharacter error: S029,Mark data Request Error
2026-01-28 17:11:13 - __main__ - INFO - [2026-01-28 17:11:13] Status: NOT_READY | Text: '' | Job: 1
2026-01-28 17:11:14 - keyence_client - WARNING - MarkedCharacter error: S029,Mark data Request Error
2026-01-28 17:11:14 - __main__ - INFO - [2026-01-28 17:11:14] Status: NOT_READY | Text: '' | Job: 1
2026-01-28 17:11:15 - keyence_client - WARNING - MarkedCharacter error: S029,Mark data Request Error
2026-01-28 17:11:15 - __main__ - INFO - [2026-01-28 17:11:15] Status: NOT_READY | Text: '' | Job: 1
2026-01-28 17:11:16 - keyence_client - WARNING - MarkedCharacter error: S029,Mark data Request Error
2026-01-28 17:11:16 - __main__ - INFO - [2026-01-28 17:11:16] Status: NOT_READY | Text: '' | Job: 1
2026-01-28 17:11:17 - keyence_client - WARNING - MarkedCharacter error: S029,Mark data Request Error
2026-01-28 17:11:17 - __main__ - INFO - [2026-01-28 17:11:17] Status: NOT_READY | Text: '' | Job: 1
2026-01-28 17:11:18 - keyence_client - WARNING - MarkedCharacter error: S029,Mark data Request Error
2026-01-28 17:11:18 - __main__ - INFO - [2026-01-28 17:11:18] Status: NOT_READY | Text: '' | Job: 1
2026-01-28 17:11:19 - keyence_client - WARNING - MarkedCharacter error: S029,Mark data Request Error
2026-01-28 17:11:19 - __main__ - INFO - [2026-01-28 17:11:19] Status: NOT_READY | Text: '' | Job: 1
2026-01-28 17:11:20 - keyence_client - WARNING - MarkedCharacter error: S029,Mark data Request Error
2026-01-28 17:11:20 - __main__ - INFO - [2026-01-28 17:11:20] Status: NOT_READY | Text: '' | Job: 1
2026-01-28 17:11:21 - keyence_client - WARNING - MarkedCharacter error: S029,Mark data Request Error
2026-01-28 17:11:21 - __main__ - INFO - [2026-01-28 17:11:21] Status: NOT_READY | Text: '' | Job: 1
2026-01-28 17:11:22 - keyence_client - WARNING - MarkedCharacter error: S029,Mark data Request Error
2026-01-28 17:11:22 - __main__ - INFO - [2026-01-28 17:11:22] Status: NOT_READY | Text: '' | Job: 1
2026-01-28 17:11:23 - keyence_client - WARNING - MarkedCharacter error: S029,Mark data Request Error
2026-01-28 17:11:23 - __main__ - INFO - [2026-01-28 17:11:23] Status: NOT_READY | Text: '' | Job: 1
2026-01-28 17:11:24 - keyence_client - WARNING - MarkedCharacter error: S029,Mark data Request Error
2026-01-28 17:11:24 - __main__ - INFO - [2026-01-28 17:11:24] Status: NOT_READY | Text: '' | Job: 1
2026-01-28 17:11:25 - keyence_client - WARNING - MarkedCharacter error: S029,Mark data Request Error
2026-01-28 17:11:25 - __main__ - INFO - [2026-01-28 17:11:25] Status: NOT_READY | Text: '' | Job: 1
2026-01-28 17:11:26 - keyence_client - WARNING - MarkedCharacter error: S029,Mark data Request Error
2026-01-28 17:11:26 - __main__ - INFO - [2026-01-28 17:11:26] Status: NOT_READY | Text: '' | Job: 1
2026-01-28 17:11:27 - keyence_client - WARNING - MarkedCharacter error: S029,Mark data Request Error
2026-01-28 17:11:27 - __main__ - INFO - [2026-01-28 17:11:27] Status: NOT_READY | Text: '' | Job: 1
2026-01-28 17:11:28 - keyence_client - WARNING - MarkedCharacter error: S029,Mark data Request Error
2026-01-28 17:11:28 - __main__ - INFO - [2026-01-28 17:11:28] Status: NOT_READY | Text: '' | Job: 1
2026-01-28 17:11:29 - keyence_client - WARNING - MarkedCharacter error: S029,Mark data Request Error
2026-01-28 17:11:29 - __main__ - INFO - [2026-01-28 17:11:29] Status: NOT_READY | Text: '' | Job: 1
2026-01-28 17:11:30 - keyence_client - WARNING - MarkedCharacter error: S029,Mark data Request Error
2026-01-28 17:11:30 - __main__ - INFO - [2026-01-28 17:11:30] Status: NOT_READY | Text: '' | Job: 1
2026-01-28 17:11:31 - keyence_client - WARNING - MarkedCharacter error: S029,Mark data Request Error
2026-01-28 17:11:31 - __main__ - INFO - [2026-01-28 17:11:31] Status: NOT_READY | Text: '' | Job: 1
2026-01-28 17:11:32 - keyence_client - WARNING - MarkedCharacter error: S029,Mark data Request Error
2026-01-28 17:11:32 - __main__ - INFO - [2026-01-28 17:11:32] Status: NOT_READY | Text: '' | Job: 1
2026-01-28 17:11:33 - keyence_client - WARNING - MarkedCharacter error: S029,Mark data Request Error
2026-01-28 17:11:33 - __main__ - INFO - [2026-01-28 17:11:33] Status: NOT_READY | Text: '' | Job: 1
2026-01-28 17:11:35 - keyence_client - WARNING - MarkedCharacter error: S029,Mark data Request Error
2026-01-28 17:11:35 - __main__ - INFO - [2026-01-28 17:11:35] Status: NOT_READY | Text: '' | Job: 1
2026-01-28 17:11:36 - keyence_client - WARNING - MarkedCharacter error: S029,Mark data Request Error
2026-01-28 17:11:36 - __main__ - INFO - [2026-01-28 17:11:36] Status: NOT_READY | Text: '' | Job: 1
2026-01-28 17:11:37 - keyence_client - WARNING - MarkedCharacter error: S029,Mark data Request Error
2026-01-28 17:11:37 - __main__ - INFO - [2026-01-28 17:11:37] Status: NOT_READY | Text: '' | Job: 1
2026-01-28 17:11:38 - keyence_client - WARNING - MarkedCharacter error: S029,Mark data Request Error
2026-01-28 17:11:38 - __main__ - INFO - [2026-01-28 17:11:38] Status: NOT_READY | Text: '' | Job: 1
2026-01-28 17:11:39 - keyence_client - WARNING - MarkedCharacter error: S029,Mark data Request Error
2026-01-28 17:11:39 - __main__ - INFO - [2026-01-28 17:11:39] Status: NOT_READY | Text: '' | Job: 1
2026-01-28 17:11:40 - keyence_client - WARNING - MarkedCharacter error: S029,Mark data Request Error
2026-01-28 17:11:40 - __main__ - INFO - [2026-01-28 17:11:40] Status: NOT_READY | Text: '' | Job: 1
2026-01-28 17:11:41 - keyence_client - WARNING - MarkedCharacter error: S029,Mark data Request Error
2026-01-28 17:11:41 - __main__ - INFO - [2026-01-28 17:11:41] Status: NOT_READY | Text: '' | Job: 1
2026-01-28 17:11:42 - keyence_client - WARNING - MarkedCharacter error: S029,Mark data Request Error
2026-01-28 17:11:42 - __main__ - INFO - [2026-01-28 17:11:42] Status: NOT_READY | Text: '' | Job: 1
2026-01-28 17:11:43 - keyence_client - WARNING - MarkedCharacter error: S029,Mark data Request Error
2026-01-28 17:11:43 - __main__ - INFO - [2026-01-28 17:11:43] Status: NOT_READY | Text: '' | Job: 1
2026-01-28 17:11:44 - keyence_client - WARNING - MarkedCharacter error: S029,Mark data Request Error
2026-01-28 17:11:44 - __main__ - INFO - [2026-01-28 17:11:44] Status: NOT_READY | Text: '' | Job: 1
2026-01-28 17:11:45 - keyence_client - WARNING - MarkedCharacter error: S029,Mark data Request Error
2026-01-28 17:11:45 - __main__ - INFO - [2026-01-28 17:11:45] Status: NOT_READY | Text: '' | Job: 1
2026-01-28 17:11:46 - keyence_client - WARNING - MarkedCharacter error: S029,Mark data Request Error
2026-01-28 17:11:46 - __main__ - INFO - [2026-01-28 17:11:46] Status: NOT_READY | Text: '' | Job: 1
2026-01-28 17:11:47 - keyence_client - WARNING - MarkedCharacter error: S029,Mark data Request Error
2026-01-28 17:11:47 - __main__ - INFO - [2026-01-28 17:11:47] Status: NOT_READY | Text: '' | Job: 1
2026-01-28 17:11:48 - keyence_client - WARNING - MarkedCharacter error: S029,Mark data Request Error
2026-01-28 17:11:48 - __main__ - INFO - [2026-01-28 17:11:48] Status: NOT_READY | Text: '' | Job: 1
2026-01-28 17:11:49 - keyence_client - WARNING - MarkedCharacter error: S029,Mark data Request Error
2026-01-28 17:11:49 - __main__ - INFO - [2026-01-28 17:11:49] Status: NOT_READY | Text: '' | Job: 1
2026-01-28 17:11:50 - keyence_client - WARNING - MarkedCharacter error: S029,Mark data Request Error
2026-01-28 17:11:50 - __main__ - INFO - [2026-01-28 17:11:50] Status: NOT_READY | Text: '' | Job: 1
2026-01-28 17:11:51 - keyence_client - WARNING - MarkedCharacter error: S029,Mark data Request Error
2026-01-28 17:11:51 - __main__ - INFO - [2026-01-28 17:11:51] Status: NOT_READY | Text: '' | Job: 1
2026-01-28 17:11:52 - keyence_client - WARNING - MarkedCharacter error: S029,Mark data Request Error
2026-01-28 17:11:52 - __main__ - INFO - [2026-01-28 17:11:52] Status: NOT_READY | Text: '' | Job: 1
2026-01-28 17:11:53 - keyence_client - WARNING - MarkedCharacter error: S029,Mark data Request Error
2026-01-28 17:11:53 - __main__ - INFO - [2026-01-28 17:11:53] Status: NOT_READY | Text: '' | Job: 1
2026-01-28 17:11:54 - keyence_client - WARNING - MarkedCharacter error: S029,Mark data Request Error
2026-01-28 17:11:54 - __main__ - INFO - [2026-01-28 17:11:54] Status: NOT_READY | Text: '' | Job: 1
2026-01-28 17:11:55 - keyence_client - WARNING - MarkedCharacter error: S029,Mark data Request Error
2026-01-28 17:11:55 - __main__ - INFO - [2026-01-28 17:11:55] Status: NOT_READY | Text: '' | Job: 1
2026-01-28 17:11:56 - keyence_client - WARNING - MarkedCharacter error: S029,Mark data Request Error
2026-01-28 17:11:56 - __main__ - INFO - [2026-01-28 17:11:56] Status: NOT_READY | Text: '' | Job: 1
2026-01-28 17:11:57 - keyence_client - WARNING - MarkedCharacter error: S029,Mark data Request Error
2026-01-28 17:11:57 - __main__ - INFO - [2026-01-28 17:11:57] Status: NOT_READY | Text: '' | Job: 1
2026-01-28 17:11:58 - keyence_client - WARNING - MarkedCharacter error: S029,Mark data Request Error
2026-01-28 17:11:58 - __main__ - INFO - [2026-01-28 17:11:58] Status: NOT_READY | Text: '' | Job: 1
2026-01-28 17:11:59 - keyence_client - WARNING - MarkedCharacter error: S029,Mark data Request Error
2026-01-28 17:11:59 - __main__ - INFO - [2026-01-28 17:11:59] Status: NOT_READY | Text: '' | Job: 1
2026-01-28 17:12:00 - keyence_client - WARNING - MarkedCharacter error: S029,Mark data Request Error
2026-01-28 17:12:00 - __main__ - INFO - [2026-01-28 17:12:00] Status: NOT_READY | Text: '' | Job: 1
2026-01-28 17:12:01 - keyence_client - WARNING - MarkedCharacter error: S029,Mark data Request Error
2026-01-28 17:12:01 - __main__ - INFO - [2026-01-28 17:12:01] Status: NOT_READY | Text: '' | Job: 1
2026-01-28 17:12:02 - keyence_client - WARNING - MarkedCharacter error: S029,Mark data Request Error
2026-01-28 17:12:02 - __main__ - INFO - [2026-01-28 17:12:02] Status: NOT_READY | Text: '' | Job: 1
2026-01-28 17:12:03 - keyence_client - WARNING - MarkedCharacter error: S029,Mark data Request Error
2026-01-28 17:12:03 - __main__ - INFO - [2026-01-28 17:12:03] Status: NOT_READY | Text: '' | Job: 1
2026-01-28 17:12:04 - keyence_client - WARNING - MarkedCharacter error: S029,Mark data Request Error
2026-01-28 17:12:04 - __main__ - INFO - [2026-01-28 17:12:04] Status: NOT_READY | Text: '' | Job: 1
2026-01-28 17:12:05 - keyence_client - WARNING - MarkedCharacter error: S029,Mark data Request Error
2026-01-28 17:12:05 - __main__ - INFO - [2026-01-28 17:12:05] Status: NOT_READY | Text: '' | Job: 1
2026-01-28 17:12:06 - keyence_client - WARNING - MarkedCharacter error: S029,Mark data Request Error
2026-01-28 17:12:06 - __main__ - INFO - [2026-01-28 17:12:06] Status: NOT_READY | Text: '' | Job: 1
2026-01-28 17:12:07 - keyence_client - WARNING - MarkedCharacter error: S029,Mark data Request Error
2026-01-28 17:12:07 - __main__ - INFO - [2026-01-28 17:12:07] Status: NOT_READY | Text: '' | Job: 1
2026-01-28 17:12:08 - keyence_client - WARNING - MarkedCharacter error: S029,Mark data Request Error
2026-01-28 17:12:08 - __main__ - INFO - [2026-01-28 17:12:08] Status: NOT_READY | Text: '' | Job: 1
2026-01-28 17:12:09 - keyence_client - WARNING - MarkedCharacter error: S029,Mark data Request Error
2026-01-28 17:12:09 - __main__ - INFO - [2026-01-28 17:12:09] Status: NOT_READY | Text: '' | Job: 1
2026-01-28 17:12:10 - keyence_client - WARNING - MarkedCharacter error: S029,Mark data Request Error
2026-01-28 17:12:10 - __main__ - INFO - [2026-01-28 17:12:10] Status: NOT_READY | Text: '' | Job: 1
2026-01-28 17:12:11 - keyence_client - WARNING - MarkedCharacter error: S029,Mark data Request Error
2026-01-28 17:12:11 - __main__ - INFO - [2026-01-28 17:12:11] Status: NOT_READY | Text: '' | Job: 1
2026-01-28 17:12:12 - keyence_client - WARNING - MarkedCharacter error: S029,Mark data Request Error
2026-01-28 17:12:12 - __main__ - INFO - [2026-01-28 17:12:12] Status: NOT_READY | Text: '' | Job: 1
2026-01-28 17:12:13 - keyence_client - WARNING - MarkedCharacter error: S029,Mark data Request Error
2026-01-28 17:12:13 - __main__ - INFO - [2026-01-28 17:12:13] Status: NOT_READY | Text: '' | Job: 1
2026-01-28 17:12:14 - keyence_client - WARNING - MarkedCharacter error: S029,Mark data Request Error
2026-01-28 17:12:14 - __main__ - INFO - [2026-01-28 17:12:14] Status: NOT_READY | Text: '' | Job: 1
2026-01-28 17:12:15 - keyence_client - WARNING - MarkedCharacter error: S029,Mark data Request Error
2026-01-28 17:12:15 - __main__ - INFO - [2026-01-28 17:12:15] Status: NOT_READY | Text: '' | Job: 1
2026-01-28 17:12:16 - keyence_client - WARNING - MarkedCharacter error: S029,Mark data Request Error
2026-01-28 17:12:16 - __main__ - INFO - [2026-01-28 17:12:16] Status: NOT_READY | Text: '' | Job: 1
2026-01-28 17:12:17 - keyence_client - WARNING - MarkedCharacter error: S029,Mark data Request Error
2026-01-28 17:12:17 - __main__ - INFO - [2026-01-28 17:12:17] Status: NOT_READY | Text: '' | Job: 1
2026-01-28 17:12:17 - __main__ - INFO - Shutdown signal received. Stopping...
2026-01-28 17:12:18 - keyence_client - INFO - Disconnected from Keyence MD-X2000
2026-01-28 17:12:18 - api_client - INFO - API client session closed
2026-01-28 17:12:18 - __main__ - INFO - Monitoring stopped.
2026-01-28 17:12:18 - api_client - INFO - API client session closed
2026-01-28 17:21:06 - __main__ - INFO - ============================================================
2026-01-28 17:21:06 - __main__ - INFO -   Keyence MD-X2000 Laser Marker Communication Script
2026-01-28 17:21:06 - __main__ - INFO - ============================================================
2026-01-28 17:21:06 - __main__ - INFO - ==================================================
2026-01-28 17:21:06 - __main__ - INFO - Starting continuous monitoring mode
2026-01-28 17:21:06 - __main__ - INFO - Poll interval: 1.0 seconds
2026-01-28 17:21:06 - __main__ - INFO - Press Ctrl+C to stop
2026-01-28 17:21:06 - __main__ - INFO - ==================================================
2026-01-28 17:21:06 - __main__ - INFO - Connecting to laser marker...
2026-01-28 17:21:06 - keyence_client - INFO - Connecting to Keyence MD-X2000 at 192.168.1.9:50002
2026-01-28 17:21:07 - keyence_client - INFO - Successfully connected to Keyence MD-X2000
2026-01-28 17:21:07 - keyence_client - WARNING - MarkedCharacter error: S029,Mark data Request Error
2026-01-28 17:21:07 - __main__ - INFO - [2026-01-28 17:21:07] Status: NOT_READY | Text: '' | Job: 1
2026-01-28 17:21:08 - keyence_client - WARNING - MarkedCharacter error: S029,Mark data Request Error
2026-01-28 17:21:08 - __main__ - INFO - [2026-01-28 17:21:08] Status: NOT_READY | Text: '' | Job: 1
2026-01-28 17:21:09 - keyence_client - WARNING - MarkedCharacter error: S029,Mark data Request Error
2026-01-28 17:21:09 - __main__ - INFO - [2026-01-28 17:21:09] Status: NOT_READY | Text: '' | Job: 1
2026-01-28 17:21:10 - keyence_client - WARNING - MarkedCharacter error: S029,Mark data Request Error
2026-01-28 17:21:10 - __main__ - INFO - [2026-01-28 17:21:10] Status: NOT_READY | Text: '' | Job: 1
2026-01-28 17:21:11 - keyence_client - WARNING - MarkedCharacter error: S029,Mark data Request Error
2026-01-28 17:21:11 - __main__ - INFO - [2026-01-28 17:21:11] Status: NOT_READY | Text: '' | Job: 1
2026-01-28 17:21:12 - keyence_client - WARNING - MarkedCharacter error: S029,Mark data Request Error
2026-01-28 17:21:12 - __main__ - INFO - [2026-01-28 17:21:12] Status: NOT_READY | Text: '' | Job: 1
2026-01-28 17:21:13 - keyence_client - WARNING - MarkedCharacter error: S029,Mark data Request Error
2026-01-28 17:21:13 - __main__ - INFO - [2026-01-28 17:21:13] Status: NOT_READY | Text: '' | Job: 1
2026-01-28 17:21:14 - keyence_client - WARNING - MarkedCharacter error: S029,Mark data Request Error
2026-01-28 17:21:14 - __main__ - INFO - [2026-01-28 17:21:14] Status: NOT_READY | Text: '' | Job: 1
2026-01-28 17:21:15 - keyence_client - WARNING - MarkedCharacter error: S029,Mark data Request Error
2026-01-28 17:21:15 - __main__ - INFO - [2026-01-28 17:21:15] Status: NOT_READY | Text: '' | Job: 1
2026-01-28 17:21:16 - keyence_client - WARNING - MarkedCharacter error: S029,Mark data Request Error
2026-01-28 17:21:16 - __main__ - INFO - [2026-01-28 17:21:16] Status: NOT_READY | Text: '' | Job: 1
2026-01-28 17:21:17 - keyence_client - WARNING - MarkedCharacter error: S029,Mark data Request Error
2026-01-28 17:21:17 - __main__ - INFO - [2026-01-28 17:21:17] Status: NOT_READY | Text: '' | Job: 1
2026-01-28 17:21:18 - keyence_client - WARNING - MarkedCharacter error: S029,Mark data Request Error
2026-01-28 17:21:18 - __main__ - INFO - [2026-01-28 17:21:18] Status: NOT_READY | Text: '' | Job: 1
2026-01-28 17:21:19 - keyence_client - WARNING - MarkedCharacter error: S029,Mark data Request Error
2026-01-28 17:21:19 - __main__ - INFO - [2026-01-28 17:21:19] Status: NOT_READY | Text: '' | Job: 1
2026-01-28 17:21:20 - keyence_client - WARNING - MarkedCharacter error: S029,Mark data Request Error
2026-01-28 17:21:20 - __main__ - INFO - [2026-01-28 17:21:20] Status: NOT_READY | Text: '' | Job: 1
2026-01-28 17:21:21 - keyence_client - WARNING - MarkedCharacter error: S029,Mark data Request Error
2026-01-28 17:21:21 - __main__ - INFO - [2026-01-28 17:21:21] Status: NOT_READY | Text: '' | Job: 1
2026-01-28 17:21:22 - keyence_client - WARNING - MarkedCharacter error: S029,Mark data Request Error
2026-01-28 17:21:22 - __main__ - INFO - [2026-01-28 17:21:22] Status: NOT_READY | Text: '' | Job: 1
2026-01-28 17:21:23 - keyence_client - WARNING - MarkedCharacter error: S029,Mark data Request Error
2026-01-28 17:21:23 - __main__ - INFO - [2026-01-28 17:21:23] Status: NOT_READY | Text: '' | Job: 1
2026-01-28 17:21:24 - keyence_client - WARNING - MarkedCharacter error: S029,Mark data Request Error
2026-01-28 17:21:24 - __main__ - INFO - [2026-01-28 17:21:24] Status: NOT_READY | Text: '' | Job: 1
2026-01-28 17:21:25 - keyence_client - WARNING - MarkedCharacter error: S029,Mark data Request Error
2026-01-28 17:21:25 - __main__ - INFO - [2026-01-28 17:21:25] Status: NOT_READY | Text: '' | Job: 1
2026-01-28 17:21:26 - keyence_client - WARNING - MarkedCharacter error: S029,Mark data Request Error
2026-01-28 17:21:26 - __main__ - INFO - [2026-01-28 17:21:26] Status: NOT_READY | Text: '' | Job: 1
2026-01-28 17:21:27 - keyence_client - WARNING - MarkedCharacter error: S029,Mark data Request Error
2026-01-28 17:21:27 - __main__ - INFO - [2026-01-28 17:21:27] Status: NOT_READY | Text: '' | Job: 1
2026-01-28 17:21:28 - keyence_client - WARNING - MarkedCharacter error: S029,Mark data Request Error
2026-01-28 17:21:28 - __main__ - INFO - [2026-01-28 17:21:28] Status: NOT_READY | Text: '' | Job: 1
2026-01-28 17:21:29 - keyence_client - WARNING - MarkedCharacter error: S029,Mark data Request Error
2026-01-28 17:21:29 - __main__ - INFO - [2026-01-28 17:21:29] Status: NOT_READY | Text: '' | Job: 1
2026-01-28 17:21:30 - keyence_client - WARNING - MarkedCharacter error: S029,Mark data Request Error
2026-01-28 17:21:30 - __main__ - INFO - [2026-01-28 17:21:30] Status: NOT_READY | Text: '' | Job: 1
2026-01-28 17:21:31 - keyence_client - WARNING - MarkedCharacter error: S029,Mark data Request Error
2026-01-28 17:21:31 - __main__ - INFO - [2026-01-28 17:21:31] Status: NOT_READY | Text: '' | Job: 1
2026-01-28 17:21:32 - keyence_client - WARNING - MarkedCharacter error: S029,Mark data Request Error
2026-01-28 17:21:32 - __main__ - INFO - [2026-01-28 17:21:32] Status: NOT_READY | Text: '' | Job: 1
2026-01-28 17:21:33 - keyence_client - WARNING - MarkedCharacter error: S029,Mark data Request Error
2026-01-28 17:21:33 - __main__ - INFO - [2026-01-28 17:21:33] Status: NOT_READY | Text: '' | Job: 1
2026-01-28 17:21:34 - keyence_client - WARNING - MarkedCharacter error: S029,Mark data Request Error
2026-01-28 17:21:34 - __main__ - INFO - [2026-01-28 17:21:34] Status: NOT_READY | Text: '' | Job: 1
2026-01-28 17:21:35 - keyence_client - WARNING - MarkedCharacter error: S029,Mark data Request Error
2026-01-28 17:21:35 - __main__ - INFO - [2026-01-28 17:21:35] Status: NOT_READY | Text: '' | Job: 1
2026-01-28 17:21:36 - keyence_client - WARNING - MarkedCharacter error: S029,Mark data Request Error
2026-01-28 17:21:36 - __main__ - INFO - [2026-01-28 17:21:36] Status: NOT_READY | Text: '' | Job: 1
2026-01-28 17:21:37 - keyence_client - WARNING - MarkedCharacter error: S029,Mark data Request Error
2026-01-28 17:21:37 - __main__ - INFO - [2026-01-28 17:21:37] Status: NOT_READY | Text: '' | Job: 1
2026-01-28 17:21:38 - keyence_client - WARNING - MarkedCharacter error: S029,Mark data Request Error
2026-01-28 17:21:38 - __main__ - INFO - [2026-01-28 17:21:38] Status: NOT_READY | Text: '' | Job: 1
2026-01-28 17:21:39 - keyence_client - WARNING - MarkedCharacter error: S029,Mark data Request Error
2026-01-28 17:21:39 - __main__ - INFO - [2026-01-28 17:21:39] Status: NOT_READY | Text: '' | Job: 1
2026-01-28 17:21:40 - keyence_client - WARNING - MarkedCharacter error: S029,Mark data Request Error
2026-01-28 17:21:40 - __main__ - INFO - [2026-01-28 17:21:40] Status: NOT_READY | Text: '' | Job: 1
2026-01-28 17:21:41 - keyence_client - WARNING - MarkedCharacter error: S029,Mark data Request Error
2026-01-28 17:21:41 - __main__ - INFO - [2026-01-28 17:21:41] Status: NOT_READY | Text: '' | Job: 1
2026-01-28 17:21:42 - keyence_client - WARNING - MarkedCharacter error: S029,Mark data Request Error
2026-01-28 17:21:42 - __main__ - INFO - [2026-01-28 17:21:42] Status: NOT_READY | Text: '' | Job: 1
2026-01-28 17:21:43 - keyence_client - WARNING - MarkedCharacter error: S029,Mark data Request Error
2026-01-28 17:21:43 - __main__ - INFO - [2026-01-28 17:21:43] Status: NOT_READY | Text: '' | Job: 1
2026-01-28 17:21:44 - keyence_client - WARNING - MarkedCharacter error: S029,Mark data Request Error
2026-01-28 17:21:44 - __main__ - INFO - [2026-01-28 17:21:44] Status: NOT_READY | Text: '' | Job: 1
2026-01-28 17:21:45 - keyence_client - WARNING - MarkedCharacter error: S029,Mark data Request Error
2026-01-28 17:21:45 - __main__ - INFO - [2026-01-28 17:21:45] Status: NOT_READY | Text: '' | Job: 1
2026-01-28 17:21:46 - keyence_client - WARNING - MarkedCharacter error: S029,Mark data Request Error
2026-01-28 17:21:46 - __main__ - INFO - [2026-01-28 17:21:46] Status: NOT_READY | Text: '' | Job: 1
2026-01-28 17:21:47 - keyence_client - WARNING - MarkedCharacter error: S029,Mark data Request Error
2026-01-28 17:21:47 - __main__ - INFO - [2026-01-28 17:21:47] Status: NOT_READY | Text: '' | Job: 1
2026-01-28 17:21:48 - keyence_client - WARNING - MarkedCharacter error: S029,Mark data Request Error
2026-01-28 17:21:48 - __main__ - INFO - [2026-01-28 17:21:48] Status: NOT_READY | Text: '' | Job: 1
2026-01-28 17:21:49 - keyence_client - WARNING - MarkedCharacter error: S029,Mark data Request Error
2026-01-28 17:21:49 - __main__ - INFO - [2026-01-28 17:21:49] Status: NOT_READY | Text: '' | Job: 1
2026-01-28 17:21:50 - keyence_client - WARNING - MarkedCharacter error: S029,Mark data Request Error
2026-01-28 17:21:50 - __main__ - INFO - [2026-01-28 17:21:50] Status: NOT_READY | Text: '' | Job: 1
2026-01-28 17:21:51 - keyence_client - WARNING - MarkedCharacter error: S029,Mark data Request Error
2026-01-28 17:21:51 - __main__ - INFO - [2026-01-28 17:21:51] Status: NOT_READY | Text: '' | Job: 1
2026-01-28 17:21:52 - keyence_client - WARNING - MarkedCharacter error: S029,Mark data Request Error
2026-01-28 17:21:52 - __main__ - INFO - [2026-01-28 17:21:52] Status: NOT_READY | Text: '' | Job: 1
2026-01-28 17:21:53 - keyence_client - WARNING - MarkedCharacter error: S029,Mark data Request Error
2026-01-28 17:21:53 - __main__ - INFO - [2026-01-28 17:21:53] Status: NOT_READY | Text: '' | Job: 1
2026-01-28 17:21:54 - keyence_client - WARNING - MarkedCharacter error: S029,Mark data Request Error
2026-01-28 17:21:54 - __main__ - INFO - [2026-01-28 17:21:54] Status: NOT_READY | Text: '' | Job: 1
2026-01-28 17:21:55 - keyence_client - WARNING - MarkedCharacter error: S029,Mark data Request Error
2026-01-28 17:21:55 - __main__ - INFO - [2026-01-28 17:21:55] Status: NOT_READY | Text: '' | Job: 1
2026-01-28 17:21:56 - keyence_client - WARNING - MarkedCharacter error: S029,Mark data Request Error
2026-01-28 17:21:56 - __main__ - INFO - [2026-01-28 17:21:56] Status: NOT_READY | Text: '' | Job: 1
2026-01-28 17:21:57 - keyence_client - WARNING - MarkedCharacter error: S029,Mark data Request Error
2026-01-28 17:21:57 - __main__ - INFO - [2026-01-28 17:21:57] Status: NOT_READY | Text: '' | Job: 1
2026-01-28 17:21:58 - keyence_client - WARNING - MarkedCharacter error: S029,Mark data Request Error
2026-01-28 17:21:58 - __main__ - INFO - [2026-01-28 17:21:58] Status: NOT_READY | Text: '' | Job: 1
2026-01-28 17:21:59 - keyence_client - WARNING - MarkedCharacter error: S029,Mark data Request Error
2026-01-28 17:21:59 - __main__ - INFO - [2026-01-28 17:21:59] Status: NOT_READY | Text: '' | Job: 1
2026-01-28 17:22:00 - keyence_client - WARNING - MarkedCharacter error: S029,Mark data Request Error
2026-01-28 17:22:00 - __main__ - INFO - [2026-01-28 17:22:00] Status: NOT_READY | Text: '' | Job: 1
2026-01-28 17:22:01 - keyence_client - WARNING - MarkedCharacter error: S029,Mark data Request Error
2026-01-28 17:22:01 - __main__ - INFO - [2026-01-28 17:22:01] Status: NOT_READY | Text: '' | Job: 1
2026-01-28 17:22:02 - keyence_client - WARNING - MarkedCharacter error: S029,Mark data Request Error
2026-01-28 17:22:02 - __main__ - INFO - [2026-01-28 17:22:02] Status: NOT_READY | Text: '' | Job: 1
2026-01-28 17:22:03 - keyence_client - WARNING - MarkedCharacter error: S029,Mark data Request Error
2026-01-28 17:22:03 - __main__ - INFO - [2026-01-28 17:22:03] Status: NOT_READY | Text: '' | Job: 1
2026-01-28 17:22:04 - keyence_client - WARNING - MarkedCharacter error: S029,Mark data Request Error
2026-01-28 17:22:04 - __main__ - INFO - [2026-01-28 17:22:04] Status: NOT_READY | Text: '' | Job: 1
2026-01-28 17:22:05 - keyence_client - WARNING - MarkedCharacter error: S029,Mark data Request Error
2026-01-28 17:22:05 - __main__ - INFO - [2026-01-28 17:22:05] Status: NOT_READY | Text: '' | Job: 1
2026-01-28 17:22:06 - keyence_client - WARNING - MarkedCharacter error: S029,Mark data Request Error
2026-01-28 17:22:06 - __main__ - INFO - [2026-01-28 17:22:06] Status: NOT_READY | Text: '' | Job: 1
2026-01-28 17:22:07 - keyence_client - WARNING - MarkedCharacter error: S029,Mark data Request Error
2026-01-28 17:22:07 - __main__ - INFO - [2026-01-28 17:22:07] Status: NOT_READY | Text: '' | Job: 1
2026-01-28 17:22:08 - keyence_client - WARNING - MarkedCharacter error: S029,Mark data Request Error
2026-01-28 17:22:08 - __main__ - INFO - [2026-01-28 17:22:08] Status: NOT_READY | Text: '' | Job: 1
2026-01-28 17:22:09 - keyence_client - WARNING - MarkedCharacter error: S029,Mark data Request Error
2026-01-28 17:22:09 - __main__ - INFO - [2026-01-28 17:22:09] Status: NOT_READY | Text: '' | Job: 1
2026-01-28 17:22:10 - keyence_client - WARNING - MarkedCharacter error: S029,Mark data Request Error
2026-01-28 17:22:10 - __main__ - INFO - [2026-01-28 17:22:10] Status: NOT_READY | Text: '' | Job: 1
2026-01-28 17:22:11 - keyence_client - WARNING - MarkedCharacter error: S029,Mark data Request Error
2026-01-28 17:22:11 - __main__ - INFO - [2026-01-28 17:22:11] Status: NOT_READY | Text: '' | Job: 1
2026-01-28 17:22:12 - keyence_client - WARNING - MarkedCharacter error: S029,Mark data Request Error
2026-01-28 17:22:12 - __main__ - INFO - [2026-01-28 17:22:12] Status: NOT_READY | Text: '' | Job: 1
2026-01-28 17:22:13 - keyence_client - WARNING - MarkedCharacter error: S029,Mark data Request Error
2026-01-28 17:22:13 - __main__ - INFO - [2026-01-28 17:22:13] Status: NOT_READY | Text: '' | Job: 1
2026-01-28 17:22:14 - keyence_client - WARNING - MarkedCharacter error: S029,Mark data Request Error
2026-01-28 17:22:14 - __main__ - INFO - [2026-01-28 17:22:14] Status: NOT_READY | Text: '' | Job: 1
2026-01-28 17:22:15 - keyence_client - WARNING - MarkedCharacter error: S029,Mark data Request Error
2026-01-28 17:22:15 - __main__ - INFO - [2026-01-28 17:22:15] Status: NOT_READY | Text: '' | Job: 1
2026-01-28 17:22:16 - keyence_client - WARNING - MarkedCharacter error: S029,Mark data Request Error
2026-01-28 17:22:16 - __main__ - INFO - [2026-01-28 17:22:16] Status: NOT_READY | Text: '' | Job: 1
2026-01-28 17:22:17 - keyence_client - WARNING - MarkedCharacter error: S029,Mark data Request Error
2026-01-28 17:22:17 - __main__ - INFO - [2026-01-28 17:22:17] Status: NOT_READY | Text: '' | Job: 1
2026-01-28 17:22:18 - keyence_client - WARNING - MarkedCharacter error: S029,Mark data Request Error
2026-01-28 17:22:18 - __main__ - INFO - [2026-01-28 17:22:18] Status: NOT_READY | Text: '' | Job: 1
2026-01-28 17:22:19 - keyence_client - WARNING - MarkedCharacter error: S029,Mark data Request Error
2026-01-28 17:22:19 - __main__ - INFO - [2026-01-28 17:22:19] Status: NOT_READY | Text: '' | Job: 1
2026-01-28 17:22:20 - keyence_client - WARNING - MarkedCharacter error: S029,Mark data Request Error
2026-01-28 17:22:20 - __main__ - INFO - [2026-01-28 17:22:20] Status: NOT_READY | Text: '' | Job: 1
2026-01-28 17:22:21 - keyence_client - WARNING - MarkedCharacter error: S029,Mark data Request Error
2026-01-28 17:22:21 - __main__ - INFO - [2026-01-28 17:22:21] Status: NOT_READY | Text: '' | Job: 1
2026-01-28 17:22:22 - keyence_client - WARNING - MarkedCharacter error: S029,Mark data Request Error
2026-01-28 17:22:22 - __main__ - INFO - [2026-01-28 17:22:22] Status: NOT_READY | Text: '' | Job: 1
2026-01-28 17:22:23 - keyence_client - WARNING - MarkedCharacter error: S029,Mark data Request Error
2026-01-28 17:22:23 - __main__ - INFO - [2026-01-28 17:22:23] Status: NOT_READY | Text: '' | Job: 1
2026-01-28 17:22:24 - keyence_client - WARNING - MarkedCharacter error: S029,Mark data Request Error
2026-01-28 17:22:24 - __main__ - INFO - [2026-01-28 17:22:24] Status: NOT_READY | Text: '' | Job: 1
2026-01-28 17:22:25 - keyence_client - WARNING - MarkedCharacter error: S029,Mark data Request Error
2026-01-28 17:22:25 - __main__ - INFO - [2026-01-28 17:22:25] Status: NOT_READY | Text: '' | Job: 1
2026-01-28 17:22:26 - keyence_client - WARNING - MarkedCharacter error: S029,Mark data Request Error
2026-01-28 17:22:26 - __main__ - INFO - [2026-01-28 17:22:26] Status: NOT_READY | Text: '' | Job: 1
2026-01-28 17:22:27 - keyence_client - WARNING - MarkedCharacter error: S029,Mark data Request Error
2026-01-28 17:22:27 - __main__ - INFO - [2026-01-28 17:22:27] Status: NOT_READY | Text: '' | Job: 1
2026-01-28 17:22:28 - keyence_client - WARNING - MarkedCharacter error: S029,Mark data Request Error
2026-01-28 17:22:28 - __main__ - INFO - [2026-01-28 17:22:28] Status: NOT_READY | Text: '' | Job: 1
2026-01-28 17:22:29 - keyence_client - WARNING - MarkedCharacter error: S009,Busy Error
2026-01-28 17:22:29 - __main__ - INFO - [2026-01-28 17:22:29] Status: NOT_READY | Text: '' | Job: 1
2026-01-28 17:22:30 - keyence_client - WARNING - MarkedCharacter error: S009,Busy Error
2026-01-28 17:22:30 - __main__ - INFO - [2026-01-28 17:22:30] Status: NOT_READY | Text: '' | Job: 1
2026-01-28 17:22:31 - __main__ - INFO - [2026-01-28 17:22:31] Status: NOT_READY | Text: '20260128' | Job: 1
2026-01-28 17:22:32 - __main__ - INFO - [2026-01-28 17:22:32] Status: NOT_READY | Text: '20260128' | Job: 1
2026-01-28 17:22:34 - __main__ - INFO - [2026-01-28 17:22:34] Status: NOT_READY | Text: '20260128' | Job: 1
2026-01-28 17:22:35 - __main__ - INFO - [2026-01-28 17:22:35] Status: NOT_READY | Text: '20260128' | Job: 1
2026-01-28 17:22:36 - __main__ - INFO - [2026-01-28 17:22:36] Status: NOT_READY | Text: '20260128' | Job: 1
2026-01-28 17:22:37 - __main__ - INFO - [2026-01-28 17:22:37] Status: NOT_READY | Text: '20260128' | Job: 1
2026-01-28 17:22:38 - __main__ - INFO - [2026-01-28 17:22:38] Status: NOT_READY | Text: '20260128' | Job: 1
2026-01-28 17:22:39 - __main__ - INFO - [2026-01-28 17:22:39] Status: NOT_READY | Text: '20260128' | Job: 1
2026-01-28 17:22:40 - __main__ - INFO - [2026-01-28 17:22:40] Status: NOT_READY | Text: '20260128' | Job: 1
2026-01-28 17:22:41 - __main__ - INFO - [2026-01-28 17:22:41] Status: NOT_READY | Text: '20260128' | Job: 1
2026-01-28 17:22:42 - __main__ - INFO - [2026-01-28 17:22:42] Status: NOT_READY | Text: '20260128' | Job: 1
2026-01-28 17:22:43 - __main__ - INFO - [2026-01-28 17:22:43] Status: NOT_READY | Text: '20260128' | Job: 1
2026-01-28 17:22:44 - __main__ - INFO - [2026-01-28 17:22:44] Status: NOT_READY | Text: '20260128' | Job: 1
2026-01-28 17:22:45 - __main__ - INFO - [2026-01-28 17:22:45] Status: NOT_READY | Text: '20260128' | Job: 1
2026-01-28 17:22:46 - __main__ - INFO - [2026-01-28 17:22:46] Status: NOT_READY | Text: '20260128' | Job: 1
2026-01-28 17:22:47 - __main__ - INFO - [2026-01-28 17:22:47] Status: NOT_READY | Text: '20260128' | Job: 1
2026-01-28 17:22:48 - __main__ - INFO - [2026-01-28 17:22:48] Status: NOT_READY | Text: '20260128' | Job: 1
2026-01-28 17:22:49 - __main__ - INFO - [2026-01-28 17:22:49] Status: NOT_READY | Text: '20260128' | Job: 1
2026-01-28 17:22:50 - __main__ - INFO - [2026-01-28 17:22:50] Status: NOT_READY | Text: '20260128' | Job: 1
2026-01-28 17:22:51 - __main__ - INFO - [2026-01-28 17:22:51] Status: NOT_READY | Text: '20260128' | Job: 1
2026-01-28 17:22:52 - __main__ - INFO - [2026-01-28 17:22:52] Status: NOT_READY | Text: '20260128' | Job: 1
2026-01-28 17:22:53 - __main__ - INFO - [2026-01-28 17:22:53] Status: NOT_READY | Text: '20260128' | Job: 1
2026-01-28 17:22:54 - __main__ - INFO - [2026-01-28 17:22:54] Status: NOT_READY | Text: '20260128' | Job: 1
2026-01-28 17:22:55 - __main__ - INFO - [2026-01-28 17:22:55] Status: NOT_READY | Text: '20260128' | Job: 1
2026-01-28 17:22:56 - __main__ - INFO - [2026-01-28 17:22:56] Status: NOT_READY | Text: '20260128' | Job: 1
2026-01-28 17:22:57 - __main__ - INFO - [2026-01-28 17:22:57] Status: NOT_READY | Text: '20260128' | Job: 1
2026-01-28 17:22:58 - __main__ - INFO - [2026-01-28 17:22:58] Status: NOT_READY | Text: '20260128' | Job: 1
2026-01-28 17:22:59 - __main__ - INFO - [2026-01-28 17:22:59] Status: NOT_READY | Text: '20260128' | Job: 1
2026-01-28 17:23:00 - __main__ - INFO - [2026-01-28 17:23:00] Status: NOT_READY | Text: '20260128' | Job: 1
2026-01-28 17:23:01 - __main__ - INFO - [2026-01-28 17:23:01] Status: NOT_READY | Text: '20260128' | Job: 1
2026-01-28 17:23:02 - __main__ - INFO - [2026-01-28 17:23:02] Status: NOT_READY | Text: '20260128' | Job: 1
2026-01-28 17:23:03 - __main__ - INFO - [2026-01-28 17:23:03] Status: NOT_READY | Text: '20260128' | Job: 1
2026-01-28 17:23:04 - keyence_client - WARNING - MarkedCharacter error: S009,Busy Error
2026-01-28 17:23:04 - __main__ - INFO - [2026-01-28 17:23:04] Status: NOT_READY | Text: '' | Job: 1
2026-01-28 17:23:05 - __main__ - INFO - [2026-01-28 17:23:05] Status: NOT_READY | Text: '20260128' | Job: 1
2026-01-28 17:23:06 - __main__ - INFO - [2026-01-28 17:23:06] Status: NOT_READY | Text: '20260128' | Job: 1
2026-01-28 17:23:07 - __main__ - INFO - [2026-01-28 17:23:07] Status: NOT_READY | Text: '20260128' | Job: 1
2026-01-28 17:23:08 - __main__ - INFO - [2026-01-28 17:23:08] Status: NOT_READY | Text: '20260128' | Job: 1
2026-01-28 17:23:09 - __main__ - INFO - [2026-01-28 17:23:09] Status: NOT_READY | Text: '20260128' | Job: 1
2026-01-28 17:23:10 - __main__ - INFO - [2026-01-28 17:23:10] Status: NOT_READY | Text: '20260128' | Job: 1
2026-01-28 17:23:11 - __main__ - INFO - [2026-01-28 17:23:11] Status: NOT_READY | Text: '20260128' | Job: 1
2026-01-28 17:23:12 - __main__ - INFO - [2026-01-28 17:23:12] Status: NOT_READY | Text: '20260128' | Job: 1
2026-01-28 17:23:13 - __main__ - INFO - [2026-01-28 17:23:13] Status: NOT_READY | Text: '20260128' | Job: 1
2026-01-28 17:23:14 - __main__ - INFO - [2026-01-28 17:23:14] Status: NOT_READY | Text: '20260128' | Job: 1
2026-01-28 17:23:15 - __main__ - INFO - [2026-01-28 17:23:15] Status: NOT_READY | Text: '20260128' | Job: 1
2026-01-28 17:23:16 - __main__ - INFO - [2026-01-28 17:23:16] Status: NOT_READY | Text: '20260128' | Job: 1
2026-01-28 17:23:17 - __main__ - INFO - [2026-01-28 17:23:17] Status: NOT_READY | Text: '20260128' | Job: 1
2026-01-28 17:23:18 - __main__ - INFO - [2026-01-28 17:23:18] Status: NOT_READY | Text: '20260128' | Job: 1
2026-01-28 17:23:19 - __main__ - INFO - [2026-01-28 17:23:19] Status: NOT_READY | Text: '20260128' | Job: 1
2026-01-28 17:23:20 - __main__ - INFO - [2026-01-28 17:23:20] Status: NOT_READY | Text: '20260128' | Job: 1
2026-01-28 17:23:21 - __main__ - INFO - [2026-01-28 17:23:21] Status: NOT_READY | Text: '20260128' | Job: 1
2026-01-28 17:23:22 - __main__ - INFO - [2026-01-28 17:23:22] Status: NOT_READY | Text: '20260128' | Job: 1
2026-01-28 17:23:23 - __main__ - INFO - [2026-01-28 17:23:23] Status: NOT_READY | Text: '20260128' | Job: 1
2026-01-28 17:23:24 - __main__ - INFO - [2026-01-28 17:23:24] Status: NOT_READY | Text: '20260128' | Job: 1
2026-01-28 17:23:25 - __main__ - INFO - [2026-01-28 17:23:25] Status: NOT_READY | Text: '20260128' | Job: 1
2026-01-28 17:23:26 - __main__ - INFO - [2026-01-28 17:23:26] Status: NOT_READY | Text: '20260128' | Job: 1
2026-01-28 17:23:27 - __main__ - INFO - [2026-01-28 17:23:27] Status: NOT_READY | Text: '20260128' | Job: 1
2026-01-28 17:23:28 - __main__ - INFO - [2026-01-28 17:23:28] Status: NOT_READY | Text: '20260128' | Job: 1
2026-01-28 17:23:29 - __main__ - INFO - [2026-01-28 17:23:29] Status: NOT_READY | Text: '20260128' | Job: 1
2026-01-28 17:23:30 - __main__ - INFO - [2026-01-28 17:23:30] Status: NOT_READY | Text: '20260128' | Job: 1
2026-01-28 17:23:31 - __main__ - INFO - [2026-01-28 17:23:31] Status: NOT_READY | Text: '20260128' | Job: 1
2026-01-28 17:23:32 - __main__ - INFO - [2026-01-28 17:23:32] Status: NOT_READY | Text: '20260128' | Job: 1
2026-01-28 17:23:33 - __main__ - INFO - [2026-01-28 17:23:33] Status: NOT_READY | Text: '20260128' | Job: 1
2026-01-28 17:23:34 - __main__ - INFO - [2026-01-28 17:23:34] Status: NOT_READY | Text: '20260128' | Job: 1
2026-01-28 17:23:35 - __main__ - INFO - [2026-01-28 17:23:35] Status: NOT_READY | Text: '20260128' | Job: 1
2026-01-28 17:23:36 - __main__ - INFO - [2026-01-28 17:23:36] Status: NOT_READY | Text: '20260128' | Job: 1
2026-01-28 17:23:37 - __main__ - INFO - [2026-01-28 17:23:37] Status: NOT_READY | Text: '20260128' | Job: 1
2026-01-28 17:23:38 - __main__ - INFO - [2026-01-28 17:23:38] Status: NOT_READY | Text: '20260128' | Job: 1
2026-01-28 17:23:39 - __main__ - INFO - [2026-01-28 17:23:39] Status: NOT_READY | Text: '20260128' | Job: 1
2026-01-28 17:23:40 - __main__ - INFO - [2026-01-28 17:23:40] Status: NOT_READY | Text: '20260128' | Job: 1
2026-01-28 17:23:41 - __main__ - INFO - [2026-01-28 17:23:41] Status: NOT_READY | Text: '20260128' | Job: 1
2026-01-28 17:23:42 - __main__ - INFO - [2026-01-28 17:23:42] Status: NOT_READY | Text: '20260128' | Job: 1
2026-01-28 17:23:43 - __main__ - INFO - [2026-01-28 17:23:43] Status: NOT_READY | Text: '20260128' | Job: 1
2026-01-28 17:23:44 - __main__ - INFO - [2026-01-28 17:23:44] Status: NOT_READY | Text: '20260128' | Job: 1
2026-01-28 17:23:45 - __main__ - INFO - [2026-01-28 17:23:45] Status: NOT_READY | Text: '20260128' | Job: 1
2026-01-28 17:23:46 - __main__ - INFO - [2026-01-28 17:23:46] Status: NOT_READY | Text: '20260128' | Job: 1
2026-01-28 17:23:47 - __main__ - INFO - [2026-01-28 17:23:47] Status: NOT_READY | Text: '20260128' | Job: 1
2026-01-28 17:23:48 - __main__ - INFO - [2026-01-28 17:23:48] Status: NOT_READY | Text: '20260128' | Job: 1
2026-01-28 17:23:49 - __main__ - INFO - [2026-01-28 17:23:49] Status: NOT_READY | Text: '20260128' | Job: 1
2026-01-28 17:23:50 - __main__ - INFO - [2026-01-28 17:23:50] Status: NOT_READY | Text: '20260128' | Job: 1
2026-01-28 17:23:51 - __main__ - INFO - [2026-01-28 17:23:51] Status: NOT_READY | Text: '20260128' | Job: 1
2026-01-28 17:23:52 - __main__ - INFO - [2026-01-28 17:23:52] Status: NOT_READY | Text: '20260128' | Job: 1
2026-01-28 17:23:53 - __main__ - INFO - [2026-01-28 17:23:53] Status: NOT_READY | Text: '20260128' | Job: 1
2026-01-28 17:23:54 - __main__ - INFO - [2026-01-28 17:23:54] Status: NOT_READY | Text: '20260128' | Job: 1
2026-01-28 17:23:55 - __main__ - INFO - [2026-01-28 17:23:55] Status: NOT_READY | Text: '20260128' | Job: 1
2026-01-28 17:23:56 - __main__ - INFO - [2026-01-28 17:23:56] Status: NOT_READY | Text: '20260128' | Job: 1
2026-01-28 17:23:57 - __main__ - INFO - [2026-01-28 17:23:57] Status: NOT_READY | Text: '20260128' | Job: 1
2026-01-28 17:23:58 - __main__ - INFO - [2026-01-28 17:23:58] Status: NOT_READY | Text: '20260128' | Job: 1
2026-01-28 17:23:59 - __main__ - INFO - [2026-01-28 17:23:59] Status: NOT_READY | Text: '20260128' | Job: 1
2026-01-28 17:24:00 - __main__ - INFO - [2026-01-28 17:24:00] Status: NOT_READY | Text: '20260128' | Job: 1
2026-01-28 17:24:01 - __main__ - INFO - [2026-01-28 17:24:01] Status: NOT_READY | Text: '20260128' | Job: 1
2026-01-28 17:24:02 - __main__ - INFO - [2026-01-28 17:24:02] Status: NOT_READY | Text: '20260128' | Job: 1
2026-01-28 17:24:03 - __main__ - INFO - [2026-01-28 17:24:03] Status: NOT_READY | Text: '20260128' | Job: 1
2026-01-28 17:24:04 - __main__ - INFO - [2026-01-28 17:24:04] Status: NOT_READY | Text: '20260128' | Job: 1
2026-01-28 17:24:05 - __main__ - INFO - [2026-01-28 17:24:05] Status: NOT_READY | Text: '20260128' | Job: 1
2026-01-28 17:24:06 - __main__ - INFO - [2026-01-28 17:24:06] Status: NOT_READY | Text: '20260128' | Job: 1
2026-01-28 17:24:07 - __main__ - INFO - [2026-01-28 17:24:07] Status: NOT_READY | Text: '20260128' | Job: 1
2026-01-28 17:24:08 - __main__ - INFO - [2026-01-28 17:24:08] Status: NOT_READY | Text: '20260128' | Job: 1
2026-01-28 17:24:09 - __main__ - INFO - [2026-01-28 17:24:09] Status: NOT_READY | Text: '20260128' | Job: 1
2026-01-28 17:24:10 - __main__ - INFO - [2026-01-28 17:24:10] Status: NOT_READY | Text: '20260128' | Job: 1
2026-01-28 17:24:11 - __main__ - INFO - [2026-01-28 17:24:11] Status: NOT_READY | Text: '20260128' | Job: 1
2026-01-28 17:24:12 - __main__ - INFO - [2026-01-28 17:24:12] Status: NOT_READY | Text: '20260128' | Job: 1
2026-01-28 17:24:13 - __main__ - INFO - [2026-01-28 17:24:13] Status: NOT_READY | Text: '20260128' | Job: 1
2026-01-28 17:24:14 - __main__ - INFO - [2026-01-28 17:24:14] Status: NOT_READY | Text: '20260128' | Job: 1
2026-01-28 17:24:15 - __main__ - INFO - [2026-01-28 17:24:15] Status: NOT_READY | Text: '20260128' | Job: 1
2026-01-28 17:24:16 - __main__ - INFO - [2026-01-28 17:24:16] Status: NOT_READY | Text: '20260128' | Job: 1
2026-01-28 17:24:17 - __main__ - INFO - [2026-01-28 17:24:17] Status: NOT_READY | Text: '20260128' | Job: 1
2026-01-28 17:24:18 - __main__ - INFO - [2026-01-28 17:24:18] Status: NOT_READY | Text: '20260128' | Job: 1
2026-01-28 17:24:19 - __main__ - INFO - [2026-01-28 17:24:19] Status: NOT_READY | Text: '20260128' | Job: 1
2026-01-28 17:24:20 - __main__ - INFO - [2026-01-28 17:24:20] Status: NOT_READY | Text: '20260128' | Job: 1
2026-01-28 17:24:21 - __main__ - INFO - [2026-01-28 17:24:21] Status: NOT_READY | Text: '20260128' | Job: 1
2026-01-28 17:24:22 - __main__ - INFO - [2026-01-28 17:24:22] Status: NOT_READY | Text: '20260128' | Job: 1
2026-01-28 17:24:23 - __main__ - INFO - [2026-01-28 17:24:23] Status: NOT_READY | Text: '20260128' | Job: 1
2026-01-28 17:24:24 - __main__ - INFO - [2026-01-28 17:24:24] Status: NOT_READY | Text: '20260128' | Job: 1
2026-01-28 17:24:25 - __main__ - INFO - [2026-01-28 17:24:25] Status: NOT_READY | Text: '20260128' | Job: 1
2026-01-28 17:24:26 - __main__ - INFO - [2026-01-28 17:24:26] Status: NOT_READY | Text: '20260128' | Job: 1
2026-01-28 17:24:28 - __main__ - INFO - [2026-01-28 17:24:28] Status: NOT_READY | Text: '20260128' | Job: 1
2026-01-28 17:24:29 - __main__ - INFO - [2026-01-28 17:24:29] Status: NOT_READY | Text: '20260128' | Job: 1
2026-01-28 17:24:30 - __main__ - INFO - [2026-01-28 17:24:30] Status: NOT_READY | Text: '20260128' | Job: 1
2026-01-28 17:24:31 - __main__ - INFO - [2026-01-28 17:24:31] Status: NOT_READY | Text: '20260128' | Job: 1
2026-01-28 17:24:32 - __main__ - INFO - [2026-01-28 17:24:32] Status: NOT_READY | Text: '20260128' | Job: 1
2026-01-28 17:24:33 - __main__ - INFO - [2026-01-28 17:24:33] Status: NOT_READY | Text: '20260128' | Job: 1
2026-01-28 17:24:34 - __main__ - INFO - [2026-01-28 17:24:34] Status: NOT_READY | Text: '20260128' | Job: 1
2026-01-28 17:24:35 - __main__ - INFO - [2026-01-28 17:24:35] Status: NOT_READY | Text: '20260128' | Job: 1
2026-01-28 17:24:36 - __main__ - INFO - [2026-01-28 17:24:36] Status: NOT_READY | Text: '20260128' | Job: 1
2026-01-28 17:24:37 - __main__ - INFO - [2026-01-28 17:24:37] Status: NOT_READY | Text: '20260128' | Job: 1
2026-01-28 17:24:38 - __main__ - INFO - [2026-01-28 17:24:38] Status: NOT_READY | Text: '20260128' | Job: 1
2026-01-28 17:24:39 - __main__ - INFO - [2026-01-28 17:24:39] Status: NOT_READY | Text: '20260128' | Job: 1
2026-01-28 17:24:40 - __main__ - INFO - [2026-01-28 17:24:40] Status: NOT_READY | Text: '20260128' | Job: 1
2026-01-28 17:24:41 - __main__ - INFO - [2026-01-28 17:24:41] Status: NOT_READY | Text: '20260128' | Job: 1
2026-01-28 17:24:42 - __main__ - INFO - [2026-01-28 17:24:42] Status: NOT_READY | Text: '20260128' | Job: 1
2026-01-28 17:24:43 - __main__ - INFO - [2026-01-28 17:24:43] Status: NOT_READY | Text: '20260128' | Job: 1
2026-01-28 17:24:44 - __main__ - INFO - [2026-01-28 17:24:44] Status: NOT_READY | Text: '20260128' | Job: 1
2026-01-28 17:24:45 - __main__ - INFO - [2026-01-28 17:24:45] Status: NOT_READY | Text: '20260128' | Job: 1
2026-01-28 17:24:46 - __main__ - INFO - [2026-01-28 17:24:46] Status: NOT_READY | Text: '20260128' | Job: 1
2026-01-28 17:24:47 - __main__ - INFO - [2026-01-28 17:24:47] Status: NOT_READY | Text: '20260128' | Job: 1
2026-01-28 17:24:48 - __main__ - INFO - [2026-01-28 17:24:48] Status: NOT_READY | Text: '20260128' | Job: 1
2026-01-28 17:24:49 - __main__ - INFO - [2026-01-28 17:24:49] Status: NOT_READY | Text: '20260128' | Job: 1
2026-01-28 17:24:50 - __main__ - INFO - [2026-01-28 17:24:50] Status: NOT_READY | Text: '20260128' | Job: 1
2026-01-28 17:24:51 - __main__ - INFO - [2026-01-28 17:24:51] Status: NOT_READY | Text: '20260128' | Job: 1
2026-01-28 17:24:52 - __main__ - INFO - [2026-01-28 17:24:52] Status: NOT_READY | Text: '20260128' | Job: 1
2026-01-28 17:24:53 - __main__ - INFO - [2026-01-28 17:24:53] Status: NOT_READY | Text: '20260128' | Job: 1
2026-01-28 17:24:54 - __main__ - INFO - [2026-01-28 17:24:54] Status: NOT_READY | Text: '20260128' | Job: 1
2026-01-28 17:24:55 - __main__ - INFO - [2026-01-28 17:24:55] Status: NOT_READY | Text: '20260128' | Job: 1
2026-01-28 17:24:56 - __main__ - INFO - [2026-01-28 17:24:56] Status: NOT_READY | Text: '20260128' | Job: 1
2026-01-28 17:24:57 - __main__ - INFO - [2026-01-28 17:24:57] Status: NOT_READY | Text: '20260128' | Job: 1
2026-01-28 17:24:58 - __main__ - INFO - [2026-01-28 17:24:58] Status: NOT_READY | Text: '20260128' | Job: 1
2026-01-28 17:24:59 - __main__ - INFO - [2026-01-28 17:24:59] Status: NOT_READY | Text: '20260128' | Job: 1
2026-01-28 17:25:00 - __main__ - INFO - [2026-01-28 17:25:00] Status: NOT_READY | Text: '20260128' | Job: 1
2026-01-28 17:25:01 - __main__ - INFO - [2026-01-28 17:25:01] Status: NOT_READY | Text: '20260128' | Job: 1
2026-01-28 17:25:02 - __main__ - INFO - [2026-01-28 17:25:02] Status: NOT_READY | Text: '20260128' | Job: 1
2026-01-28 17:25:03 - __main__ - INFO - [2026-01-28 17:25:03] Status: NOT_READY | Text: '20260128' | Job: 1
2026-01-28 17:25:04 - __main__ - INFO - [2026-01-28 17:25:04] Status: NOT_READY | Text: '20260128' | Job: 1
2026-01-28 17:25:05 - __main__ - INFO - [2026-01-28 17:25:05] Status: NOT_READY | Text: '20260128' | Job: 1
2026-01-28 17:25:06 - __main__ - INFO - [2026-01-28 17:25:06] Status: NOT_READY | Text: '20260128' | Job: 1
2026-01-28 17:25:07 - __main__ - INFO - [2026-01-28 17:25:07] Status: NOT_READY | Text: '20260128' | Job: 1
2026-01-28 17:25:08 - __main__ - INFO - [2026-01-28 17:25:08] Status: NOT_READY | Text: '20260128' | Job: 1
2026-01-28 17:25:09 - __main__ - INFO - [2026-01-28 17:25:09] Status: NOT_READY | Text: '20260128' | Job: 1
2026-01-28 17:25:10 - __main__ - INFO - [2026-01-28 17:25:10] Status: NOT_READY | Text: '20260128' | Job: 1
2026-01-28 17:25:11 - __main__ - INFO - [2026-01-28 17:25:11] Status: NOT_READY | Text: '20260128' | Job: 1
2026-01-28 17:25:12 - __main__ - INFO - [2026-01-28 17:25:12] Status: NOT_READY | Text: '20260128' | Job: 1
2026-01-28 17:25:13 - __main__ - INFO - [2026-01-28 17:25:13] Status: NOT_READY | Text: '20260128' | Job: 1
2026-01-28 17:25:14 - __main__ - INFO - [2026-01-28 17:25:14] Status: NOT_READY | Text: '20260128' | Job: 1
2026-01-28 17:25:15 - __main__ - INFO - [2026-01-28 17:25:15] Status: NOT_READY | Text: '20260128' | Job: 1
2026-01-28 17:25:16 - __main__ - INFO - [2026-01-28 17:25:16] Status: NOT_READY | Text: '20260128' | Job: 1
2026-01-28 17:25:17 - __main__ - INFO - [2026-01-28 17:25:17] Status: NOT_READY | Text: '20260128' | Job: 1
2026-01-28 17:25:18 - __main__ - INFO - [2026-01-28 17:25:18] Status: NOT_READY | Text: '20260128' | Job: 1
2026-01-28 17:25:19 - __main__ - INFO - [2026-01-28 17:25:19] Status: NOT_READY | Text: '20260128' | Job: 1
2026-01-28 17:25:20 - __main__ - INFO - [2026-01-28 17:25:20] Status: NOT_READY | Text: '20260128' | Job: 1
2026-01-28 17:25:21 - __main__ - INFO - [2026-01-28 17:25:21] Status: NOT_READY | Text: '20260128' | Job: 1
2026-01-28 17:25:22 - __main__ - INFO - [2026-01-28 17:25:22] Status: NOT_READY | Text: '20260128' | Job: 1
2026-01-28 17:25:23 - __main__ - INFO - [2026-01-28 17:25:23] Status: NOT_READY | Text: '20260128' | Job: 1
2026-01-28 17:25:24 - __main__ - INFO - [2026-01-28 17:25:24] Status: NOT_READY | Text: '20260128' | Job: 1
2026-01-28 17:25:25 - __main__ - INFO - [2026-01-28 17:25:25] Status: NOT_READY | Text: '20260128' | Job: 1
2026-01-28 17:25:26 - __main__ - INFO - [2026-01-28 17:25:26] Status: NOT_READY | Text: '20260128' | Job: 1
2026-01-28 17:25:27 - keyence_client - WARNING - MarkedCharacter error: S009,Busy Error
2026-01-28 17:25:27 - __main__ - INFO - [2026-01-28 17:25:27] Status: NOT_READY | Text: '' | Job: 1
2026-01-28 17:25:28 - keyence_client - WARNING - MarkedCharacter error: S009,Busy Error
2026-01-28 17:25:28 - __main__ - INFO - [2026-01-28 17:25:28] Status: NOT_READY | Text: '' | Job: 1
2026-01-28 17:25:29 - __main__ - INFO - [2026-01-28 17:25:29] Status: NOT_READY | Text: '20260128' | Job: 1
2026-01-28 17:25:30 - __main__ - INFO - [2026-01-28 17:25:30] Status: NOT_READY | Text: '20260128' | Job: 1
2026-01-28 17:25:31 - __main__ - INFO - [2026-01-28 17:25:31] Status: NOT_READY | Text: '20260128' | Job: 1
2026-01-28 17:25:32 - __main__ - INFO - [2026-01-28 17:25:32] Status: NOT_READY | Text: '20260128' | Job: 1
2026-01-28 17:25:33 - __main__ - INFO - [2026-01-28 17:25:33] Status: NOT_READY | Text: '20260128' | Job: 1
2026-01-28 17:25:34 - __main__ - INFO - [2026-01-28 17:25:34] Status: NOT_READY | Text: '20260128' | Job: 1
2026-01-28 17:25:35 - __main__ - INFO - [2026-01-28 17:25:35] Status: NOT_READY | Text: '20260128' | Job: 1
2026-01-28 17:25:36 - __main__ - INFO - [2026-01-28 17:25:36] Status: NOT_READY | Text: '20260128' | Job: 1
2026-01-28 17:25:37 - __main__ - INFO - [2026-01-28 17:25:37] Status: NOT_READY | Text: '20260128' | Job: 1
2026-01-28 17:25:38 - __main__ - INFO - [2026-01-28 17:25:38] Status: NOT_READY | Text: '20260128' | Job: 1
2026-01-28 17:25:39 - __main__ - INFO - [2026-01-28 17:25:39] Status: NOT_READY | Text: '20260128' | Job: 1
2026-01-28 17:25:40 - __main__ - INFO - [2026-01-28 17:25:40] Status: NOT_READY | Text: '20260128' | Job: 1
2026-01-28 17:25:41 - __main__ - INFO - [2026-01-28 17:25:41] Status: NOT_READY | Text: '20260128' | Job: 1
2026-01-28 17:25:42 - __main__ - INFO - Shutdown signal received. Stopping...
2026-01-28 17:25:42 - __main__ - INFO - Shutdown signal received. Stopping...
2026-01-28 17:25:42 - keyence_client - INFO - Disconnected from Keyence MD-X2000
2026-01-28 17:25:42 - api_client - INFO - API client session closed
2026-01-28 17:25:42 - __main__ - INFO - Monitoring stopped.
2026-01-28 17:25:42 - api_client - INFO - API client session closed
2026-01-28 17:29:59 - __main__ - INFO - ============================================================
2026-01-28 17:29:59 - __main__ - INFO -   Keyence MD-X2000 Laser Marker Communication Script
2026-01-28 17:29:59 - __main__ - INFO - ============================================================
2026-01-28 17:29:59 - __main__ - INFO - ==================================================
2026-01-28 17:29:59 - __main__ - INFO - Starting continuous monitoring mode
2026-01-28 17:29:59 - __main__ - INFO - Poll interval: 1.0 seconds
2026-01-28 17:29:59 - __main__ - INFO - Press Ctrl+C to stop
2026-01-28 17:29:59 - __main__ - INFO - ==================================================
2026-01-28 17:29:59 - __main__ - INFO - Connecting to laser marker...
2026-01-28 17:29:59 - keyence_client - INFO - Connecting to Keyence MD-X2000 at 192.168.1.9:50002
2026-01-28 17:29:59 - keyence_client - INFO - Successfully connected to Keyence MD-X2000
2026-01-28 17:29:59 - keyence_client - WARNING - MarkedCharacter error: S029,Mark data Request Error
2026-01-28 17:29:59 - __main__ - INFO - [2026-01-28 17:29:59] Status: NOT_READY | Text: '' | Job: 1
2026-01-28 17:30:00 - keyence_client - WARNING - MarkedCharacter error: S029,Mark data Request Error
2026-01-28 17:30:00 - __main__ - INFO - [2026-01-28 17:30:00] Status: NOT_READY | Text: '' | Job: 1
2026-01-28 17:30:01 - keyence_client - WARNING - MarkedCharacter error: S029,Mark data Request Error
2026-01-28 17:30:01 - __main__ - INFO - [2026-01-28 17:30:01] Status: NOT_READY | Text: '' | Job: 1
2026-01-28 17:30:02 - keyence_client - WARNING - MarkedCharacter error: S029,Mark data Request Error
2026-01-28 17:30:02 - __main__ - INFO - [2026-01-28 17:30:02] Status: NOT_READY | Text: '' | Job: 1
2026-01-28 17:30:03 - keyence_client - WARNING - MarkedCharacter error: S029,Mark data Request Error
2026-01-28 17:30:03 - __main__ - INFO - [2026-01-28 17:30:03] Status: NOT_READY | Text: '' | Job: 1
2026-01-28 17:30:04 - keyence_client - WARNING - MarkedCharacter error: S029,Mark data Request Error
2026-01-28 17:30:04 - __main__ - INFO - [2026-01-28 17:30:04] Status: NOT_READY | Text: '' | Job: 1
2026-01-28 17:30:05 - keyence_client - WARNING - MarkedCharacter error: S029,Mark data Request Error
2026-01-28 17:30:05 - __main__ - INFO - [2026-01-28 17:30:05] Status: NOT_READY | Text: '' | Job: 1
2026-01-28 17:30:06 - keyence_client - WARNING - MarkedCharacter error: S029,Mark data Request Error
2026-01-28 17:30:06 - __main__ - INFO - [2026-01-28 17:30:06] Status: NOT_READY | Text: '' | Job: 1
2026-01-28 17:30:07 - keyence_client - WARNING - MarkedCharacter error: S029,Mark data Request Error
2026-01-28 17:30:07 - __main__ - INFO - [2026-01-28 17:30:07] Status: NOT_READY | Text: '' | Job: 1
2026-01-28 17:30:08 - keyence_client - WARNING - MarkedCharacter error: S029,Mark data Request Error
2026-01-28 17:30:08 - __main__ - INFO - [2026-01-28 17:30:08] Status: NOT_READY | Text: '' | Job: 1
2026-01-28 17:30:09 - keyence_client - WARNING - MarkedCharacter error: S029,Mark data Request Error
2026-01-28 17:30:09 - __main__ - INFO - [2026-01-28 17:30:09] Status: NOT_READY | Text: '' | Job: 1
2026-01-28 17:30:10 - keyence_client - WARNING - MarkedCharacter error: S029,Mark data Request Error
2026-01-28 17:30:10 - __main__ - INFO - [2026-01-28 17:30:10] Status: NOT_READY | Text: '' | Job: 1
2026-01-28 17:30:11 - keyence_client - WARNING - MarkedCharacter error: S029,Mark data Request Error
2026-01-28 17:30:11 - __main__ - INFO - [2026-01-28 17:30:11] Status: NOT_READY | Text: '' | Job: 1
2026-01-28 17:30:12 - keyence_client - WARNING - MarkedCharacter error: S009,Busy Error
2026-01-28 17:30:12 - __main__ - INFO - [2026-01-28 17:30:12] Status: NOT_READY | Text: '' | Job: 1
2026-01-28 17:30:13 - __main__ - INFO - [2026-01-28 17:30:13] Status: NOT_READY | Text: '2026012817300000' | Job: 1
2026-01-28 17:30:14 - __main__ - INFO - [2026-01-28 17:30:14] Status: NOT_READY | Text: '2026012817300000' | Job: 1
2026-01-28 17:30:15 - __main__ - INFO - [2026-01-28 17:30:15] Status: NOT_READY | Text: '2026012817300000' | Job: 1
2026-01-28 17:30:16 - __main__ - INFO - [2026-01-28 17:30:16] Status: NOT_READY | Text: '2026012817300000' | Job: 1
2026-01-28 17:30:17 - __main__ - INFO - [2026-01-28 17:30:17] Status: NOT_READY | Text: '2026012817300000' | Job: 1
2026-01-28 17:30:18 - __main__ - INFO - [2026-01-28 17:30:18] Status: NOT_READY | Text: '2026012817300000' | Job: 1
2026-01-28 17:30:19 - __main__ - INFO - [2026-01-28 17:30:19] Status: NOT_READY | Text: '2026012817300000' | Job: 1
2026-01-28 17:30:20 - __main__ - INFO - [2026-01-28 17:30:20] Status: NOT_READY | Text: '2026012817300000' | Job: 1
2026-01-28 17:30:21 - __main__ - INFO - [2026-01-28 17:30:21] Status: NOT_READY | Text: '2026012817300000' | Job: 1
2026-01-28 17:30:22 - __main__ - INFO - [2026-01-28 17:30:22] Status: NOT_READY | Text: '2026012817300000' | Job: 1
2026-01-28 17:30:23 - __main__ - INFO - [2026-01-28 17:30:23] Status: NOT_READY | Text: '2026012817300000' | Job: 1
2026-01-28 17:30:24 - __main__ - INFO - [2026-01-28 17:30:24] Status: NOT_READY | Text: '2026012817300000' | Job: 1
2026-01-28 17:30:25 - __main__ - INFO - [2026-01-28 17:30:25] Status: NOT_READY | Text: '2026012817300000' | Job: 1
2026-01-28 17:30:26 - __main__ - INFO - [2026-01-28 17:30:26] Status: NOT_READY | Text: '2026012817300000' | Job: 1
2026-01-28 17:30:27 - __main__ - INFO - [2026-01-28 17:30:27] Status: NOT_READY | Text: '2026012817300000' | Job: 1
2026-01-28 17:30:28 - __main__ - INFO - [2026-01-28 17:30:28] Status: NOT_READY | Text: '2026012817300000' | Job: 1
2026-01-28 17:30:29 - __main__ - INFO - [2026-01-28 17:30:29] Status: NOT_READY | Text: '2026012817300000' | Job: 1
2026-01-28 17:30:30 - __main__ - INFO - [2026-01-28 17:30:30] Status: NOT_READY | Text: '2026012817300000' | Job: 1
2026-01-28 17:30:31 - __main__ - INFO - [2026-01-28 17:30:31] Status: NOT_READY | Text: '2026012817300000' | Job: 1
2026-01-28 17:30:32 - __main__ - INFO - [2026-01-28 17:30:32] Status: NOT_READY | Text: '2026012817300000' | Job: 1
2026-01-28 17:30:33 - __main__ - INFO - [2026-01-28 17:30:33] Status: NOT_READY | Text: '2026012817300000' | Job: 1
2026-01-28 17:30:34 - __main__ - INFO - [2026-01-28 17:30:34] Status: NOT_READY | Text: '2026012817300000' | Job: 1
2026-01-28 17:30:35 - __main__ - INFO - [2026-01-28 17:30:35] Status: NOT_READY | Text: '2026012817300000' | Job: 1
2026-01-28 17:30:36 - __main__ - INFO - [2026-01-28 17:30:36] Status: NOT_READY | Text: '2026012817300000' | Job: 1
2026-01-28 17:30:37 - __main__ - INFO - [2026-01-28 17:30:37] Status: NOT_READY | Text: '2026012817300000' | Job: 1
2026-01-28 17:30:38 - __main__ - INFO - [2026-01-28 17:30:38] Status: NOT_READY | Text: '2026012817300000' | Job: 1
2026-01-28 17:30:39 - __main__ - INFO - [2026-01-28 17:30:39] Status: NOT_READY | Text: '2026012817300000' | Job: 1
2026-01-28 17:30:40 - __main__ - INFO - [2026-01-28 17:30:40] Status: NOT_READY | Text: '2026012817300000' | Job: 1
2026-01-28 17:30:41 - __main__ - INFO - [2026-01-28 17:30:41] Status: NOT_READY | Text: '2026012817300000' | Job: 1
2026-01-28 17:30:42 - __main__ - INFO - [2026-01-28 17:30:42] Status: NOT_READY | Text: '2026012817300000' | Job: 1
2026-01-28 17:30:43 - __main__ - INFO - [2026-01-28 17:30:43] Status: NOT_READY | Text: '2026012817300000' | Job: 1
2026-01-28 17:30:44 - __main__ - INFO - [2026-01-28 17:30:44] Status: NOT_READY | Text: '2026012817300000' | Job: 1
2026-01-28 17:30:45 - __main__ - INFO - [2026-01-28 17:30:45] Status: NOT_READY | Text: '2026012817300000' | Job: 1
2026-01-28 17:30:46 - __main__ - INFO - [2026-01-28 17:30:46] Status: NOT_READY | Text: '2026012817300000' | Job: 1
2026-01-28 17:30:47 - __main__ - INFO - [2026-01-28 17:30:47] Status: NOT_READY | Text: '2026012817300000' | Job: 1
2026-01-28 17:30:48 - __main__ - INFO - [2026-01-28 17:30:48] Status: NOT_READY | Text: '2026012817300000' | Job: 1
2026-01-28 17:30:49 - __main__ - INFO - [2026-01-28 17:30:49] Status: NOT_READY | Text: '2026012817300000' | Job: 1
2026-01-28 17:30:50 - __main__ - INFO - [2026-01-28 17:30:50] Status: NOT_READY | Text: '2026012817300000' | Job: 1
2026-01-28 17:30:51 - __main__ - INFO - [2026-01-28 17:30:51] Status: NOT_READY | Text: '2026012817300000' | Job: 1
2026-01-28 17:30:52 - __main__ - INFO - [2026-01-28 17:30:52] Status: NOT_READY | Text: '2026012817300000' | Job: 1
2026-01-28 17:30:53 - __main__ - INFO - [2026-01-28 17:30:53] Status: NOT_READY | Text: '2026012817300000' | Job: 1
2026-01-28 17:30:54 - __main__ - INFO - [2026-01-28 17:30:54] Status: NOT_READY | Text: '2026012817300000' | Job: 1
2026-01-28 17:30:55 - __main__ - INFO - [2026-01-28 17:30:55] Status: NOT_READY | Text: '2026012817300000' | Job: 1
2026-01-28 17:30:56 - __main__ - INFO - [2026-01-28 17:30:56] Status: NOT_READY | Text: '2026012817300000' | Job: 1
2026-01-28 17:30:57 - __main__ - INFO - [2026-01-28 17:30:57] Status: NOT_READY | Text: '2026012817300000' | Job: 1
2026-01-28 17:30:58 - __main__ - INFO - [2026-01-28 17:30:58] Status: NOT_READY | Text: '2026012817300000' | Job: 1
2026-01-28 17:30:59 - __main__ - INFO - [2026-01-28 17:30:59] Status: NOT_READY | Text: '2026012817300000' | Job: 1
2026-01-28 17:31:00 - __main__ - INFO - [2026-01-28 17:31:00] Status: NOT_READY | Text: '2026012817300000' | Job: 1
2026-01-28 17:31:01 - __main__ - INFO - [2026-01-28 17:31:01] Status: NOT_READY | Text: '2026012817300000' | Job: 1
2026-01-28 17:31:02 - __main__ - INFO - [2026-01-28 17:31:02] Status: NOT_READY | Text: '2026012817300000' | Job: 1
2026-01-28 17:31:03 - __main__ - INFO - [2026-01-28 17:31:03] Status: NOT_READY | Text: '2026012817300000' | Job: 1
2026-01-28 17:31:04 - __main__ - INFO - [2026-01-28 17:31:04] Status: NOT_READY | Text: '2026012817300000' | Job: 1
2026-01-28 17:31:05 - __main__ - INFO - [2026-01-28 17:31:05] Status: NOT_READY | Text: '2026012817300000' | Job: 1
2026-01-28 17:31:06 - __main__ - INFO - [2026-01-28 17:31:06] Status: NOT_READY | Text: '2026012817300000' | Job: 1
2026-01-28 17:31:07 - __main__ - INFO - [2026-01-28 17:31:07] Status: NOT_READY | Text: '2026012817300000' | Job: 1
2026-01-28 17:31:08 - __main__ - INFO - [2026-01-28 17:31:08] Status: NOT_READY | Text: '2026012817300000' | Job: 1
2026-01-28 17:31:09 - __main__ - INFO - [2026-01-28 17:31:09] Status: NOT_READY | Text: '2026012817300000' | Job: 1
2026-01-28 17:31:10 - __main__ - INFO - [2026-01-28 17:31:10] Status: NOT_READY | Text: '2026012817300000' | Job: 1
2026-01-28 17:31:11 - __main__ - INFO - [2026-01-28 17:31:11] Status: NOT_READY | Text: '2026012817300000' | Job: 1
2026-01-28 17:31:12 - __main__ - INFO - [2026-01-28 17:31:12] Status: NOT_READY | Text: '2026012817300000' | Job: 1
2026-01-28 17:31:13 - __main__ - INFO - [2026-01-28 17:31:13] Status: NOT_READY | Text: '2026012817300000' | Job: 1
2026-01-28 17:31:14 - __main__ - INFO - [2026-01-28 17:31:14] Status: NOT_READY | Text: '2026012817300000' | Job: 1
2026-01-28 17:31:15 - __main__ - INFO - [2026-01-28 17:31:15] Status: NOT_READY | Text: '2026012817300000' | Job: 1
2026-01-28 17:31:16 - __main__ - INFO - [2026-01-28 17:31:16] Status: NOT_READY | Text: '2026012817300000' | Job: 1
2026-01-28 17:31:17 - __main__ - INFO - [2026-01-28 17:31:17] Status: NOT_READY | Text: '2026012817300000' | Job: 1
2026-01-28 17:31:18 - __main__ - INFO - [2026-01-28 17:31:18] Status: NOT_READY | Text: '2026012817300000' | Job: 1
2026-01-28 17:31:19 - __main__ - INFO - [2026-01-28 17:31:19] Status: NOT_READY | Text: '2026012817300000' | Job: 1
2026-01-28 17:31:20 - __main__ - INFO - [2026-01-28 17:31:20] Status: NOT_READY | Text: '2026012817300000' | Job: 1
2026-01-28 17:31:21 - __main__ - INFO - [2026-01-28 17:31:21] Status: NOT_READY | Text: '2026012817300000' | Job: 1
2026-01-28 17:31:22 - __main__ - INFO - [2026-01-28 17:31:22] Status: NOT_READY | Text: '2026012817300000' | Job: 1
2026-01-28 17:31:23 - __main__ - INFO - [2026-01-28 17:31:23] Status: NOT_READY | Text: '2026012817300000' | Job: 1
2026-01-28 17:31:24 - __main__ - INFO - [2026-01-28 17:31:24] Status: NOT_READY | Text: '2026012817300000' | Job: 1
2026-01-28 17:31:25 - __main__ - INFO - [2026-01-28 17:31:25] Status: NOT_READY | Text: '2026012817300000' | Job: 1
2026-01-28 17:31:26 - __main__ - INFO - [2026-01-28 17:31:26] Status: NOT_READY | Text: '2026012817300000' | Job: 1
2026-01-28 17:31:27 - __main__ - INFO - [2026-01-28 17:31:27] Status: NOT_READY | Text: '2026012817300000' | Job: 1
2026-01-28 17:31:28 - __main__ - INFO - [2026-01-28 17:31:28] Status: NOT_READY | Text: '2026012817300000' | Job: 1
2026-01-28 17:31:29 - __main__ - INFO - [2026-01-28 17:31:29] Status: NOT_READY | Text: '2026012817300000' | Job: 1
2026-01-28 17:31:30 - keyence_client - WARNING - MarkedCharacter error: S009,Busy Error
2026-01-28 17:31:30 - __main__ - INFO - [2026-01-28 17:31:30] Status: NOT_READY | Text: '' | Job: 1
2026-01-28 17:31:31 - keyence_client - WARNING - MarkedCharacter error: S009,Busy Error
2026-01-28 17:31:31 - __main__ - INFO - [2026-01-28 17:31:31] Status: NOT_READY | Text: '' | Job: 1
2026-01-28 17:31:32 - __main__ - INFO - [2026-01-28 17:31:32] Status: NOT_READY | Text: '2026012817310001' | Job: 1
2026-01-28 17:31:33 - __main__ - INFO - [2026-01-28 17:31:33] Status: NOT_READY | Text: '2026012817310001' | Job: 1
2026-01-28 17:31:34 - __main__ - INFO - [2026-01-28 17:31:34] Status: NOT_READY | Text: '2026012817310001' | Job: 1
2026-01-28 17:31:35 - __main__ - INFO - [2026-01-28 17:31:35] Status: NOT_READY | Text: '2026012817310001' | Job: 1
2026-01-28 17:31:36 - __main__ - INFO - [2026-01-28 17:31:36] Status: NOT_READY | Text: '2026012817310001' | Job: 1
2026-01-28 17:31:37 - __main__ - INFO - [2026-01-28 17:31:37] Status: NOT_READY | Text: '2026012817310001' | Job: 1
2026-01-28 17:31:38 - __main__ - INFO - [2026-01-28 17:31:38] Status: NOT_READY | Text: '2026012817310001' | Job: 1
2026-01-28 17:31:39 - __main__ - INFO - [2026-01-28 17:31:39] Status: NOT_READY | Text: '2026012817310001' | Job: 1
2026-01-28 17:31:40 - __main__ - INFO - [2026-01-28 17:31:40] Status: NOT_READY | Text: '2026012817310001' | Job: 1
2026-01-28 17:31:42 - __main__ - INFO - [2026-01-28 17:31:42] Status: NOT_READY | Text: '2026012817310001' | Job: 1
2026-01-28 17:31:43 - __main__ - INFO - [2026-01-28 17:31:43] Status: NOT_READY | Text: '2026012817310001' | Job: 1
2026-01-28 17:31:44 - __main__ - INFO - [2026-01-28 17:31:44] Status: NOT_READY | Text: '2026012817310001' | Job: 1
2026-01-28 17:31:45 - __main__ - INFO - [2026-01-28 17:31:45] Status: NOT_READY | Text: '2026012817310001' | Job: 1
2026-01-28 17:31:46 - __main__ - INFO - [2026-01-28 17:31:46] Status: NOT_READY | Text: '2026012817310001' | Job: 1
2026-01-28 17:31:47 - __main__ - INFO - [2026-01-28 17:31:47] Status: NOT_READY | Text: '2026012817310001' | Job: 1
2026-01-28 17:31:48 - __main__ - INFO - [2026-01-28 17:31:48] Status: NOT_READY | Text: '2026012817310001' | Job: 1
2026-01-28 17:31:49 - __main__ - INFO - [2026-01-28 17:31:49] Status: NOT_READY | Text: '2026012817310001' | Job: 1
2026-01-28 17:31:50 - __main__ - INFO - [2026-01-28 17:31:50] Status: NOT_READY | Text: '2026012817310001' | Job: 1
2026-01-28 17:31:51 - __main__ - INFO - [2026-01-28 17:31:51] Status: NOT_READY | Text: '2026012817310001' | Job: 1
2026-01-28 17:31:52 - __main__ - INFO - [2026-01-28 17:31:52] Status: NOT_READY | Text: '2026012817310001' | Job: 1
2026-01-28 17:31:53 - __main__ - INFO - [2026-01-28 17:31:53] Status: NOT_READY | Text: '2026012817310001' | Job: 1
2026-01-28 17:31:54 - __main__ - INFO - [2026-01-28 17:31:54] Status: NOT_READY | Text: '2026012817310001' | Job: 1
2026-01-28 17:31:55 - __main__ - INFO - [2026-01-28 17:31:55] Status: NOT_READY | Text: '2026012817310001' | Job: 1
2026-01-28 17:31:56 - __main__ - INFO - [2026-01-28 17:31:56] Status: NOT_READY | Text: '2026012817310001' | Job: 1
2026-01-28 17:31:57 - __main__ - INFO - [2026-01-28 17:31:57] Status: NOT_READY | Text: '2026012817310001' | Job: 1
2026-01-28 17:31:58 - __main__ - INFO - [2026-01-28 17:31:58] Status: NOT_READY | Text: '2026012817310001' | Job: 1
2026-01-28 17:31:59 - __main__ - INFO - [2026-01-28 17:31:59] Status: NOT_READY | Text: '2026012817310001' | Job: 1
2026-01-28 17:32:00 - __main__ - INFO - [2026-01-28 17:32:00] Status: NOT_READY | Text: '2026012817310001' | Job: 1
2026-01-28 17:32:01 - __main__ - INFO - [2026-01-28 17:32:01] Status: NOT_READY | Text: '2026012817310001' | Job: 1
2026-01-28 17:32:02 - __main__ - INFO - [2026-01-28 17:32:02] Status: NOT_READY | Text: '2026012817310001' | Job: 1
2026-01-28 17:32:03 - __main__ - INFO - [2026-01-28 17:32:03] Status: NOT_READY | Text: '2026012817310001' | Job: 1
2026-01-28 17:32:04 - __main__ - INFO - [2026-01-28 17:32:04] Status: NOT_READY | Text: '2026012817310001' | Job: 1
2026-01-28 17:32:05 - keyence_client - WARNING - MarkedCharacter error: S009,Busy Error
2026-01-28 17:32:05 - __main__ - INFO - [2026-01-28 17:32:05] Status: NOT_READY | Text: '' | Job: 1
2026-01-28 17:32:06 - __main__ - INFO - [2026-01-28 17:32:06] Status: NOT_READY | Text: '2026012817310002' | Job: 1
2026-01-28 17:32:07 - __main__ - INFO - [2026-01-28 17:32:07] Status: NOT_READY | Text: '2026012817310002' | Job: 1
2026-01-28 17:32:08 - __main__ - INFO - [2026-01-28 17:32:08] Status: NOT_READY | Text: '2026012817310002' | Job: 1
2026-01-28 17:32:09 - __main__ - INFO - [2026-01-28 17:32:09] Status: NOT_READY | Text: '2026012817310002' | Job: 1
2026-01-28 17:32:10 - __main__ - INFO - [2026-01-28 17:32:10] Status: NOT_READY | Text: '2026012817310002' | Job: 1
2026-01-28 17:32:11 - __main__ - INFO - [2026-01-28 17:32:11] Status: NOT_READY | Text: '2026012817310002' | Job: 1
2026-01-28 17:32:12 - __main__ - INFO - [2026-01-28 17:32:12] Status: NOT_READY | Text: '2026012817310002' | Job: 1
2026-01-28 17:32:13 - __main__ - INFO - [2026-01-28 17:32:13] Status: NOT_READY | Text: '2026012817310002' | Job: 1
2026-01-28 17:32:14 - __main__ - INFO - [2026-01-28 17:32:14] Status: NOT_READY | Text: '2026012817310002' | Job: 1
2026-01-28 17:32:15 - __main__ - INFO - [2026-01-28 17:32:15] Status: NOT_READY | Text: '2026012817310002' | Job: 1
2026-01-28 17:32:16 - __main__ - INFO - [2026-01-28 17:32:16] Status: NOT_READY | Text: '2026012817310002' | Job: 1
2026-01-28 17:32:17 - __main__ - INFO - [2026-01-28 17:32:17] Status: NOT_READY | Text: '2026012817310002' | Job: 1
2026-01-28 17:32:18 - __main__ - INFO - [2026-01-28 17:32:18] Status: NOT_READY | Text: '2026012817310002' | Job: 1
2026-01-28 17:32:19 - __main__ - INFO - [2026-01-28 17:32:19] Status: NOT_READY | Text: '2026012817310002' | Job: 1
2026-01-28 17:32:20 - __main__ - INFO - [2026-01-28 17:32:20] Status: NOT_READY | Text: '2026012817310002' | Job: 1
2026-01-28 17:32:21 - __main__ - INFO - [2026-01-28 17:32:21] Status: NOT_READY | Text: '2026012817310002' | Job: 1
2026-01-28 17:32:22 - __main__ - INFO - [2026-01-28 17:32:22] Status: NOT_READY | Text: '2026012817310002' | Job: 1
2026-01-28 17:32:23 - __main__ - INFO - [2026-01-28 17:32:23] Status: NOT_READY | Text: '2026012817310002' | Job: 1
2026-01-28 17:32:24 - __main__ - INFO - [2026-01-28 17:32:24] Status: NOT_READY | Text: '2026012817310002' | Job: 1
2026-01-28 17:32:25 - __main__ - INFO - [2026-01-28 17:32:25] Status: NOT_READY | Text: '2026012817310002' | Job: 1
2026-01-28 17:32:26 - __main__ - INFO - [2026-01-28 17:32:26] Status: NOT_READY | Text: '2026012817310002' | Job: 1
2026-01-28 17:32:27 - __main__ - INFO - [2026-01-28 17:32:27] Status: NOT_READY | Text: '2026012817310002' | Job: 1
2026-01-28 17:32:28 - __main__ - INFO - [2026-01-28 17:32:28] Status: NOT_READY | Text: '2026012817310002' | Job: 1
2026-01-28 17:32:29 - __main__ - INFO - [2026-01-28 17:32:29] Status: NOT_READY | Text: '2026012817310002' | Job: 1
2026-01-28 17:32:30 - __main__ - INFO - [2026-01-28 17:32:30] Status: NOT_READY | Text: '2026012817310002' | Job: 1
2026-01-28 17:32:31 - __main__ - INFO - [2026-01-28 17:32:31] Status: NOT_READY | Text: '2026012817310002' | Job: 1
2026-01-28 17:32:32 - __main__ - INFO - [2026-01-28 17:32:32] Status: NOT_READY | Text: '2026012817310002' | Job: 1
2026-01-28 17:32:33 - __main__ - INFO - [2026-01-28 17:32:33] Status: NOT_READY | Text: '2026012817310002' | Job: 1
2026-01-28 17:32:34 - __main__ - INFO - [2026-01-28 17:32:34] Status: NOT_READY | Text: '2026012817310002' | Job: 1
2026-01-28 17:32:35 - __main__ - INFO - [2026-01-28 17:32:35] Status: NOT_READY | Text: '2026012817310002' | Job: 1
2026-01-28 17:32:36 - __main__ - INFO - [2026-01-28 17:32:36] Status: NOT_READY | Text: '2026012817310002' | Job: 1
2026-01-28 17:32:37 - __main__ - INFO - [2026-01-28 17:32:37] Status: NOT_READY | Text: '2026012817310002' | Job: 1
2026-01-28 17:32:38 - __main__ - INFO - [2026-01-28 17:32:38] Status: NOT_READY | Text: '2026012817310002' | Job: 1
2026-01-28 17:32:39 - __main__ - INFO - [2026-01-28 17:32:39] Status: NOT_READY | Text: '2026012817310002' | Job: 1
2026-01-28 17:32:40 - __main__ - INFO - [2026-01-28 17:32:40] Status: NOT_READY | Text: '2026012817310002' | Job: 1
2026-01-28 17:32:41 - __main__ - INFO - [2026-01-28 17:32:41] Status: NOT_READY | Text: '2026012817310002' | Job: 1
2026-01-28 17:32:42 - __main__ - INFO - [2026-01-28 17:32:42] Status: NOT_READY | Text: '2026012817310002' | Job: 1
2026-01-28 17:32:43 - __main__ - INFO - [2026-01-28 17:32:43] Status: NOT_READY | Text: '2026012817310002' | Job: 1
2026-01-28 17:32:44 - __main__ - INFO - [2026-01-28 17:32:44] Status: NOT_READY | Text: '2026012817310002' | Job: 1
2026-01-28 17:32:45 - __main__ - INFO - [2026-01-28 17:32:45] Status: NOT_READY | Text: '2026012817310002' | Job: 1
2026-01-28 17:32:46 - __main__ - INFO - [2026-01-28 17:32:46] Status: NOT_READY | Text: '2026012817310002' | Job: 1
2026-01-28 17:32:47 - __main__ - INFO - [2026-01-28 17:32:47] Status: NOT_READY | Text: '2026012817310002' | Job: 1
2026-01-28 17:32:48 - __main__ - INFO - [2026-01-28 17:32:48] Status: NOT_READY | Text: '2026012817310002' | Job: 1
2026-01-28 17:32:49 - __main__ - INFO - [2026-01-28 17:32:49] Status: NOT_READY | Text: '2026012817310002' | Job: 1
2026-01-28 17:32:50 - __main__ - INFO - [2026-01-28 17:32:50] Status: NOT_READY | Text: '2026012817310002' | Job: 1
2026-01-28 17:32:51 - __main__ - INFO - [2026-01-28 17:32:51] Status: NOT_READY | Text: '2026012817310002' | Job: 1
2026-01-28 17:32:52 - __main__ - INFO - [2026-01-28 17:32:52] Status: NOT_READY | Text: '2026012817310002' | Job: 1
2026-01-28 17:32:53 - __main__ - INFO - [2026-01-28 17:32:53] Status: NOT_READY | Text: '2026012817310002' | Job: 1
2026-01-28 17:32:54 - __main__ - INFO - [2026-01-28 17:32:54] Status: NOT_READY | Text: '2026012817310002' | Job: 1
2026-01-28 17:32:55 - __main__ - INFO - [2026-01-28 17:32:55] Status: NOT_READY | Text: '2026012817310002' | Job: 1
2026-01-28 17:32:56 - __main__ - INFO - [2026-01-28 17:32:56] Status: NOT_READY | Text: '2026012817310002' | Job: 1
2026-01-28 17:32:57 - __main__ - INFO - [2026-01-28 17:32:57] Status: NOT_READY | Text: '2026012817310002' | Job: 1
2026-01-28 17:32:58 - __main__ - INFO - [2026-01-28 17:32:58] Status: NOT_READY | Text: '2026012817310002' | Job: 1
2026-01-28 17:32:59 - __main__ - INFO - [2026-01-28 17:32:59] Status: NOT_READY | Text: '2026012817310002' | Job: 1
2026-01-28 17:33:00 - __main__ - INFO - [2026-01-28 17:33:00] Status: NOT_READY | Text: '2026012817310002' | Job: 1
2026-01-28 17:33:01 - __main__ - INFO - [2026-01-28 17:33:01] Status: NOT_READY | Text: '2026012817310002' | Job: 1
2026-01-28 17:33:02 - __main__ - INFO - [2026-01-28 17:33:02] Status: NOT_READY | Text: '2026012817310002' | Job: 1
2026-01-28 17:33:03 - __main__ - INFO - [2026-01-28 17:33:03] Status: NOT_READY | Text: '2026012817310002' | Job: 1
2026-01-28 17:33:04 - __main__ - INFO - [2026-01-28 17:33:04] Status: NOT_READY | Text: '2026012817310002' | Job: 1
2026-01-28 17:33:05 - __main__ - INFO - [2026-01-28 17:33:05] Status: NOT_READY | Text: '2026012817310002' | Job: 1
2026-01-28 17:33:06 - __main__ - INFO - [2026-01-28 17:33:06] Status: NOT_READY | Text: '2026012817310002' | Job: 1
2026-01-28 17:33:07 - __main__ - INFO - [2026-01-28 17:33:07] Status: NOT_READY | Text: '2026012817310002' | Job: 1
2026-01-28 17:33:08 - __main__ - INFO - [2026-01-28 17:33:08] Status: NOT_READY | Text: '2026012817310002' | Job: 1
2026-01-28 17:33:09 - __main__ - INFO - [2026-01-28 17:33:09] Status: NOT_READY | Text: '2026012817310002' | Job: 1
2026-01-28 17:33:10 - __main__ - INFO - [2026-01-28 17:33:10] Status: NOT_READY | Text: '2026012817310002' | Job: 1
2026-01-28 17:33:11 - __main__ - INFO - [2026-01-28 17:33:11] Status: NOT_READY | Text: '2026012817310002' | Job: 1
2026-01-28 17:33:12 - __main__ - INFO - [2026-01-28 17:33:12] Status: NOT_READY | Text: '2026012817310002' | Job: 1
2026-01-28 17:33:13 - __main__ - INFO - [2026-01-28 17:33:13] Status: NOT_READY | Text: '2026012817310002' | Job: 1
2026-01-28 17:33:14 - __main__ - INFO - [2026-01-28 17:33:14] Status: NOT_READY | Text: '2026012817310002' | Job: 1
2026-01-28 17:33:15 - __main__ - INFO - [2026-01-28 17:33:15] Status: NOT_READY | Text: '2026012817310002' | Job: 1
2026-01-28 17:33:16 - __main__ - INFO - [2026-01-28 17:33:16] Status: NOT_READY | Text: '2026012817310002' | Job: 1
2026-01-28 17:33:17 - __main__ - INFO - [2026-01-28 17:33:17] Status: NOT_READY | Text: '2026012817310002' | Job: 1
2026-01-28 17:33:18 - __main__ - INFO - [2026-01-28 17:33:18] Status: NOT_READY | Text: '2026012817310002' | Job: 1
2026-01-28 17:33:19 - __main__ - INFO - [2026-01-28 17:33:19] Status: NOT_READY | Text: '2026012817310002' | Job: 1
2026-01-28 17:33:20 - __main__ - INFO - [2026-01-28 17:33:20] Status: NOT_READY | Text: '2026012817310002' | Job: 1
2026-01-28 17:33:21 - __main__ - INFO - [2026-01-28 17:33:21] Status: NOT_READY | Text: '2026012817310002' | Job: 1
2026-01-28 17:33:22 - __main__ - INFO - [2026-01-28 17:33:22] Status: NOT_READY | Text: '2026012817310002' | Job: 1
2026-01-28 17:33:23 - __main__ - INFO - [2026-01-28 17:33:23] Status: NOT_READY | Text: '2026012817310002' | Job: 1
2026-01-28 17:33:24 - __main__ - INFO - [2026-01-28 17:33:24] Status: NOT_READY | Text: '2026012817310002' | Job: 1
2026-01-28 17:33:25 - __main__ - INFO - [2026-01-28 17:33:25] Status: NOT_READY | Text: '2026012817310002' | Job: 1
2026-01-28 17:33:26 - __main__ - INFO - [2026-01-28 17:33:26] Status: NOT_READY | Text: '2026012817310002' | Job: 1
2026-01-28 17:33:27 - __main__ - INFO - [2026-01-28 17:33:27] Status: NOT_READY | Text: '2026012817310002' | Job: 1
2026-01-28 17:33:28 - __main__ - INFO - [2026-01-28 17:33:28] Status: NOT_READY | Text: '2026012817310002' | Job: 1
2026-01-28 17:33:29 - __main__ - INFO - [2026-01-28 17:33:29] Status: NOT_READY | Text: '2026012817310002' | Job: 1
2026-01-28 17:33:30 - __main__ - INFO - [2026-01-28 17:33:30] Status: NOT_READY | Text: '2026012817310002' | Job: 1
2026-01-28 17:33:31 - __main__ - INFO - [2026-01-28 17:33:31] Status: NOT_READY | Text: '2026012817310002' | Job: 1
2026-01-28 17:33:33 - __main__ - INFO - [2026-01-28 17:33:33] Status: NOT_READY | Text: '2026012817310002' | Job: 1
2026-01-28 17:33:34 - __main__ - INFO - [2026-01-28 17:33:34] Status: NOT_READY | Text: '2026012817310002' | Job: 1
2026-01-28 17:33:35 - __main__ - INFO - [2026-01-28 17:33:35] Status: NOT_READY | Text: '2026012817310002' | Job: 1
2026-01-28 17:33:36 - __main__ - INFO - [2026-01-28 17:33:36] Status: NOT_READY | Text: '2026012817310002' | Job: 1
2026-01-28 17:33:37 - __main__ - INFO - [2026-01-28 17:33:37] Status: NOT_READY | Text: '2026012817310002' | Job: 1
2026-01-28 17:33:38 - __main__ - INFO - [2026-01-28 17:33:38] Status: NOT_READY | Text: '2026012817310002' | Job: 1
2026-01-28 17:33:39 - __main__ - INFO - [2026-01-28 17:33:39] Status: NOT_READY | Text: '2026012817310002' | Job: 1
2026-01-28 17:33:40 - __main__ - INFO - [2026-01-28 17:33:40] Status: NOT_READY | Text: '2026012817310002' | Job: 1
2026-01-28 17:33:41 - __main__ - INFO - [2026-01-28 17:33:41] Status: NOT_READY | Text: '2026012817310002' | Job: 1
2026-01-28 17:33:42 - __main__ - INFO - [2026-01-28 17:33:42] Status: NOT_READY | Text: '2026012817310002' | Job: 1
2026-01-28 17:33:43 - __main__ - INFO - [2026-01-28 17:33:43] Status: NOT_READY | Text: '2026012817310002' | Job: 1
2026-01-28 17:33:44 - __main__ - INFO - [2026-01-28 17:33:44] Status: NOT_READY | Text: '2026012817310002' | Job: 1
2026-01-28 17:33:45 - __main__ - INFO - [2026-01-28 17:33:45] Status: NOT_READY | Text: '2026012817310002' | Job: 1
2026-01-28 17:33:46 - __main__ - INFO - [2026-01-28 17:33:46] Status: NOT_READY | Text: '2026012817310002' | Job: 1
2026-01-28 17:33:47 - __main__ - INFO - [2026-01-28 17:33:47] Status: NOT_READY | Text: '2026012817310002' | Job: 1
2026-01-28 17:33:48 - __main__ - INFO - [2026-01-28 17:33:48] Status: NOT_READY | Text: '2026012817310002' | Job: 1
2026-01-28 17:33:49 - __main__ - INFO - [2026-01-28 17:33:49] Status: NOT_READY | Text: '2026012817310002' | Job: 1
2026-01-28 17:33:50 - __main__ - INFO - [2026-01-28 17:33:50] Status: NOT_READY | Text: '2026012817310002' | Job: 1
2026-01-28 17:33:51 - __main__ - INFO - [2026-01-28 17:33:51] Status: NOT_READY | Text: '2026012817310002' | Job: 1
2026-01-28 17:33:52 - __main__ - INFO - [2026-01-28 17:33:52] Status: NOT_READY | Text: '2026012817310002' | Job: 1
2026-01-28 17:33:53 - __main__ - INFO - [2026-01-28 17:33:53] Status: NOT_READY | Text: '2026012817310002' | Job: 1
2026-01-28 17:33:54 - __main__ - INFO - [2026-01-28 17:33:54] Status: NOT_READY | Text: '2026012817310002' | Job: 1
2026-01-28 17:33:55 - __main__ - INFO - [2026-01-28 17:33:55] Status: NOT_READY | Text: '2026012817310002' | Job: 1
2026-01-28 17:33:56 - __main__ - INFO - [2026-01-28 17:33:56] Status: NOT_READY | Text: '2026012817310002' | Job: 1
2026-01-28 17:33:57 - __main__ - INFO - [2026-01-28 17:33:57] Status: NOT_READY | Text: '2026012817310002' | Job: 1
2026-01-28 17:33:58 - __main__ - INFO - [2026-01-28 17:33:58] Status: NOT_READY | Text: '2026012817310002' | Job: 1
2026-01-28 17:33:59 - __main__ - INFO - [2026-01-28 17:33:59] Status: NOT_READY | Text: '2026012817310002' | Job: 1
2026-01-28 17:34:00 - __main__ - INFO - [2026-01-28 17:34:00] Status: NOT_READY | Text: '2026012817310002' | Job: 1
2026-01-28 17:34:01 - __main__ - INFO - [2026-01-28 17:34:01] Status: NOT_READY | Text: '2026012817310002' | Job: 1
2026-01-28 17:34:02 - __main__ - INFO - [2026-01-28 17:34:02] Status: NOT_READY | Text: '2026012817310002' | Job: 1
2026-01-28 17:34:03 - __main__ - INFO - [2026-01-28 17:34:03] Status: NOT_READY | Text: '2026012817310002' | Job: 1
2026-01-28 17:34:04 - __main__ - INFO - [2026-01-28 17:34:04] Status: NOT_READY | Text: '2026012817310002' | Job: 1
2026-01-28 17:34:05 - __main__ - INFO - [2026-01-28 17:34:05] Status: NOT_READY | Text: '2026012817310002' | Job: 1
2026-01-28 17:34:06 - __main__ - INFO - [2026-01-28 17:34:06] Status: NOT_READY | Text: '2026012817310002' | Job: 1
2026-01-28 17:34:07 - __main__ - INFO - [2026-01-28 17:34:07] Status: NOT_READY | Text: '2026012817310002' | Job: 1
2026-01-28 17:34:08 - __main__ - INFO - [2026-01-28 17:34:08] Status: NOT_READY | Text: '2026012817310002' | Job: 1
2026-01-28 17:34:09 - __main__ - INFO - [2026-01-28 17:34:09] Status: NOT_READY | Text: '2026012817310002' | Job: 1
2026-01-28 17:34:10 - __main__ - INFO - [2026-01-28 17:34:10] Status: NOT_READY | Text: '2026012817310002' | Job: 1
2026-01-28 17:34:11 - __main__ - INFO - [2026-01-28 17:34:11] Status: NOT_READY | Text: '2026012817310002' | Job: 1
2026-01-28 17:34:12 - __main__ - INFO - [2026-01-28 17:34:12] Status: NOT_READY | Text: '2026012817310002' | Job: 1
2026-01-28 17:34:13 - __main__ - INFO - [2026-01-28 17:34:13] Status: NOT_READY | Text: '2026012817310002' | Job: 1
2026-01-28 17:34:14 - __main__ - INFO - [2026-01-28 17:34:14] Status: NOT_READY | Text: '2026012817310002' | Job: 1
2026-01-28 17:34:15 - __main__ - INFO - [2026-01-28 17:34:15] Status: NOT_READY | Text: '2026012817310002' | Job: 1
2026-01-28 17:34:16 - __main__ - INFO - [2026-01-28 17:34:16] Status: NOT_READY | Text: '2026012817310002' | Job: 1
2026-01-28 17:34:17 - __main__ - INFO - [2026-01-28 17:34:17] Status: NOT_READY | Text: '2026012817310002' | Job: 1
2026-01-28 17:34:18 - __main__ - INFO - [2026-01-28 17:34:18] Status: NOT_READY | Text: '2026012817310002' | Job: 1
2026-01-28 17:34:19 - __main__ - INFO - [2026-01-28 17:34:19] Status: NOT_READY | Text: '2026012817310002' | Job: 1
2026-01-28 17:34:20 - __main__ - INFO - [2026-01-28 17:34:20] Status: NOT_READY | Text: '2026012817310002' | Job: 1
2026-01-28 17:34:21 - __main__ - INFO - [2026-01-28 17:34:21] Status: NOT_READY | Text: '2026012817310002' | Job: 1
2026-01-28 17:34:22 - __main__ - INFO - [2026-01-28 17:34:22] Status: NOT_READY | Text: '2026012817310002' | Job: 1
2026-01-28 17:34:23 - __main__ - INFO - [2026-01-28 17:34:23] Status: NOT_READY | Text: '2026012817310002' | Job: 1
2026-01-28 17:34:24 - __main__ - INFO - [2026-01-28 17:34:24] Status: NOT_READY | Text: '2026012817310002' | Job: 1
2026-01-28 17:34:25 - __main__ - INFO - [2026-01-28 17:34:25] Status: NOT_READY | Text: '2026012817310002' | Job: 1
2026-01-28 17:34:26 - __main__ - INFO - [2026-01-28 17:34:26] Status: NOT_READY | Text: '2026012817310002' | Job: 1
2026-01-28 17:34:27 - __main__ - INFO - [2026-01-28 17:34:27] Status: NOT_READY | Text: '2026012817310002' | Job: 1
2026-01-28 17:34:28 - __main__ - INFO - [2026-01-28 17:34:28] Status: NOT_READY | Text: '2026012817310002' | Job: 1
2026-01-28 17:34:29 - __main__ - INFO - [2026-01-28 17:34:29] Status: NOT_READY | Text: '2026012817310002' | Job: 1
2026-01-28 17:34:30 - __main__ - INFO - [2026-01-28 17:34:30] Status: NOT_READY | Text: '2026012817310002' | Job: 1
2026-01-28 17:34:31 - __main__ - INFO - [2026-01-28 17:34:31] Status: NOT_READY | Text: '2026012817310002' | Job: 1
2026-01-28 17:34:32 - __main__ - INFO - [2026-01-28 17:34:32] Status: NOT_READY | Text: '2026012817310002' | Job: 1
2026-01-28 17:34:33 - __main__ - INFO - [2026-01-28 17:34:33] Status: NOT_READY | Text: '2026012817310002' | Job: 1
2026-01-28 17:34:34 - __main__ - INFO - [2026-01-28 17:34:34] Status: NOT_READY | Text: '2026012817310002' | Job: 1
2026-01-28 17:34:35 - __main__ - INFO - [2026-01-28 17:34:35] Status: NOT_READY | Text: '2026012817310002' | Job: 1
2026-01-28 17:34:36 - __main__ - INFO - [2026-01-28 17:34:36] Status: NOT_READY | Text: '2026012817310002' | Job: 1
2026-01-28 17:34:37 - __main__ - INFO - [2026-01-28 17:34:37] Status: NOT_READY | Text: '2026012817310002' | Job: 1
2026-01-28 17:34:38 - __main__ - INFO - [2026-01-28 17:34:38] Status: NOT_READY | Text: '2026012817310002' | Job: 1
2026-01-28 17:34:39 - __main__ - INFO - [2026-01-28 17:34:39] Status: NOT_READY | Text: '2026012817310002' | Job: 1
2026-01-28 17:34:40 - __main__ - INFO - [2026-01-28 17:34:40] Status: NOT_READY | Text: '2026012817310002' | Job: 1
2026-01-28 17:34:41 - __main__ - INFO - [2026-01-28 17:34:41] Status: NOT_READY | Text: '2026012817310002' | Job: 1
2026-01-28 17:34:42 - __main__ - INFO - [2026-01-28 17:34:42] Status: NOT_READY | Text: '2026012817310002' | Job: 1
2026-01-28 17:34:43 - __main__ - INFO - [2026-01-28 17:34:43] Status: NOT_READY | Text: '2026012817310002' | Job: 1
2026-01-28 17:34:44 - __main__ - INFO - [2026-01-28 17:34:44] Status: NOT_READY | Text: '2026012817310002' | Job: 1
2026-01-28 17:34:45 - __main__ - INFO - [2026-01-28 17:34:45] Status: NOT_READY | Text: '2026012817310002' | Job: 1
2026-01-28 17:34:46 - __main__ - INFO - [2026-01-28 17:34:46] Status: NOT_READY | Text: '2026012817310002' | Job: 1
2026-01-28 17:34:47 - __main__ - INFO - [2026-01-28 17:34:47] Status: NOT_READY | Text: '2026012817310002' | Job: 1
2026-01-28 17:34:48 - __main__ - INFO - [2026-01-28 17:34:48] Status: NOT_READY | Text: '2026012817310002' | Job: 1
2026-01-28 17:34:49 - __main__ - INFO - [2026-01-28 17:34:49] Status: NOT_READY | Text: '2026012817310002' | Job: 1
2026-01-28 17:34:50 - __main__ - INFO - [2026-01-28 17:34:50] Status: NOT_READY | Text: '2026012817310002' | Job: 1
2026-01-28 17:34:51 - __main__ - INFO - [2026-01-28 17:34:51] Status: NOT_READY | Text: '2026012817310002' | Job: 1
2026-01-28 17:34:52 - __main__ - INFO - [2026-01-28 17:34:52] Status: NOT_READY | Text: '2026012817310002' | Job: 1
2026-01-28 17:34:53 - __main__ - INFO - [2026-01-28 17:34:53] Status: NOT_READY | Text: '2026012817310002' | Job: 1
2026-01-28 17:34:54 - __main__ - INFO - [2026-01-28 17:34:54] Status: NOT_READY | Text: '2026012817310002' | Job: 1
2026-01-28 17:34:55 - __main__ - INFO - [2026-01-28 17:34:55] Status: NOT_READY | Text: '2026012817310002' | Job: 1
2026-01-28 17:34:56 - __main__ - INFO - [2026-01-28 17:34:56] Status: NOT_READY | Text: '2026012817310002' | Job: 1
2026-01-28 17:34:57 - __main__ - INFO - [2026-01-28 17:34:57] Status: NOT_READY | Text: '2026012817310002' | Job: 1
2026-01-28 17:34:58 - __main__ - INFO - [2026-01-28 17:34:58] Status: NOT_READY | Text: '2026012817310002' | Job: 1
2026-01-28 17:34:59 - __main__ - INFO - [2026-01-28 17:34:59] Status: NOT_READY | Text: '2026012817310002' | Job: 1
2026-01-28 17:35:00 - __main__ - INFO - [2026-01-28 17:35:00] Status: NOT_READY | Text: '2026012817310002' | Job: 1
2026-01-28 17:35:01 - __main__ - INFO - [2026-01-28 17:35:01] Status: NOT_READY | Text: '2026012817310002' | Job: 1
2026-01-28 17:35:02 - __main__ - INFO - [2026-01-28 17:35:02] Status: NOT_READY | Text: '2026012817310002' | Job: 1
2026-01-28 17:35:03 - __main__ - INFO - [2026-01-28 17:35:03] Status: NOT_READY | Text: '2026012817310002' | Job: 1
2026-01-28 17:35:04 - __main__ - INFO - [2026-01-28 17:35:04] Status: NOT_READY | Text: '2026012817310002' | Job: 1
2026-01-28 17:35:05 - __main__ - INFO - [2026-01-28 17:35:05] Status: NOT_READY | Text: '2026012817310002' | Job: 1
2026-01-28 17:35:06 - __main__ - INFO - [2026-01-28 17:35:06] Status: NOT_READY | Text: '2026012817310002' | Job: 1
2026-01-28 17:35:07 - __main__ - INFO - [2026-01-28 17:35:07] Status: NOT_READY | Text: '2026012817310002' | Job: 1
2026-01-28 17:35:08 - __main__ - INFO - [2026-01-28 17:35:08] Status: NOT_READY | Text: '2026012817310002' | Job: 1
2026-01-28 17:35:09 - __main__ - INFO - [2026-01-28 17:35:09] Status: NOT_READY | Text: '2026012817310002' | Job: 1
2026-01-28 17:35:10 - __main__ - INFO - [2026-01-28 17:35:10] Status: NOT_READY | Text: '2026012817310002' | Job: 1
2026-01-28 17:35:11 - __main__ - INFO - [2026-01-28 17:35:11] Status: NOT_READY | Text: '2026012817310002' | Job: 1
2026-01-28 17:35:12 - __main__ - INFO - [2026-01-28 17:35:12] Status: NOT_READY | Text: '2026012817310002' | Job: 1
2026-01-28 17:35:13 - __main__ - INFO - [2026-01-28 17:35:13] Status: NOT_READY | Text: '2026012817310002' | Job: 1
2026-01-28 17:35:14 - __main__ - INFO - [2026-01-28 17:35:14] Status: NOT_READY | Text: '2026012817310002' | Job: 1
2026-01-28 17:35:15 - __main__ - INFO - [2026-01-28 17:35:15] Status: NOT_READY | Text: '2026012817310002' | Job: 1
2026-01-28 17:35:16 - __main__ - INFO - [2026-01-28 17:35:16] Status: NOT_READY | Text: '2026012817310002' | Job: 1
2026-01-28 17:35:18 - __main__ - INFO - [2026-01-28 17:35:18] Status: NOT_READY | Text: '2026012817310002' | Job: 1
2026-01-28 17:35:19 - __main__ - INFO - [2026-01-28 17:35:19] Status: NOT_READY | Text: '2026012817310002' | Job: 1
2026-01-28 17:35:20 - __main__ - INFO - [2026-01-28 17:35:20] Status: NOT_READY | Text: '2026012817310002' | Job: 1
2026-01-28 17:35:21 - keyence_client - WARNING - MarkedCharacter error: S029,Mark data Request Error
2026-01-28 17:35:21 - __main__ - INFO - [2026-01-28 17:35:21] Status: NOT_READY | Text: '' | Job: 1
2026-01-28 17:35:22 - keyence_client - WARNING - MarkedCharacter error: S029,Mark data Request Error
2026-01-28 17:35:22 - __main__ - INFO - [2026-01-28 17:35:22] Status: NOT_READY | Text: '' | Job: 1
2026-01-28 17:35:23 - keyence_client - WARNING - MarkedCharacter error: S029,Mark data Request Error
2026-01-28 17:35:23 - __main__ - INFO - [2026-01-28 17:35:23] Status: NOT_READY | Text: '' | Job: 1
2026-01-28 17:35:24 - keyence_client - WARNING - MarkedCharacter error: S029,Mark data Request Error
2026-01-28 17:35:24 - __main__ - INFO - [2026-01-28 17:35:24] Status: NOT_READY | Text: '' | Job: 1
2026-01-28 17:35:25 - keyence_client - WARNING - MarkedCharacter error: S029,Mark data Request Error
2026-01-28 17:35:25 - __main__ - INFO - [2026-01-28 17:35:25] Status: NOT_READY | Text: '' | Job: 1
2026-01-28 17:35:26 - keyence_client - WARNING - MarkedCharacter error: S029,Mark data Request Error
2026-01-28 17:35:26 - __main__ - INFO - [2026-01-28 17:35:26] Status: NOT_READY | Text: '' | Job: 1
2026-01-28 17:35:27 - keyence_client - WARNING - MarkedCharacter error: S029,Mark data Request Error
2026-01-28 17:35:27 - __main__ - INFO - [2026-01-28 17:35:27] Status: NOT_READY | Text: '' | Job: 1
2026-01-28 17:35:28 - keyence_client - WARNING - MarkedCharacter error: S029,Mark data Request Error
2026-01-28 17:35:28 - __main__ - INFO - [2026-01-28 17:35:28] Status: NOT_READY | Text: '' | Job: 1
2026-01-28 17:35:29 - keyence_client - WARNING - MarkedCharacter error: S029,Mark data Request Error
2026-01-28 17:35:29 - __main__ - INFO - [2026-01-28 17:35:29] Status: NOT_READY | Text: '' | Job: 1
2026-01-28 17:35:30 - keyence_client - WARNING - MarkedCharacter error: S029,Mark data Request Error
2026-01-28 17:35:30 - __main__ - INFO - [2026-01-28 17:35:30] Status: NOT_READY | Text: '' | Job: 1
2026-01-28 17:35:31 - keyence_client - WARNING - MarkedCharacter error: S029,Mark data Request Error
2026-01-28 17:35:31 - __main__ - INFO - [2026-01-28 17:35:31] Status: NOT_READY | Text: '' | Job: 1
2026-01-28 17:35:32 - keyence_client - WARNING - MarkedCharacter error: S029,Mark data Request Error
2026-01-28 17:35:32 - __main__ - INFO - [2026-01-28 17:35:32] Status: NOT_READY | Text: '' | Job: 1
2026-01-28 17:35:33 - keyence_client - WARNING - MarkedCharacter error: S029,Mark data Request Error
2026-01-28 17:35:33 - __main__ - INFO - [2026-01-28 17:35:33] Status: NOT_READY | Text: '' | Job: 1
2026-01-28 17:35:34 - keyence_client - WARNING - MarkedCharacter error: S029,Mark data Request Error
2026-01-28 17:35:34 - __main__ - INFO - [2026-01-28 17:35:34] Status: NOT_READY | Text: '' | Job: 1
2026-01-28 17:35:35 - keyence_client - WARNING - MarkedCharacter error: S029,Mark data Request Error
2026-01-28 17:35:35 - __main__ - INFO - [2026-01-28 17:35:35] Status: NOT_READY | Text: '' | Job: 1
2026-01-28 17:35:36 - keyence_client - WARNING - MarkedCharacter error: S029,Mark data Request Error
2026-01-28 17:35:36 - __main__ - INFO - [2026-01-28 17:35:36] Status: NOT_READY | Text: '' | Job: 1
2026-01-28 17:35:37 - keyence_client - WARNING - MarkedCharacter error: S029,Mark data Request Error
2026-01-28 17:35:37 - __main__ - INFO - [2026-01-28 17:35:37] Status: NOT_READY | Text: '' | Job: 1
2026-01-28 17:35:38 - keyence_client - WARNING - MarkedCharacter error: S029,Mark data Request Error
2026-01-28 17:35:38 - __main__ - INFO - [2026-01-28 17:35:38] Status: NOT_READY | Text: '' | Job: 1
2026-01-28 17:35:39 - keyence_client - WARNING - MarkedCharacter error: S029,Mark data Request Error
2026-01-28 17:35:39 - __main__ - INFO - [2026-01-28 17:35:39] Status: NOT_READY | Text: '' | Job: 1
2026-01-28 17:35:40 - keyence_client - WARNING - MarkedCharacter error: S029,Mark data Request Error
2026-01-28 17:35:40 - __main__ - INFO - [2026-01-28 17:35:40] Status: NOT_READY | Text: '' | Job: 1
2026-01-28 17:35:41 - keyence_client - WARNING - MarkedCharacter error: S029,Mark data Request Error
2026-01-28 17:35:41 - __main__ - INFO - [2026-01-28 17:35:41] Status: NOT_READY | Text: '' | Job: 1
2026-01-28 17:35:42 - keyence_client - WARNING - MarkedCharacter error: S029,Mark data Request Error
2026-01-28 17:35:42 - __main__ - INFO - [2026-01-28 17:35:42] Status: NOT_READY | Text: '' | Job: 1
2026-01-28 17:35:43 - keyence_client - WARNING - MarkedCharacter error: S029,Mark data Request Error
2026-01-28 17:35:43 - __main__ - INFO - [2026-01-28 17:35:43] Status: NOT_READY | Text: '' | Job: 1
2026-01-28 17:35:44 - keyence_client - WARNING - MarkedCharacter error: S029,Mark data Request Error
2026-01-28 17:35:44 - __main__ - INFO - [2026-01-28 17:35:44] Status: NOT_READY | Text: '' | Job: 1
2026-01-28 17:35:45 - keyence_client - WARNING - MarkedCharacter error: S029,Mark data Request Error
2026-01-28 17:35:45 - __main__ - INFO - [2026-01-28 17:35:45] Status: NOT_READY | Text: '' | Job: 1
2026-01-28 17:35:46 - keyence_client - WARNING - MarkedCharacter error: S029,Mark data Request Error
2026-01-28 17:35:46 - __main__ - INFO - [2026-01-28 17:35:46] Status: NOT_READY | Text: '' | Job: 1
2026-01-28 17:35:47 - keyence_client - WARNING - MarkedCharacter error: S029,Mark data Request Error
2026-01-28 17:35:47 - __main__ - INFO - [2026-01-28 17:35:47] Status: NOT_READY | Text: '' | Job: 1
2026-01-28 17:35:48 - keyence_client - WARNING - MarkedCharacter error: S029,Mark data Request Error
2026-01-28 17:35:48 - __main__ - INFO - [2026-01-28 17:35:48] Status: NOT_READY | Text: '' | Job: 1
2026-01-28 17:35:49 - keyence_client - WARNING - MarkedCharacter error: S029,Mark data Request Error
2026-01-28 17:35:49 - __main__ - INFO - [2026-01-28 17:35:49] Status: NOT_READY | Text: '' | Job: 1
2026-01-28 17:35:50 - keyence_client - WARNING - MarkedCharacter error: S029,Mark data Request Error
2026-01-28 17:35:50 - __main__ - INFO - [2026-01-28 17:35:50] Status: NOT_READY | Text: '' | Job: 1
2026-01-28 17:35:51 - keyence_client - WARNING - MarkedCharacter error: S029,Mark data Request Error
2026-01-28 17:35:51 - __main__ - INFO - [2026-01-28 17:35:51] Status: NOT_READY | Text: '' | Job: 1
2026-01-28 17:35:52 - keyence_client - WARNING - MarkedCharacter error: S029,Mark data Request Error
2026-01-28 17:35:52 - __main__ - INFO - [2026-01-28 17:35:52] Status: NOT_READY | Text: '' | Job: 1
2026-01-28 17:35:53 - keyence_client - WARNING - MarkedCharacter error: S029,Mark data Request Error
2026-01-28 17:35:53 - __main__ - INFO - [2026-01-28 17:35:53] Status: NOT_READY | Text: '' | Job: 1
2026-01-28 17:35:54 - keyence_client - WARNING - MarkedCharacter error: S029,Mark data Request Error
2026-01-28 17:35:54 - __main__ - INFO - [2026-01-28 17:35:54] Status: NOT_READY | Text: '' | Job: 1
2026-01-28 17:35:55 - keyence_client - WARNING - MarkedCharacter error: S029,Mark data Request Error
2026-01-28 17:35:55 - __main__ - INFO - [2026-01-28 17:35:55] Status: NOT_READY | Text: '' | Job: 1
2026-01-28 17:35:56 - keyence_client - WARNING - MarkedCharacter error: S029,Mark data Request Error
2026-01-28 17:35:56 - __main__ - INFO - [2026-01-28 17:35:56] Status: NOT_READY | Text: '' | Job: 1
2026-01-28 17:35:57 - keyence_client - WARNING - MarkedCharacter error: S029,Mark data Request Error
2026-01-28 17:35:57 - __main__ - INFO - [2026-01-28 17:35:57] Status: NOT_READY | Text: '' | Job: 1
2026-01-28 17:35:58 - keyence_client - WARNING - MarkedCharacter error: S029,Mark data Request Error
2026-01-28 17:35:58 - __main__ - INFO - [2026-01-28 17:35:58] Status: NOT_READY | Text: '' | Job: 1
2026-01-28 17:35:59 - keyence_client - WARNING - MarkedCharacter error: S029,Mark data Request Error
2026-01-28 17:35:59 - __main__ - INFO - [2026-01-28 17:35:59] Status: NOT_READY | Text: '' | Job: 1
2026-01-28 17:36:00 - keyence_client - WARNING - MarkedCharacter error: S029,Mark data Request Error
2026-01-28 17:36:00 - __main__ - INFO - [2026-01-28 17:36:00] Status: NOT_READY | Text: '' | Job: 1
2026-01-28 17:36:01 - keyence_client - WARNING - MarkedCharacter error: S029,Mark data Request Error
2026-01-28 17:36:01 - __main__ - INFO - [2026-01-28 17:36:01] Status: NOT_READY | Text: '' | Job: 1
2026-01-28 17:36:02 - keyence_client - WARNING - MarkedCharacter error: S029,Mark data Request Error
2026-01-28 17:36:02 - __main__ - INFO - [2026-01-28 17:36:02] Status: NOT_READY | Text: '' | Job: 1
2026-01-28 17:36:03 - keyence_client - WARNING - MarkedCharacter error: S029,Mark data Request Error
2026-01-28 17:36:03 - __main__ - INFO - [2026-01-28 17:36:03] Status: NOT_READY | Text: '' | Job: 1
2026-01-28 17:36:04 - keyence_client - WARNING - MarkedCharacter error: S029,Mark data Request Error
2026-01-28 17:36:04 - __main__ - INFO - [2026-01-28 17:36:04] Status: NOT_READY | Text: '' | Job: 1
2026-01-28 17:36:05 - keyence_client - WARNING - MarkedCharacter error: S029,Mark data Request Error
2026-01-28 17:36:05 - __main__ - INFO - [2026-01-28 17:36:05] Status: NOT_READY | Text: '' | Job: 1
2026-01-28 17:36:06 - keyence_client - WARNING - MarkedCharacter error: S029,Mark data Request Error
2026-01-28 17:36:06 - __main__ - INFO - [2026-01-28 17:36:06] Status: NOT_READY | Text: '' | Job: 1
2026-01-28 17:36:07 - keyence_client - WARNING - MarkedCharacter error: S029,Mark data Request Error
2026-01-28 17:36:07 - __main__ - INFO - [2026-01-28 17:36:07] Status: NOT_READY | Text: '' | Job: 1
2026-01-28 17:36:08 - keyence_client - WARNING - MarkedCharacter error: S029,Mark data Request Error
2026-01-28 17:36:08 - __main__ - INFO - [2026-01-28 17:36:08] Status: NOT_READY | Text: '' | Job: 1
2026-01-28 17:36:09 - keyence_client - WARNING - MarkedCharacter error: S029,Mark data Request Error
2026-01-28 17:36:09 - __main__ - INFO - [2026-01-28 17:36:09] Status: NOT_READY | Text: '' | Job: 1
2026-01-28 17:36:10 - keyence_client - WARNING - MarkedCharacter error: S029,Mark data Request Error
2026-01-28 17:36:10 - __main__ - INFO - [2026-01-28 17:36:10] Status: NOT_READY | Text: '' | Job: 1
2026-01-28 17:36:11 - keyence_client - WARNING - MarkedCharacter error: S029,Mark data Request Error
2026-01-28 17:36:11 - __main__ - INFO - [2026-01-28 17:36:11] Status: NOT_READY | Text: '' | Job: 1
2026-01-28 17:36:12 - keyence_client - WARNING - MarkedCharacter error: S029,Mark data Request Error
2026-01-28 17:36:12 - __main__ - INFO - [2026-01-28 17:36:12] Status: NOT_READY | Text: '' | Job: 1
2026-01-28 17:36:13 - keyence_client - WARNING - MarkedCharacter error: S029,Mark data Request Error
2026-01-28 17:36:13 - __main__ - INFO - [2026-01-28 17:36:13] Status: NOT_READY | Text: '' | Job: 1
2026-01-28 17:36:14 - keyence_client - WARNING - MarkedCharacter error: S029,Mark data Request Error
2026-01-28 17:36:14 - __main__ - INFO - [2026-01-28 17:36:14] Status: NOT_READY | Text: '' | Job: 1
2026-01-28 17:36:15 - keyence_client - WARNING - MarkedCharacter error: S029,Mark data Request Error
2026-01-28 17:36:15 - __main__ - INFO - [2026-01-28 17:36:15] Status: NOT_READY | Text: '' | Job: 1
2026-01-28 17:36:16 - keyence_client - WARNING - MarkedCharacter error: S029,Mark data Request Error
2026-01-28 17:36:16 - __main__ - INFO - [2026-01-28 17:36:16] Status: NOT_READY | Text: '' | Job: 1
2026-01-28 17:36:17 - keyence_client - WARNING - MarkedCharacter error: S029,Mark data Request Error
2026-01-28 17:36:17 - __main__ - INFO - [2026-01-28 17:36:17] Status: NOT_READY | Text: '' | Job: 1
2026-01-28 17:36:18 - keyence_client - WARNING - MarkedCharacter error: S029,Mark data Request Error
2026-01-28 17:36:18 - __main__ - INFO - [2026-01-28 17:36:18] Status: NOT_READY | Text: '' | Job: 1
2026-01-28 17:36:19 - keyence_client - WARNING - MarkedCharacter error: S029,Mark data Request Error
2026-01-28 17:36:19 - __main__ - INFO - [2026-01-28 17:36:19] Status: NOT_READY | Text: '' | Job: 1
2026-01-28 17:36:20 - keyence_client - WARNING - MarkedCharacter error: S029,Mark data Request Error
2026-01-28 17:36:20 - __main__ - INFO - [2026-01-28 17:36:20] Status: NOT_READY | Text: '' | Job: 1
2026-01-28 17:36:21 - keyence_client - WARNING - MarkedCharacter error: S029,Mark data Request Error
2026-01-28 17:36:21 - __main__ - INFO - [2026-01-28 17:36:21] Status: NOT_READY | Text: '' | Job: 1
2026-01-28 17:36:22 - keyence_client - WARNING - MarkedCharacter error: S029,Mark data Request Error
2026-01-28 17:36:22 - __main__ - INFO - [2026-01-28 17:36:22] Status: NOT_READY | Text: '' | Job: 1
2026-01-28 17:36:23 - keyence_client - WARNING - MarkedCharacter error: S029,Mark data Request Error
2026-01-28 17:36:23 - __main__ - INFO - [2026-01-28 17:36:23] Status: NOT_READY | Text: '' | Job: 1
2026-01-28 17:36:24 - keyence_client - WARNING - MarkedCharacter error: S029,Mark data Request Error
2026-01-28 17:36:24 - __main__ - INFO - [2026-01-28 17:36:24] Status: NOT_READY | Text: '' | Job: 1
2026-01-28 17:36:25 - keyence_client - WARNING - MarkedCharacter error: S029,Mark data Request Error
2026-01-28 17:36:25 - __main__ - INFO - [2026-01-28 17:36:25] Status: NOT_READY | Text: '' | Job: 1
2026-01-28 17:36:26 - keyence_client - WARNING - MarkedCharacter error: S029,Mark data Request Error
2026-01-28 17:36:26 - __main__ - INFO - [2026-01-28 17:36:26] Status: NOT_READY | Text: '' | Job: 1
2026-01-28 17:36:27 - keyence_client - WARNING - MarkedCharacter error: S029,Mark data Request Error
2026-01-28 17:36:27 - __main__ - INFO - [2026-01-28 17:36:27] Status: NOT_READY | Text: '' | Job: 1
2026-01-28 17:36:28 - keyence_client - WARNING - MarkedCharacter error: S029,Mark data Request Error
2026-01-28 17:36:28 - __main__ - INFO - [2026-01-28 17:36:28] Status: NOT_READY | Text: '' | Job: 1
2026-01-28 17:36:29 - keyence_client - WARNING - MarkedCharacter error: S029,Mark data Request Error
2026-01-28 17:36:29 - __main__ - INFO - [2026-01-28 17:36:29] Status: NOT_READY | Text: '' | Job: 1
2026-01-28 17:36:30 - keyence_client - WARNING - MarkedCharacter error: S029,Mark data Request Error
2026-01-28 17:36:30 - __main__ - INFO - [2026-01-28 17:36:30] Status: NOT_READY | Text: '' | Job: 1
2026-01-28 17:36:31 - keyence_client - WARNING - MarkedCharacter error: S029,Mark data Request Error
2026-01-28 17:36:31 - __main__ - INFO - [2026-01-28 17:36:31] Status: NOT_READY | Text: '' | Job: 1
2026-01-28 17:36:32 - keyence_client - WARNING - MarkedCharacter error: S029,Mark data Request Error
2026-01-28 17:36:32 - __main__ - INFO - [2026-01-28 17:36:32] Status: NOT_READY | Text: '' | Job: 1
2026-01-28 17:36:33 - keyence_client - WARNING - MarkedCharacter error: S029,Mark data Request Error
2026-01-28 17:36:33 - __main__ - INFO - [2026-01-28 17:36:33] Status: NOT_READY | Text: '' | Job: 1
2026-01-28 17:36:34 - keyence_client - WARNING - MarkedCharacter error: S029,Mark data Request Error
2026-01-28 17:36:34 - __main__ - INFO - [2026-01-28 17:36:34] Status: NOT_READY | Text: '' | Job: 1
2026-01-28 17:36:35 - keyence_client - WARNING - MarkedCharacter error: S029,Mark data Request Error
2026-01-28 17:36:35 - __main__ - INFO - [2026-01-28 17:36:35] Status: NOT_READY | Text: '' | Job: 1
2026-01-28 17:36:36 - keyence_client - WARNING - MarkedCharacter error: S029,Mark data Request Error
2026-01-28 17:36:36 - __main__ - INFO - [2026-01-28 17:36:36] Status: NOT_READY | Text: '' | Job: 1
2026-01-28 17:36:37 - keyence_client - WARNING - MarkedCharacter error: S029,Mark data Request Error
2026-01-28 17:36:37 - __main__ - INFO - [2026-01-28 17:36:37] Status: NOT_READY | Text: '' | Job: 1
2026-01-28 17:36:38 - keyence_client - WARNING - MarkedCharacter error: S029,Mark data Request Error
2026-01-28 17:36:38 - __main__ - INFO - [2026-01-28 17:36:38] Status: NOT_READY | Text: '' | Job: 1
2026-01-28 17:36:39 - keyence_client - WARNING - MarkedCharacter error: S029,Mark data Request Error
2026-01-28 17:36:39 - __main__ - INFO - [2026-01-28 17:36:39] Status: NOT_READY | Text: '' | Job: 1
2026-01-28 17:36:40 - keyence_client - WARNING - MarkedCharacter error: S029,Mark data Request Error
2026-01-28 17:36:40 - __main__ - INFO - [2026-01-28 17:36:40] Status: NOT_READY | Text: '' | Job: 1
2026-01-28 17:36:41 - keyence_client - WARNING - MarkedCharacter error: S029,Mark data Request Error
2026-01-28 17:36:41 - __main__ - INFO - [2026-01-28 17:36:41] Status: NOT_READY | Text: '' | Job: 1
2026-01-28 17:36:42 - keyence_client - WARNING - MarkedCharacter error: S009,Busy Error
2026-01-28 17:36:42 - __main__ - INFO - [2026-01-28 17:36:42] Status: NOT_READY | Text: '' | Job: 1
2026-01-28 17:36:43 - __main__ - INFO - [2026-01-28 17:36:43] Status: NOT_READY | Text: '20260128' | Job: 1
2026-01-28 17:36:44 - __main__ - INFO - [2026-01-28 17:36:44] Status: NOT_READY | Text: '20260128' | Job: 1
2026-01-28 17:36:45 - __main__ - INFO - [2026-01-28 17:36:45] Status: NOT_READY | Text: '20260128' | Job: 1
2026-01-28 17:36:46 - __main__ - INFO - [2026-01-28 17:36:46] Status: NOT_READY | Text: '20260128' | Job: 1
2026-01-28 17:36:47 - __main__ - INFO - [2026-01-28 17:36:47] Status: NOT_READY | Text: '20260128' | Job: 1
2026-01-28 17:36:48 - __main__ - INFO - [2026-01-28 17:36:48] Status: NOT_READY | Text: '20260128' | Job: 1
2026-01-28 17:36:49 - __main__ - INFO - [2026-01-28 17:36:49] Status: NOT_READY | Text: '20260128' | Job: 1
2026-01-28 17:36:50 - __main__ - INFO - [2026-01-28 17:36:50] Status: NOT_READY | Text: '20260128' | Job: 1
2026-01-28 17:36:51 - __main__ - INFO - [2026-01-28 17:36:51] Status: NOT_READY | Text: '20260128' | Job: 1
2026-01-28 17:36:52 - __main__ - INFO - [2026-01-28 17:36:52] Status: NOT_READY | Text: '20260128' | Job: 1
2026-01-28 17:36:53 - __main__ - INFO - [2026-01-28 17:36:53] Status: NOT_READY | Text: '20260128' | Job: 1
2026-01-28 17:36:54 - __main__ - INFO - [2026-01-28 17:36:54] Status: NOT_READY | Text: '20260128' | Job: 1
2026-01-28 17:36:55 - __main__ - INFO - [2026-01-28 17:36:55] Status: NOT_READY | Text: '20260128' | Job: 1
2026-01-28 17:36:56 - __main__ - INFO - [2026-01-28 17:36:56] Status: NOT_READY | Text: '20260128' | Job: 1
2026-01-28 17:36:57 - __main__ - INFO - [2026-01-28 17:36:57] Status: NOT_READY | Text: '20260128' | Job: 1
2026-01-28 17:36:58 - __main__ - INFO - [2026-01-28 17:36:58] Status: NOT_READY | Text: '20260128' | Job: 1
2026-01-28 17:37:00 - __main__ - INFO - [2026-01-28 17:37:00] Status: NOT_READY | Text: '20260128' | Job: 1
2026-01-28 17:37:01 - __main__ - INFO - [2026-01-28 17:37:01] Status: NOT_READY | Text: '20260128' | Job: 1
2026-01-28 17:37:02 - __main__ - INFO - [2026-01-28 17:37:02] Status: NOT_READY | Text: '20260128' | Job: 1
2026-01-28 17:37:03 - __main__ - INFO - [2026-01-28 17:37:03] Status: NOT_READY | Text: '20260128' | Job: 1
2026-01-28 17:37:04 - __main__ - INFO - [2026-01-28 17:37:04] Status: NOT_READY | Text: '20260128' | Job: 1
2026-01-28 17:37:05 - __main__ - INFO - [2026-01-28 17:37:05] Status: NOT_READY | Text: '20260128' | Job: 1
2026-01-28 17:37:06 - __main__ - INFO - [2026-01-28 17:37:06] Status: NOT_READY | Text: '20260128' | Job: 1
2026-01-28 17:37:07 - __main__ - INFO - [2026-01-28 17:37:07] Status: NOT_READY | Text: '20260128' | Job: 1
2026-01-28 17:37:08 - __main__ - INFO - [2026-01-28 17:37:08] Status: NOT_READY | Text: '20260128' | Job: 1
2026-01-28 17:37:09 - __main__ - INFO - [2026-01-28 17:37:09] Status: NOT_READY | Text: '20260128' | Job: 1
2026-01-28 17:37:10 - __main__ - INFO - [2026-01-28 17:37:10] Status: NOT_READY | Text: '20260128' | Job: 1
2026-01-28 17:37:11 - __main__ - INFO - [2026-01-28 17:37:11] Status: NOT_READY | Text: '20260128' | Job: 1
2026-01-28 17:37:12 - __main__ - INFO - [2026-01-28 17:37:12] Status: NOT_READY | Text: '20260128' | Job: 1
2026-01-28 17:37:13 - __main__ - INFO - [2026-01-28 17:37:13] Status: NOT_READY | Text: '20260128' | Job: 1
2026-01-28 17:37:14 - __main__ - INFO - [2026-01-28 17:37:14] Status: NOT_READY | Text: '20260128' | Job: 1
2026-01-28 17:37:15 - __main__ - INFO - [2026-01-28 17:37:15] Status: NOT_READY | Text: '20260128' | Job: 1
2026-01-28 17:37:16 - __main__ - INFO - [2026-01-28 17:37:16] Status: NOT_READY | Text: '20260128' | Job: 1
2026-01-28 17:37:17 - __main__ - INFO - [2026-01-28 17:37:17] Status: NOT_READY | Text: '20260128' | Job: 1
2026-01-28 17:37:18 - __main__ - INFO - [2026-01-28 17:37:18] Status: NOT_READY | Text: '20260128' | Job: 1
2026-01-28 17:37:19 - __main__ - INFO - [2026-01-28 17:37:19] Status: NOT_READY | Text: '20260128' | Job: 1
2026-01-28 17:37:20 - __main__ - INFO - [2026-01-28 17:37:20] Status: NOT_READY | Text: '20260128' | Job: 1
2026-01-28 17:37:21 - __main__ - INFO - [2026-01-28 17:37:21] Status: NOT_READY | Text: '20260128' | Job: 1
2026-01-28 17:37:22 - __main__ - INFO - [2026-01-28 17:37:22] Status: NOT_READY | Text: '20260128' | Job: 1
2026-01-28 17:37:23 - __main__ - INFO - [2026-01-28 17:37:23] Status: NOT_READY | Text: '20260128' | Job: 1
2026-01-28 17:37:24 - __main__ - INFO - [2026-01-28 17:37:24] Status: NOT_READY | Text: '20260128' | Job: 1
2026-01-28 17:37:25 - __main__ - INFO - Shutdown signal received. Stopping...
2026-01-28 17:37:25 - keyence_client - INFO - Disconnected from Keyence MD-X2000
2026-01-28 17:37:25 - api_client - INFO - API client session closed
2026-01-28 17:37:25 - __main__ - INFO - Monitoring stopped.
2026-01-28 17:37:25 - api_client - INFO - API client session closed
2026-01-28 17:44:26 - __main__ - INFO - ============================================================
2026-01-28 17:44:26 - __main__ - INFO -   Keyence MD-X2000 Laser Marker Communication Script
2026-01-28 17:44:26 - __main__ - INFO - ============================================================
2026-01-28 17:44:26 - keyence_client - INFO - Connecting to Keyence MD-X2000 at 192.168.1.9:50002
2026-01-28 17:44:26 - keyence_client - INFO - Successfully connected to Keyence MD-X2000
2026-01-28 17:44:26 - __main__ - INFO - Reading laser marker status...
2026-01-28 17:44:26 - __main__ - INFO - Status: NOT_READY
2026-01-28 17:44:26 - __main__ - INFO - Reading marking data...
2026-01-28 17:44:26 - keyence_client - INFO - Read marking text from 3 blocks
2026-01-28 17:44:26 - __main__ - INFO -   Status: NOT_READY
2026-01-28 17:44:26 - __main__ - INFO -   Marking Text: '20260128174000002026012817400000'
2026-01-28 17:44:26 - __main__ - INFO -   Job Number: 1
2026-01-28 17:44:26 - __main__ - WARNING - API endpoint not configured. Skipping API send.
2026-01-28 17:44:26 - __main__ - INFO - Configure API_ENDPOINT in config.py to enable API sending.
2026-01-28 17:44:26 - __main__ - INFO - 
==================================================
2026-01-28 17:44:26 - __main__ - INFO - Summary:
2026-01-28 17:44:26 - __main__ - INFO -   Status: NOT_READY
2026-01-28 17:44:26 - __main__ - INFO -   Marking Text: '20260128174000002026012817400000'
2026-01-28 17:44:26 - __main__ - INFO -   Job Number: 1
2026-01-28 17:44:26 - __main__ - INFO - ==================================================
2026-01-28 17:44:26 - keyence_client - INFO - Disconnected from Keyence MD-X2000
2026-01-28 17:44:26 - api_client - INFO - API client session closed
2026-01-28 17:45:13 - __main__ - INFO - ============================================================
2026-01-28 17:45:13 - __main__ - INFO -   Keyence MD-X2000 Laser Marker Communication Script
2026-01-28 17:45:13 - __main__ - INFO - ============================================================
2026-01-28 17:45:13 - __main__ - INFO - ==================================================
2026-01-28 17:45:13 - __main__ - INFO - Starting continuous monitoring mode
2026-01-28 17:45:13 - __main__ - INFO - Poll interval: 1.0 seconds
2026-01-28 17:45:13 - __main__ - INFO - Press Ctrl+C to stop
2026-01-28 17:45:13 - __main__ - INFO - ==================================================
2026-01-28 17:45:13 - __main__ - INFO - Connecting to laser marker...
2026-01-28 17:45:13 - keyence_client - INFO - Connecting to Keyence MD-X2000 at 192.168.1.9:50002
2026-01-28 17:45:13 - keyence_client - INFO - Successfully connected to Keyence MD-X2000
2026-01-28 17:45:13 - keyence_client - INFO - Read marking text from 3 blocks
2026-01-28 17:45:13 - __main__ - INFO - [2026-01-28 17:45:13] Status: NOT_READY | Text: '20260128174000002026012817400000' | Job: 1
2026-01-28 17:45:14 - keyence_client - INFO - Read marking text from 3 blocks
2026-01-28 17:45:14 - __main__ - INFO - [2026-01-28 17:45:14] Status: NOT_READY | Text: '20260128174000002026012817400000' | Job: 1
2026-01-28 17:45:15 - keyence_client - INFO - Read marking text from 3 blocks
2026-01-28 17:45:15 - __main__ - INFO - [2026-01-28 17:45:15] Status: NOT_READY | Text: '20260128174000002026012817400000' | Job: 1
2026-01-28 17:45:16 - keyence_client - INFO - Read marking text from 3 blocks
2026-01-28 17:45:16 - __main__ - INFO - [2026-01-28 17:45:16] Status: NOT_READY | Text: '20260128174000002026012817400000' | Job: 1
2026-01-28 17:45:17 - keyence_client - INFO - Read marking text from 3 blocks
2026-01-28 17:45:17 - __main__ - INFO - [2026-01-28 17:45:17] Status: NOT_READY | Text: '20260128174000002026012817400000' | Job: 1
2026-01-28 17:45:19 - keyence_client - INFO - Read marking text from 0 blocks
2026-01-28 17:45:19 - __main__ - INFO - [2026-01-28 17:45:19] Status: NOT_READY | Text: '' | Job: 1
2026-01-28 17:45:20 - keyence_client - INFO - Read marking text from 3 blocks
2026-01-28 17:45:20 - __main__ - INFO - [2026-01-28 17:45:20] Status: NOT_READY | Text: '20260128174500012026012817450001' | Job: 1
2026-01-28 17:45:21 - keyence_client - INFO - Read marking text from 3 blocks
2026-01-28 17:45:21 - __main__ - INFO - [2026-01-28 17:45:21] Status: NOT_READY | Text: '20260128174500012026012817450001' | Job: 1
2026-01-28 17:45:22 - keyence_client - INFO - Read marking text from 3 blocks
2026-01-28 17:45:22 - __main__ - INFO - [2026-01-28 17:45:22] Status: NOT_READY | Text: '20260128174500012026012817450001' | Job: 1
2026-01-28 17:45:23 - keyence_client - INFO - Read marking text from 3 blocks
2026-01-28 17:45:23 - __main__ - INFO - [2026-01-28 17:45:23] Status: NOT_READY | Text: '20260128174500012026012817450001' | Job: 1
2026-01-28 17:45:24 - keyence_client - INFO - Read marking text from 3 blocks
2026-01-28 17:45:24 - __main__ - INFO - [2026-01-28 17:45:24] Status: NOT_READY | Text: '20260128174500012026012817450001' | Job: 1
2026-01-28 17:45:25 - keyence_client - INFO - Read marking text from 3 blocks
2026-01-28 17:45:25 - __main__ - INFO - [2026-01-28 17:45:25] Status: NOT_READY | Text: '20260128174500012026012817450001' | Job: 1
2026-01-28 17:45:26 - keyence_client - INFO - Read marking text from 3 blocks
2026-01-28 17:45:26 - __main__ - INFO - [2026-01-28 17:45:26] Status: NOT_READY | Text: '20260128174500012026012817450001' | Job: 1
2026-01-28 17:45:27 - keyence_client - INFO - Read marking text from 3 blocks
2026-01-28 17:45:27 - __main__ - INFO - [2026-01-28 17:45:27] Status: NOT_READY | Text: '20260128174500012026012817450001' | Job: 1
2026-01-28 17:45:28 - keyence_client - INFO - Read marking text from 3 blocks
2026-01-28 17:45:28 - __main__ - INFO - [2026-01-28 17:45:28] Status: NOT_READY | Text: '20260128174500012026012817450001' | Job: 1
2026-01-28 17:45:29 - keyence_client - INFO - Read marking text from 3 blocks
2026-01-28 17:45:29 - __main__ - INFO - [2026-01-28 17:45:29] Status: NOT_READY | Text: '20260128174500012026012817450001' | Job: 1
2026-01-28 17:45:30 - keyence_client - INFO - Read marking text from 3 blocks
2026-01-28 17:45:30 - __main__ - INFO - [2026-01-28 17:45:30] Status: NOT_READY | Text: '20260128174500012026012817450001' | Job: 1
2026-01-28 17:45:31 - keyence_client - INFO - Read marking text from 3 blocks
2026-01-28 17:45:31 - __main__ - INFO - [2026-01-28 17:45:31] Status: NOT_READY | Text: '20260128174500012026012817450001' | Job: 1
2026-01-28 17:45:32 - keyence_client - INFO - Read marking text from 3 blocks
2026-01-28 17:45:32 - __main__ - INFO - [2026-01-28 17:45:32] Status: NOT_READY | Text: '20260128174500012026012817450001' | Job: 1
2026-01-28 17:45:33 - keyence_client - INFO - Read marking text from 3 blocks
2026-01-28 17:45:33 - __main__ - INFO - [2026-01-28 17:45:33] Status: NOT_READY | Text: '20260128174500012026012817450001' | Job: 1
2026-01-28 17:45:34 - keyence_client - INFO - Read marking text from 3 blocks
2026-01-28 17:45:34 - __main__ - INFO - [2026-01-28 17:45:34] Status: NOT_READY | Text: '20260128174500012026012817450001' | Job: 1
2026-01-28 17:45:35 - keyence_client - INFO - Read marking text from 3 blocks
2026-01-28 17:45:35 - __main__ - INFO - [2026-01-28 17:45:35] Status: NOT_READY | Text: '20260128174500012026012817450001' | Job: 1
2026-01-28 17:45:36 - keyence_client - INFO - Read marking text from 3 blocks
2026-01-28 17:45:36 - __main__ - INFO - [2026-01-28 17:45:36] Status: NOT_READY | Text: '20260128174500012026012817450001' | Job: 1
2026-01-28 17:45:37 - keyence_client - INFO - Read marking text from 3 blocks
2026-01-28 17:45:37 - __main__ - INFO - [2026-01-28 17:45:37] Status: NOT_READY | Text: '20260128174500012026012817450001' | Job: 1
2026-01-28 17:45:38 - keyence_client - INFO - Read marking text from 3 blocks
2026-01-28 17:45:38 - __main__ - INFO - [2026-01-28 17:45:38] Status: NOT_READY | Text: '20260128174500012026012817450001' | Job: 1
2026-01-28 17:45:39 - keyence_client - INFO - Read marking text from 3 blocks
2026-01-28 17:45:39 - __main__ - INFO - [2026-01-28 17:45:39] Status: NOT_READY | Text: '20260128174500012026012817450001' | Job: 1
2026-01-28 17:45:40 - keyence_client - INFO - Read marking text from 3 blocks
2026-01-28 17:45:40 - __main__ - INFO - [2026-01-28 17:45:40] Status: NOT_READY | Text: '20260128174500012026012817450001' | Job: 1
2026-01-28 17:45:41 - keyence_client - INFO - Read marking text from 3 blocks
2026-01-28 17:45:41 - __main__ - INFO - [2026-01-28 17:45:41] Status: NOT_READY | Text: '20260128174500012026012817450001' | Job: 1
2026-01-28 17:45:42 - keyence_client - INFO - Read marking text from 3 blocks
2026-01-28 17:45:42 - __main__ - INFO - [2026-01-28 17:45:42] Status: NOT_READY | Text: '20260128174500012026012817450001' | Job: 1
2026-01-28 17:45:43 - keyence_client - INFO - Read marking text from 3 blocks
2026-01-28 17:45:43 - __main__ - INFO - [2026-01-28 17:45:43] Status: NOT_READY | Text: '20260128174500012026012817450001' | Job: 1
2026-01-28 17:45:44 - keyence_client - INFO - Read marking text from 3 blocks
2026-01-28 17:45:44 - __main__ - INFO - [2026-01-28 17:45:44] Status: NOT_READY | Text: '20260128174500012026012817450001' | Job: 1
2026-01-28 17:45:45 - keyence_client - INFO - Read marking text from 3 blocks
2026-01-28 17:45:45 - __main__ - INFO - [2026-01-28 17:45:45] Status: NOT_READY | Text: '20260128174500012026012817450001' | Job: 1
2026-01-28 17:45:46 - keyence_client - INFO - Read marking text from 3 blocks
2026-01-28 17:45:46 - __main__ - INFO - [2026-01-28 17:45:46] Status: NOT_READY | Text: '20260128174500012026012817450001' | Job: 1
2026-01-28 17:45:47 - keyence_client - INFO - Read marking text from 3 blocks
2026-01-28 17:45:47 - __main__ - INFO - [2026-01-28 17:45:47] Status: NOT_READY | Text: '20260128174500012026012817450001' | Job: 1
2026-01-28 17:45:48 - keyence_client - INFO - Read marking text from 3 blocks
2026-01-28 17:45:48 - __main__ - INFO - [2026-01-28 17:45:48] Status: NOT_READY | Text: '20260128174500012026012817450001' | Job: 1
2026-01-28 17:45:49 - keyence_client - INFO - Read marking text from 3 blocks
2026-01-28 17:45:49 - __main__ - INFO - [2026-01-28 17:45:49] Status: NOT_READY | Text: '20260128174500012026012817450001' | Job: 1
2026-01-28 17:45:50 - keyence_client - INFO - Read marking text from 3 blocks
2026-01-28 17:45:50 - __main__ - INFO - [2026-01-28 17:45:50] Status: NOT_READY | Text: '20260128174500012026012817450001' | Job: 1
2026-01-28 17:45:51 - keyence_client - INFO - Read marking text from 3 blocks
2026-01-28 17:45:51 - __main__ - INFO - [2026-01-28 17:45:51] Status: NOT_READY | Text: '20260128174500012026012817450001' | Job: 1
2026-01-28 17:45:52 - keyence_client - INFO - Read marking text from 3 blocks
2026-01-28 17:45:52 - __main__ - INFO - [2026-01-28 17:45:52] Status: NOT_READY | Text: '20260128174500012026012817450001' | Job: 1
2026-01-28 17:45:53 - keyence_client - INFO - Read marking text from 3 blocks
2026-01-28 17:45:53 - __main__ - INFO - [2026-01-28 17:45:53] Status: NOT_READY | Text: '20260128174500012026012817450001' | Job: 1
2026-01-28 17:45:54 - keyence_client - INFO - Read marking text from 3 blocks
2026-01-28 17:45:54 - __main__ - INFO - [2026-01-28 17:45:54] Status: NOT_READY | Text: '20260128174500012026012817450001' | Job: 1
2026-01-28 17:45:55 - keyence_client - INFO - Read marking text from 3 blocks
2026-01-28 17:45:55 - __main__ - INFO - [2026-01-28 17:45:55] Status: NOT_READY | Text: '20260128174500012026012817450001' | Job: 1
2026-01-28 17:45:56 - keyence_client - INFO - Read marking text from 3 blocks
2026-01-28 17:45:56 - __main__ - INFO - [2026-01-28 17:45:56] Status: NOT_READY | Text: '20260128174500012026012817450001' | Job: 1
2026-01-28 17:45:57 - keyence_client - INFO - Read marking text from 3 blocks
2026-01-28 17:45:57 - __main__ - INFO - [2026-01-28 17:45:57] Status: NOT_READY | Text: '20260128174500012026012817450001' | Job: 1
2026-01-28 17:45:58 - keyence_client - INFO - Read marking text from 3 blocks
2026-01-28 17:45:58 - __main__ - INFO - [2026-01-28 17:45:58] Status: NOT_READY | Text: '20260128174500012026012817450001' | Job: 1
2026-01-28 17:45:59 - keyence_client - INFO - Read marking text from 3 blocks
2026-01-28 17:45:59 - __main__ - INFO - [2026-01-28 17:45:59] Status: NOT_READY | Text: '20260128174500012026012817450001' | Job: 1
2026-01-28 17:46:00 - keyence_client - INFO - Read marking text from 3 blocks
2026-01-28 17:46:00 - __main__ - INFO - [2026-01-28 17:46:00] Status: NOT_READY | Text: '20260128174500012026012817450001' | Job: 1
2026-01-28 17:46:01 - keyence_client - INFO - Read marking text from 3 blocks
2026-01-28 17:46:01 - __main__ - INFO - [2026-01-28 17:46:01] Status: NOT_READY | Text: '20260128174500012026012817450001' | Job: 1
2026-01-28 17:46:02 - keyence_client - INFO - Read marking text from 3 blocks
2026-01-28 17:46:02 - __main__ - INFO - [2026-01-28 17:46:02] Status: NOT_READY | Text: '20260128174500012026012817450001' | Job: 1
2026-01-28 17:46:03 - keyence_client - INFO - Read marking text from 3 blocks
2026-01-28 17:46:03 - __main__ - INFO - [2026-01-28 17:46:03] Status: NOT_READY | Text: '20260128174500012026012817450001' | Job: 1
2026-01-28 17:46:04 - keyence_client - INFO - Read marking text from 3 blocks
2026-01-28 17:46:04 - __main__ - INFO - [2026-01-28 17:46:04] Status: NOT_READY | Text: '20260128174500012026012817450001' | Job: 1
2026-01-28 17:46:05 - keyence_client - INFO - Read marking text from 3 blocks
2026-01-28 17:46:05 - __main__ - INFO - [2026-01-28 17:46:05] Status: NOT_READY | Text: '20260128174500012026012817450001' | Job: 1
2026-01-28 17:46:06 - keyence_client - INFO - Read marking text from 3 blocks
2026-01-28 17:46:06 - __main__ - INFO - [2026-01-28 17:46:06] Status: NOT_READY | Text: '20260128174500012026012817450001' | Job: 1
2026-01-28 17:46:07 - keyence_client - INFO - Read marking text from 3 blocks
2026-01-28 17:46:07 - __main__ - INFO - [2026-01-28 17:46:07] Status: NOT_READY | Text: '20260128174500012026012817450001' | Job: 1
2026-01-28 17:46:09 - keyence_client - INFO - Read marking text from 3 blocks
2026-01-28 17:46:09 - __main__ - INFO - [2026-01-28 17:46:09] Status: NOT_READY | Text: '20260128174500012026012817450001' | Job: 1
2026-01-28 17:46:10 - keyence_client - INFO - Read marking text from 3 blocks
2026-01-28 17:46:10 - __main__ - INFO - [2026-01-28 17:46:10] Status: NOT_READY | Text: '20260128174500012026012817450001' | Job: 1
2026-01-28 17:46:11 - keyence_client - INFO - Read marking text from 3 blocks
2026-01-28 17:46:11 - __main__ - INFO - [2026-01-28 17:46:11] Status: NOT_READY | Text: '20260128174500012026012817450001' | Job: 1
2026-01-28 17:46:12 - keyence_client - INFO - Read marking text from 3 blocks
2026-01-28 17:46:12 - __main__ - INFO - [2026-01-28 17:46:12] Status: NOT_READY | Text: '20260128174500012026012817450001' | Job: 1
2026-01-28 17:46:13 - keyence_client - INFO - Read marking text from 3 blocks
2026-01-28 17:46:13 - __main__ - INFO - [2026-01-28 17:46:13] Status: NOT_READY | Text: '20260128174500012026012817450001' | Job: 1
2026-01-28 17:46:14 - keyence_client - INFO - Read marking text from 3 blocks
2026-01-28 17:46:14 - __main__ - INFO - [2026-01-28 17:46:14] Status: NOT_READY | Text: '20260128174500012026012817450001' | Job: 1
2026-01-28 17:46:15 - keyence_client - INFO - Read marking text from 3 blocks
2026-01-28 17:46:15 - __main__ - INFO - [2026-01-28 17:46:15] Status: NOT_READY | Text: '20260128174500012026012817450001' | Job: 1
2026-01-28 17:46:16 - keyence_client - INFO - Read marking text from 3 blocks
2026-01-28 17:46:16 - __main__ - INFO - [2026-01-28 17:46:16] Status: NOT_READY | Text: '20260128174500012026012817450001' | Job: 1
2026-01-28 17:46:17 - keyence_client - INFO - Read marking text from 3 blocks
2026-01-28 17:46:17 - __main__ - INFO - [2026-01-28 17:46:17] Status: NOT_READY | Text: '20260128174500012026012817450001' | Job: 1
2026-01-28 17:46:18 - keyence_client - INFO - Read marking text from 3 blocks
2026-01-28 17:46:18 - __main__ - INFO - [2026-01-28 17:46:18] Status: NOT_READY | Text: '20260128174500012026012817450001' | Job: 1
2026-01-28 17:46:19 - keyence_client - INFO - Read marking text from 3 blocks
2026-01-28 17:46:19 - __main__ - INFO - [2026-01-28 17:46:19] Status: NOT_READY | Text: '20260128174500012026012817450001' | Job: 1
2026-01-28 17:46:20 - keyence_client - INFO - Read marking text from 3 blocks
2026-01-28 17:46:20 - __main__ - INFO - [2026-01-28 17:46:20] Status: NOT_READY | Text: '20260128174500012026012817450001' | Job: 1
2026-01-28 17:46:21 - keyence_client - INFO - Read marking text from 3 blocks
2026-01-28 17:46:21 - __main__ - INFO - [2026-01-28 17:46:21] Status: NOT_READY | Text: '20260128174500012026012817450001' | Job: 1
2026-01-28 17:46:22 - __main__ - INFO - ============================================================
2026-01-28 17:46:22 - keyence_client - INFO - Read marking text from 3 blocks
2026-01-28 17:46:22 - __main__ - INFO -   Keyence MD-X2000 Laser Marker Communication Script
2026-01-28 17:46:22 - __main__ - INFO - ============================================================
2026-01-28 17:46:22 - keyence_client - INFO - Connecting to Keyence MD-X2000 at 192.168.1.9:50002
2026-01-28 17:46:22 - __main__ - INFO - [2026-01-28 17:46:22] Status: NOT_READY | Text: '20260128174500012026012817450001' | Job: 1
2026-01-28 17:46:22 - keyence_client - INFO - Successfully connected to Keyence MD-X2000
2026-01-28 17:46:22 - __main__ - INFO - Reading laser marker status...
2026-01-28 17:46:22 - __main__ - INFO - Status: NOT_READY
2026-01-28 17:46:22 - __main__ - INFO - Reading marking data...
2026-01-28 17:46:22 - keyence_client - INFO - Read marking text from 3 blocks
2026-01-28 17:46:22 - __main__ - INFO -   Status: NOT_READY
2026-01-28 17:46:22 - __main__ - INFO -   Marking Text: '20260128174500012026012817450001'
2026-01-28 17:46:22 - __main__ - INFO -   Job Number: 1
2026-01-28 17:46:22 - __main__ - INFO -   Blocks Read: 3
2026-01-28 17:46:22 - __main__ - INFO -   Block Details:
2026-01-28 17:46:22 - __main__ - INFO -     Block 1: '20260128'
2026-01-28 17:46:22 - __main__ - INFO -     Block 2: '17450001'
2026-01-28 17:46:22 - __main__ - INFO -     Block 3: '2026012817450001'
2026-01-28 17:46:22 - __main__ - WARNING - API endpoint not configured. Skipping API send.
2026-01-28 17:46:22 - __main__ - INFO - Configure API_ENDPOINT in config.py to enable API sending.
2026-01-28 17:46:22 - __main__ - INFO - 
==================================================
2026-01-28 17:46:22 - __main__ - INFO - Summary:
2026-01-28 17:46:22 - __main__ - INFO -   Status: NOT_READY
2026-01-28 17:46:22 - __main__ - INFO -   Marking Text: '20260128174500012026012817450001'
2026-01-28 17:46:22 - __main__ - INFO -   Job Number: 1
2026-01-28 17:46:22 - __main__ - INFO - ==================================================
2026-01-28 17:46:22 - keyence_client - INFO - Disconnected from Keyence MD-X2000
2026-01-28 17:46:22 - api_client - INFO - API client session closed
2026-01-28 17:46:23 - keyence_client - INFO - Read marking text from 3 blocks
2026-01-28 17:46:23 - __main__ - INFO - [2026-01-28 17:46:23] Status: NOT_READY | Text: '20260128174500012026012817450001' | Job: 1
2026-01-28 17:46:24 - keyence_client - INFO - Read marking text from 3 blocks
2026-01-28 17:46:24 - __main__ - INFO - [2026-01-28 17:46:24] Status: NOT_READY | Text: '20260128174500012026012817450001' | Job: 1
2026-01-28 17:46:25 - keyence_client - INFO - Read marking text from 3 blocks
2026-01-28 17:46:25 - __main__ - INFO - [2026-01-28 17:46:25] Status: NOT_READY | Text: '20260128174500012026012817450001' | Job: 1
2026-01-28 17:46:26 - keyence_client - INFO - Read marking text from 3 blocks
2026-01-28 17:46:26 - __main__ - INFO - [2026-01-28 17:46:26] Status: NOT_READY | Text: '20260128174500012026012817450001' | Job: 1
2026-01-28 17:46:27 - keyence_client - INFO - Read marking text from 3 blocks
2026-01-28 17:46:27 - __main__ - INFO - [2026-01-28 17:46:27] Status: NOT_READY | Text: '20260128174500012026012817450001' | Job: 1
2026-01-28 17:46:28 - keyence_client - INFO - Read marking text from 3 blocks
2026-01-28 17:46:28 - __main__ - INFO - [2026-01-28 17:46:28] Status: NOT_READY | Text: '20260128174500012026012817450001' | Job: 1
2026-01-28 17:46:29 - keyence_client - INFO - Read marking text from 3 blocks
2026-01-28 17:46:29 - __main__ - INFO - [2026-01-28 17:46:29] Status: NOT_READY | Text: '20260128174500012026012817450001' | Job: 1
2026-01-28 17:46:30 - keyence_client - INFO - Read marking text from 3 blocks
2026-01-28 17:46:30 - __main__ - INFO - [2026-01-28 17:46:30] Status: NOT_READY | Text: '20260128174500012026012817450001' | Job: 1
2026-01-28 17:46:31 - keyence_client - INFO - Read marking text from 3 blocks
2026-01-28 17:46:31 - __main__ - INFO - [2026-01-28 17:46:31] Status: NOT_READY | Text: '20260128174500012026012817450001' | Job: 1
2026-01-28 17:46:32 - keyence_client - INFO - Read marking text from 3 blocks
2026-01-28 17:46:32 - __main__ - INFO - [2026-01-28 17:46:32] Status: NOT_READY | Text: '20260128174500012026012817450001' | Job: 1
2026-01-28 17:46:33 - keyence_client - INFO - Read marking text from 3 blocks
2026-01-28 17:46:33 - __main__ - INFO - [2026-01-28 17:46:33] Status: NOT_READY | Text: '20260128174500012026012817450001' | Job: 1
2026-01-28 17:46:34 - keyence_client - INFO - Read marking text from 3 blocks
2026-01-28 17:46:34 - __main__ - INFO - [2026-01-28 17:46:34] Status: NOT_READY | Text: '20260128174500012026012817450001' | Job: 1
2026-01-28 17:46:35 - keyence_client - INFO - Read marking text from 3 blocks
2026-01-28 17:46:35 - __main__ - INFO - [2026-01-28 17:46:35] Status: NOT_READY | Text: '20260128174500012026012817450001' | Job: 1
2026-01-28 17:46:36 - keyence_client - INFO - Read marking text from 3 blocks
2026-01-28 17:46:36 - __main__ - INFO - [2026-01-28 17:46:36] Status: NOT_READY | Text: '20260128174500012026012817450001' | Job: 1
2026-01-28 17:46:37 - keyence_client - INFO - Read marking text from 3 blocks
2026-01-28 17:46:37 - __main__ - INFO - [2026-01-28 17:46:37] Status: NOT_READY | Text: '20260128174500012026012817450001' | Job: 1
2026-01-28 17:46:38 - keyence_client - INFO - Read marking text from 3 blocks
2026-01-28 17:46:38 - __main__ - INFO - [2026-01-28 17:46:38] Status: NOT_READY | Text: '20260128174500012026012817450001' | Job: 1
2026-01-28 17:46:39 - keyence_client - INFO - Read marking text from 3 blocks
2026-01-28 17:46:39 - __main__ - INFO - [2026-01-28 17:46:39] Status: NOT_READY | Text: '20260128174500012026012817450001' | Job: 1
2026-01-28 17:46:40 - keyence_client - INFO - Read marking text from 3 blocks
2026-01-28 17:46:40 - __main__ - INFO - [2026-01-28 17:46:40] Status: NOT_READY | Text: '20260128174500012026012817450001' | Job: 1
2026-01-28 17:46:41 - keyence_client - INFO - Read marking text from 3 blocks
2026-01-28 17:46:41 - __main__ - INFO - [2026-01-28 17:46:41] Status: NOT_READY | Text: '20260128174500012026012817450001' | Job: 1
2026-01-28 17:46:42 - keyence_client - INFO - Read marking text from 3 blocks
2026-01-28 17:46:42 - __main__ - INFO - [2026-01-28 17:46:42] Status: NOT_READY | Text: '20260128174500012026012817450001' | Job: 1
2026-01-28 17:46:43 - keyence_client - INFO - Read marking text from 3 blocks
2026-01-28 17:46:43 - __main__ - INFO - [2026-01-28 17:46:43] Status: NOT_READY | Text: '20260128174500012026012817450001' | Job: 1
2026-01-28 17:46:44 - keyence_client - INFO - Read marking text from 3 blocks
2026-01-28 17:46:44 - __main__ - INFO - [2026-01-28 17:46:44] Status: NOT_READY | Text: '20260128174500012026012817450001' | Job: 1
2026-01-28 17:46:45 - keyence_client - INFO - Read marking text from 3 blocks
2026-01-28 17:46:45 - __main__ - INFO - [2026-01-28 17:46:45] Status: NOT_READY | Text: '20260128174500012026012817450001' | Job: 1
2026-01-28 17:46:46 - keyence_client - INFO - Read marking text from 3 blocks
2026-01-28 17:46:46 - __main__ - INFO - [2026-01-28 17:46:46] Status: NOT_READY | Text: '20260128174500012026012817450001' | Job: 1
2026-01-28 17:46:47 - keyence_client - INFO - Read marking text from 3 blocks
2026-01-28 17:46:47 - __main__ - INFO - [2026-01-28 17:46:47] Status: NOT_READY | Text: '20260128174500012026012817450001' | Job: 1
2026-01-28 17:46:48 - keyence_client - INFO - Read marking text from 3 blocks
2026-01-28 17:46:48 - __main__ - INFO - [2026-01-28 17:46:48] Status: NOT_READY | Text: '20260128174500012026012817450001' | Job: 1
2026-01-28 17:46:49 - keyence_client - INFO - Read marking text from 3 blocks
2026-01-28 17:46:49 - __main__ - INFO - [2026-01-28 17:46:49] Status: NOT_READY | Text: '20260128174500012026012817450001' | Job: 1
2026-01-28 17:46:50 - keyence_client - INFO - Read marking text from 3 blocks
2026-01-28 17:46:50 - __main__ - INFO - [2026-01-28 17:46:50] Status: NOT_READY | Text: '20260128174500012026012817450001' | Job: 1
2026-01-28 17:46:51 - keyence_client - INFO - Read marking text from 3 blocks
2026-01-28 17:46:51 - __main__ - INFO - [2026-01-28 17:46:51] Status: NOT_READY | Text: '20260128174500012026012817450001' | Job: 1
2026-01-28 17:46:52 - keyence_client - INFO - Read marking text from 3 blocks
2026-01-28 17:46:52 - __main__ - INFO - [2026-01-28 17:46:52] Status: NOT_READY | Text: '20260128174500012026012817450001' | Job: 1
2026-01-28 17:46:53 - keyence_client - INFO - Read marking text from 3 blocks
2026-01-28 17:46:53 - __main__ - INFO - [2026-01-28 17:46:53] Status: NOT_READY | Text: '20260128174500012026012817450001' | Job: 1
2026-01-28 17:46:54 - keyence_client - INFO - Read marking text from 3 blocks
2026-01-28 17:46:54 - __main__ - INFO - [2026-01-28 17:46:54] Status: NOT_READY | Text: '20260128174500012026012817450001' | Job: 1
2026-01-28 17:46:55 - keyence_client - INFO - Read marking text from 3 blocks
2026-01-28 17:46:55 - __main__ - INFO - [2026-01-28 17:46:55] Status: NOT_READY | Text: '20260128174500012026012817450001' | Job: 1
2026-01-28 17:46:56 - keyence_client - INFO - Read marking text from 3 blocks
2026-01-28 17:46:56 - __main__ - INFO - [2026-01-28 17:46:56] Status: NOT_READY | Text: '20260128174500012026012817450001' | Job: 1
2026-01-28 17:46:57 - keyence_client - INFO - Read marking text from 3 blocks
2026-01-28 17:46:57 - __main__ - INFO - [2026-01-28 17:46:57] Status: NOT_READY | Text: '20260128174500012026012817450001' | Job: 1
2026-01-28 17:46:58 - keyence_client - INFO - Read marking text from 3 blocks
2026-01-28 17:46:58 - __main__ - INFO - [2026-01-28 17:46:58] Status: NOT_READY | Text: '20260128174500012026012817450001' | Job: 1
2026-01-28 17:46:59 - keyence_client - INFO - Read marking text from 3 blocks
2026-01-28 17:46:59 - __main__ - INFO - [2026-01-28 17:46:59] Status: NOT_READY | Text: '20260128174500012026012817450001' | Job: 1
2026-01-28 17:47:00 - keyence_client - INFO - Read marking text from 3 blocks
2026-01-28 17:47:00 - __main__ - INFO - [2026-01-28 17:47:00] Status: NOT_READY | Text: '20260128174500012026012817450001' | Job: 1
2026-01-28 17:47:01 - keyence_client - INFO - Read marking text from 3 blocks
2026-01-28 17:47:01 - __main__ - INFO - [2026-01-28 17:47:01] Status: NOT_READY | Text: '20260128174500012026012817450001' | Job: 1
2026-01-28 17:47:02 - keyence_client - INFO - Read marking text from 3 blocks
2026-01-28 17:47:02 - __main__ - INFO - [2026-01-28 17:47:02] Status: NOT_READY | Text: '20260128174500012026012817450001' | Job: 1
2026-01-28 17:47:03 - keyence_client - INFO - Read marking text from 3 blocks
2026-01-28 17:47:03 - __main__ - INFO - [2026-01-28 17:47:03] Status: NOT_READY | Text: '20260128174500012026012817450001' | Job: 1
2026-01-28 17:47:04 - keyence_client - INFO - Read marking text from 3 blocks
2026-01-28 17:47:04 - __main__ - INFO - [2026-01-28 17:47:04] Status: NOT_READY | Text: '20260128174500012026012817450001' | Job: 1
2026-01-28 17:47:05 - keyence_client - INFO - Read marking text from 3 blocks
2026-01-28 17:47:05 - __main__ - INFO - [2026-01-28 17:47:05] Status: NOT_READY | Text: '20260128174500012026012817450001' | Job: 1
2026-01-28 17:47:06 - keyence_client - INFO - Read marking text from 3 blocks
2026-01-28 17:47:06 - __main__ - INFO - [2026-01-28 17:47:06] Status: NOT_READY | Text: '20260128174500012026012817450001' | Job: 1
2026-01-28 17:47:07 - keyence_client - INFO - Read marking text from 3 blocks
2026-01-28 17:47:07 - __main__ - INFO - [2026-01-28 17:47:07] Status: NOT_READY | Text: '20260128174500012026012817450001' | Job: 1
2026-01-28 17:47:08 - keyence_client - INFO - Read marking text from 3 blocks
2026-01-28 17:47:08 - __main__ - INFO - [2026-01-28 17:47:08] Status: NOT_READY | Text: '20260128174500012026012817450001' | Job: 1
2026-01-28 17:47:09 - keyence_client - INFO - Read marking text from 3 blocks
2026-01-28 17:47:09 - __main__ - INFO - [2026-01-28 17:47:09] Status: NOT_READY | Text: '20260128174500012026012817450001' | Job: 1
2026-01-28 17:47:10 - keyence_client - INFO - Read marking text from 3 blocks
2026-01-28 17:47:10 - __main__ - INFO - [2026-01-28 17:47:10] Status: NOT_READY | Text: '20260128174500012026012817450001' | Job: 1
2026-01-28 17:47:12 - keyence_client - INFO - Read marking text from 3 blocks
2026-01-28 17:47:12 - __main__ - INFO - [2026-01-28 17:47:12] Status: NOT_READY | Text: '20260128174500012026012817450001' | Job: 1
2026-01-28 17:47:13 - keyence_client - INFO - Read marking text from 3 blocks
2026-01-28 17:47:13 - __main__ - INFO - [2026-01-28 17:47:13] Status: NOT_READY | Text: '20260128174500012026012817450001' | Job: 1
2026-01-28 17:47:14 - keyence_client - INFO - Read marking text from 3 blocks
2026-01-28 17:47:14 - __main__ - INFO - [2026-01-28 17:47:14] Status: NOT_READY | Text: '20260128174500012026012817450001' | Job: 1
2026-01-28 17:47:15 - keyence_client - INFO - Read marking text from 3 blocks
2026-01-28 17:47:15 - __main__ - INFO - [2026-01-28 17:47:15] Status: NOT_READY | Text: '20260128174500012026012817450001' | Job: 1
2026-01-28 17:47:16 - keyence_client - INFO - Read marking text from 3 blocks
2026-01-28 17:47:16 - __main__ - INFO - [2026-01-28 17:47:16] Status: NOT_READY | Text: '20260128174500012026012817450001' | Job: 1
2026-01-28 17:47:17 - keyence_client - INFO - Read marking text from 3 blocks
2026-01-28 17:47:17 - __main__ - INFO - [2026-01-28 17:47:17] Status: NOT_READY | Text: '20260128174500012026012817450001' | Job: 1
2026-01-28 17:47:18 - keyence_client - INFO - Read marking text from 3 blocks
2026-01-28 17:47:18 - __main__ - INFO - [2026-01-28 17:47:18] Status: NOT_READY | Text: '20260128174500012026012817450001' | Job: 1
2026-01-28 17:47:19 - keyence_client - INFO - Read marking text from 3 blocks
2026-01-28 17:47:19 - __main__ - INFO - [2026-01-28 17:47:19] Status: NOT_READY | Text: '20260128174500012026012817450001' | Job: 1
2026-01-28 17:47:20 - keyence_client - INFO - Read marking text from 3 blocks
2026-01-28 17:47:20 - __main__ - INFO - [2026-01-28 17:47:20] Status: NOT_READY | Text: '20260128174500012026012817450001' | Job: 1
2026-01-28 17:47:21 - keyence_client - INFO - Read marking text from 3 blocks
2026-01-28 17:47:21 - __main__ - INFO - [2026-01-28 17:47:21] Status: NOT_READY | Text: '20260128174500012026012817450001' | Job: 1
2026-01-28 17:47:22 - keyence_client - INFO - Read marking text from 3 blocks
2026-01-28 17:47:22 - __main__ - INFO - [2026-01-28 17:47:22] Status: NOT_READY | Text: '20260128174500012026012817450001' | Job: 1
2026-01-28 17:47:23 - keyence_client - INFO - Read marking text from 3 blocks
2026-01-28 17:47:23 - __main__ - INFO - [2026-01-28 17:47:23] Status: NOT_READY | Text: '20260128174500012026012817450001' | Job: 1
2026-01-28 17:47:24 - keyence_client - INFO - Read marking text from 3 blocks
2026-01-28 17:47:24 - __main__ - INFO - [2026-01-28 17:47:24] Status: NOT_READY | Text: '20260128174500012026012817450001' | Job: 1
2026-01-28 17:47:25 - keyence_client - INFO - Read marking text from 3 blocks
2026-01-28 17:47:25 - __main__ - INFO - [2026-01-28 17:47:25] Status: NOT_READY | Text: '20260128174500012026012817450001' | Job: 1
2026-01-28 17:47:26 - keyence_client - INFO - Read marking text from 3 blocks
2026-01-28 17:47:26 - __main__ - INFO - [2026-01-28 17:47:26] Status: NOT_READY | Text: '20260128174500012026012817450001' | Job: 1
2026-01-28 17:47:27 - keyence_client - INFO - Read marking text from 3 blocks
2026-01-28 17:47:27 - __main__ - INFO - [2026-01-28 17:47:27] Status: NOT_READY | Text: '20260128174500012026012817450001' | Job: 1
2026-01-28 17:47:28 - keyence_client - INFO - Read marking text from 3 blocks
2026-01-28 17:47:28 - __main__ - INFO - [2026-01-28 17:47:28] Status: NOT_READY | Text: '20260128174500012026012817450001' | Job: 1
2026-01-28 17:47:29 - keyence_client - INFO - Read marking text from 3 blocks
2026-01-28 17:47:29 - __main__ - INFO - [2026-01-28 17:47:29] Status: NOT_READY | Text: '20260128174500012026012817450001' | Job: 1
2026-01-28 17:47:30 - keyence_client - INFO - Read marking text from 3 blocks
2026-01-28 17:47:30 - __main__ - INFO - [2026-01-28 17:47:30] Status: NOT_READY | Text: '20260128174500012026012817450001' | Job: 1
2026-01-28 17:47:31 - keyence_client - INFO - Read marking text from 3 blocks
2026-01-28 17:47:31 - __main__ - INFO - [2026-01-28 17:47:31] Status: NOT_READY | Text: '20260128174500012026012817450001' | Job: 1
2026-01-28 17:47:32 - keyence_client - INFO - Read marking text from 3 blocks
2026-01-28 17:47:32 - __main__ - INFO - [2026-01-28 17:47:32] Status: NOT_READY | Text: '20260128174500012026012817450001' | Job: 1
2026-01-28 17:47:33 - keyence_client - INFO - Read marking text from 3 blocks
2026-01-28 17:47:33 - __main__ - INFO - [2026-01-28 17:47:33] Status: NOT_READY | Text: '20260128174500012026012817450001' | Job: 1
2026-01-28 17:47:34 - keyence_client - INFO - Read marking text from 3 blocks
2026-01-28 17:47:34 - __main__ - INFO - [2026-01-28 17:47:34] Status: NOT_READY | Text: '20260128174500012026012817450001' | Job: 1
2026-01-28 17:47:35 - keyence_client - INFO - Read marking text from 3 blocks
2026-01-28 17:47:35 - __main__ - INFO - [2026-01-28 17:47:35] Status: NOT_READY | Text: '20260128174500012026012817450001' | Job: 1
2026-01-28 17:47:36 - keyence_client - INFO - Read marking text from 3 blocks
2026-01-28 17:47:36 - __main__ - INFO - [2026-01-28 17:47:36] Status: NOT_READY | Text: '20260128174500012026012817450001' | Job: 1
2026-01-28 17:47:37 - keyence_client - INFO - Read marking text from 3 blocks
2026-01-28 17:47:37 - __main__ - INFO - [2026-01-28 17:47:37] Status: NOT_READY | Text: '20260128174500012026012817450001' | Job: 1
2026-01-28 17:47:38 - keyence_client - INFO - Read marking text from 3 blocks
2026-01-28 17:47:38 - __main__ - INFO - [2026-01-28 17:47:38] Status: NOT_READY | Text: '20260128174500012026012817450001' | Job: 1
2026-01-28 17:47:39 - keyence_client - INFO - Read marking text from 3 blocks
2026-01-28 17:47:39 - __main__ - INFO - [2026-01-28 17:47:39] Status: NOT_READY | Text: '20260128174500012026012817450001' | Job: 1
2026-01-28 17:47:40 - keyence_client - INFO - Read marking text from 3 blocks
2026-01-28 17:47:40 - __main__ - INFO - [2026-01-28 17:47:40] Status: NOT_READY | Text: '20260128174500012026012817450001' | Job: 1
2026-01-28 17:47:41 - keyence_client - INFO - Read marking text from 3 blocks
2026-01-28 17:47:41 - __main__ - INFO - [2026-01-28 17:47:41] Status: NOT_READY | Text: '20260128174500012026012817450001' | Job: 1
2026-01-28 17:47:42 - keyence_client - INFO - Read marking text from 3 blocks
2026-01-28 17:47:42 - __main__ - INFO - [2026-01-28 17:47:42] Status: NOT_READY | Text: '20260128174500012026012817450001' | Job: 1
2026-01-28 17:47:43 - keyence_client - INFO - Read marking text from 3 blocks
2026-01-28 17:47:43 - __main__ - INFO - [2026-01-28 17:47:43] Status: NOT_READY | Text: '20260128174500012026012817450001' | Job: 1
2026-01-28 17:47:44 - keyence_client - INFO - Read marking text from 3 blocks
2026-01-28 17:47:44 - __main__ - INFO - [2026-01-28 17:47:44] Status: NOT_READY | Text: '20260128174500012026012817450001' | Job: 1
2026-01-28 17:47:45 - keyence_client - INFO - Read marking text from 3 blocks
2026-01-28 17:47:45 - __main__ - INFO - [2026-01-28 17:47:45] Status: NOT_READY | Text: '20260128174500012026012817450001' | Job: 1
2026-01-28 17:47:46 - keyence_client - INFO - Read marking text from 3 blocks
2026-01-28 17:47:46 - __main__ - INFO - [2026-01-28 17:47:46] Status: NOT_READY | Text: '20260128174500012026012817450001' | Job: 1
2026-01-28 17:47:47 - keyence_client - INFO - Read marking text from 3 blocks
2026-01-28 17:47:47 - __main__ - INFO - [2026-01-28 17:47:47] Status: NOT_READY | Text: '20260128174500012026012817450001' | Job: 1
2026-01-28 17:47:48 - keyence_client - INFO - Read marking text from 3 blocks
2026-01-28 17:47:48 - __main__ - INFO - [2026-01-28 17:47:48] Status: NOT_READY | Text: '20260128174500012026012817450001' | Job: 1
2026-01-28 17:47:49 - keyence_client - INFO - Read marking text from 3 blocks
2026-01-28 17:47:49 - __main__ - INFO - [2026-01-28 17:47:49] Status: NOT_READY | Text: '20260128174500012026012817450001' | Job: 1
2026-01-28 17:47:50 - keyence_client - INFO - Read marking text from 3 blocks
2026-01-28 17:47:50 - __main__ - INFO - [2026-01-28 17:47:50] Status: NOT_READY | Text: '20260128174500012026012817450001' | Job: 1
2026-01-28 17:47:51 - keyence_client - INFO - Read marking text from 3 blocks
2026-01-28 17:47:51 - __main__ - INFO - [2026-01-28 17:47:51] Status: NOT_READY | Text: '20260128174500012026012817450001' | Job: 1
2026-01-28 17:47:52 - keyence_client - INFO - Read marking text from 3 blocks
2026-01-28 17:47:52 - __main__ - INFO - [2026-01-28 17:47:52] Status: NOT_READY | Text: '20260128174500012026012817450001' | Job: 1
2026-01-28 17:47:53 - keyence_client - INFO - Read marking text from 3 blocks
2026-01-28 17:47:53 - __main__ - INFO - [2026-01-28 17:47:53] Status: NOT_READY | Text: '20260128174500012026012817450001' | Job: 1
2026-01-28 17:47:54 - keyence_client - INFO - Read marking text from 3 blocks
2026-01-28 17:47:54 - __main__ - INFO - [2026-01-28 17:47:54] Status: NOT_READY | Text: '20260128174500012026012817450001' | Job: 1
2026-01-28 17:47:55 - keyence_client - INFO - Read marking text from 3 blocks
2026-01-28 17:47:55 - __main__ - INFO - [2026-01-28 17:47:55] Status: NOT_READY | Text: '20260128174500012026012817450001' | Job: 1
2026-01-28 17:47:56 - keyence_client - INFO - Read marking text from 3 blocks
2026-01-28 17:47:56 - __main__ - INFO - [2026-01-28 17:47:56] Status: NOT_READY | Text: '20260128174500012026012817450001' | Job: 1
2026-01-28 17:47:57 - keyence_client - INFO - Read marking text from 3 blocks
2026-01-28 17:47:57 - __main__ - INFO - [2026-01-28 17:47:57] Status: NOT_READY | Text: '20260128174500012026012817450001' | Job: 1
2026-01-28 17:47:58 - keyence_client - INFO - Read marking text from 3 blocks
2026-01-28 17:47:58 - __main__ - INFO - [2026-01-28 17:47:58] Status: NOT_READY | Text: '20260128174500012026012817450001' | Job: 1
2026-01-28 17:47:59 - keyence_client - INFO - Read marking text from 3 blocks
2026-01-28 17:47:59 - __main__ - INFO - [2026-01-28 17:47:59] Status: NOT_READY | Text: '20260128174500012026012817450001' | Job: 1
2026-01-28 17:48:00 - keyence_client - INFO - Read marking text from 3 blocks
2026-01-28 17:48:00 - __main__ - INFO - [2026-01-28 17:48:00] Status: NOT_READY | Text: '20260128174500012026012817450001' | Job: 1
2026-01-28 17:48:01 - keyence_client - INFO - Read marking text from 3 blocks
2026-01-28 17:48:01 - __main__ - INFO - [2026-01-28 17:48:01] Status: NOT_READY | Text: '20260128174500012026012817450001' | Job: 1
2026-01-28 17:48:02 - keyence_client - INFO - Read marking text from 3 blocks
2026-01-28 17:48:02 - __main__ - INFO - [2026-01-28 17:48:02] Status: NOT_READY | Text: '20260128174500012026012817450001' | Job: 1
2026-01-28 17:48:03 - keyence_client - INFO - Read marking text from 3 blocks
2026-01-28 17:48:03 - __main__ - INFO - [2026-01-28 17:48:03] Status: NOT_READY | Text: '20260128174500012026012817450001' | Job: 1
2026-01-28 17:48:04 - keyence_client - INFO - Read marking text from 3 blocks
2026-01-28 17:48:04 - __main__ - INFO - [2026-01-28 17:48:04] Status: NOT_READY | Text: '20260128174500012026012817450001' | Job: 1
2026-01-28 17:48:05 - keyence_client - INFO - Read marking text from 3 blocks
2026-01-28 17:48:05 - __main__ - INFO - [2026-01-28 17:48:05] Status: NOT_READY | Text: '20260128174500012026012817450001' | Job: 1
2026-01-28 17:48:06 - keyence_client - INFO - Read marking text from 3 blocks
2026-01-28 17:48:06 - __main__ - INFO - [2026-01-28 17:48:06] Status: NOT_READY | Text: '20260128174500012026012817450001' | Job: 1
2026-01-28 17:48:07 - keyence_client - INFO - Read marking text from 3 blocks
2026-01-28 17:48:07 - __main__ - INFO - [2026-01-28 17:48:07] Status: NOT_READY | Text: '20260128174500012026012817450001' | Job: 1
2026-01-28 17:48:08 - __main__ - ERROR - Keyence Error: Communication error: [WinError 10054] An existing connection was forcibly closed by the remote host
2026-01-28 17:48:08 - keyence_client - INFO - Disconnected from Keyence MD-X2000
2026-01-28 17:48:08 - __main__ - INFO - Attempting to reconnect (1/5)...
2026-01-28 17:48:10 - __main__ - INFO - Connecting to laser marker...
2026-01-28 17:48:10 - keyence_client - INFO - Connecting to Keyence MD-X2000 at 192.168.1.9:50002
2026-01-28 18:52:34 - __main__ - ERROR - Keyence Error: Connection timeout to 192.168.1.9:50002
2026-01-28 18:52:35 - keyence_client - INFO - Disconnected from Keyence MD-X2000
2026-01-28 18:52:35 - __main__ - INFO - Attempting to reconnect (2/5)...
2026-01-28 18:52:37 - __main__ - INFO - Connecting to laser marker...
2026-01-28 18:52:37 - keyence_client - INFO - Connecting to Keyence MD-X2000 at 192.168.1.9:50002
2026-01-28 18:52:47 - __main__ - ERROR - Keyence Error: Connection timeout to 192.168.1.9:50002
2026-01-28 18:52:47 - keyence_client - INFO - Disconnected from Keyence MD-X2000
2026-01-28 18:52:47 - __main__ - INFO - Attempting to reconnect (3/5)...
2026-01-28 18:52:49 - __main__ - INFO - Connecting to laser marker...
2026-01-28 18:52:49 - keyence_client - INFO - Connecting to Keyence MD-X2000 at 192.168.1.9:50002
2026-01-28 18:52:59 - __main__ - ERROR - Keyence Error: Connection timeout to 192.168.1.9:50002
2026-01-28 18:52:59 - keyence_client - INFO - Disconnected from Keyence MD-X2000
2026-01-28 18:52:59 - __main__ - INFO - Attempting to reconnect (4/5)...
2026-01-28 18:53:01 - __main__ - INFO - Connecting to laser marker...
2026-01-28 18:53:01 - keyence_client - INFO - Connecting to Keyence MD-X2000 at 192.168.1.9:50002
2026-01-28 18:53:11 - __main__ - ERROR - Keyence Error: Connection timeout to 192.168.1.9:50002
2026-01-28 18:53:11 - keyence_client - INFO - Disconnected from Keyence MD-X2000
2026-01-28 18:53:11 - __main__ - INFO - Attempting to reconnect (5/5)...
2026-01-28 18:53:13 - __main__ - INFO - Connecting to laser marker...
2026-01-28 18:53:13 - keyence_client - INFO - Connecting to Keyence MD-X2000 at 192.168.1.9:50002
2026-01-28 18:53:23 - __main__ - ERROR - Keyence Error: Connection timeout to 192.168.1.9:50002
2026-01-28 18:53:23 - keyence_client - INFO - Disconnected from Keyence MD-X2000
2026-01-28 18:53:23 - __main__ - ERROR - Max reconnection attempts reached. Stopping.
2026-01-28 18:53:23 - api_client - INFO - API client session closed
2026-01-28 18:53:23 - __main__ - INFO - Monitoring stopped.
2026-01-28 18:53:23 - api_client - INFO - API client session closed
